279	6.157490043638581	3.5169605541220337	18.12262000000001
279	6.148138200419565	3.510625017001269	18.12262000000001
279	6.1377347425000455	3.5052975563401585	18.12262000000001
279	6.126310721795993	3.5009508572084096	18.12262000000001
279	6.113897190223368	3.497557604675732	18.12262000000001
279	6.100525199698141	3.495090483811825	18.12262000000001
279	6.086225802136276	3.4935221796864	18.12262000000001
279	6.071030049453739	3.4928253773691638	18.12262000000001
279	6.054968993566496	3.4929727619298188	18.12262000000001
279	6.038073686390513	3.493937018438074	18.12262000000001
279	6.0203751798417535	3.4956908319636373	18.12262000000001
279	6.001904525836188	3.498206887576214	18.12262000000001
279	5.982692776289778	3.501457870345508	18.12262000000001
279	5.9627709831184905	3.50541646534123	18.12262000000001
279	5.942170198238294	3.5100553576330844	18.12262000000001
279	5.920921473565152	3.5153472322907744	18.12262000000001
279	5.899055861015032	3.5212647743840115	18.12262000000001
279	5.876604412503896	3.5277806689825013	18.12262000000001
279	5.853598179947715	3.53486760115595	18.12262000000001
279	5.830068215262452	3.54249825597406	18.12262000000001
279	5.8060455703640725	3.5506453185065423	18.12262000000001
279	5.781561297168546	3.559281473823101	18.12262000000001
279	5.756646447591834	3.5683794069934427	18.12262000000001
279	5.731332073549906	3.577911803087275	18.12262000000001
279	5.705649226958724	3.587851347174303	18.12262000000001
279	5.679628959734258	3.598170724324235	18.12262000000001
279	5.653302323792469	3.6088426196067767	18.12262000000001
279	5.62670037104933	3.619839718091632	18.12262000000001
279	5.5998541534208	3.6311347048485096	18.12262000000001
279	5.572794722822848	3.642700264947117	18.12262000000001
279	5.545553131171439	3.6545090834571594	18.12262000000001
279	5.518160430382541	3.666533845448342	18.12262000000001
279	5.490647672372116	3.6787472359903743	18.12262000000001
279	5.463045909056135	3.691121940152958	18.12262000000001
279	5.435386192350559	3.703630643005804	18.12262000000001
279	5.407699574171357	3.716246029618617	18.12262000000001
279	5.380017106434495	3.7289407850611	18.12262000000001
279	5.352369841055937	3.741687594402965	18.12262000000001
279	5.324788829951649	3.754459142713917	18.12262000000001
279	5.297305125037597	3.767228115063662	18.12262000000001
279	5.2699497782297495	3.779967196521904	18.12262000000001
279	5.242753841444069	3.792649072158353	18.12262000000001
279	5.215748366596523	3.8052464270427135	18.12262000000001
279	5.188964405603079	3.817731946244691	18.12262000000001
279	5.162433010379698	3.830078314833997	18.12262000000001
279	5.13618523284235	3.842258217880328	18.12262000000001
279	5.1102466257448365	3.854249590985628	18.12262000000001
279	5.084617491692886	3.866054478281856	18.12262000000001
279	5.05929089056002	3.877681839172385	18.12262000000001
279	5.034259881606448	3.889140633646168	18.12262000000001
279	5.009517524092375	3.9004398216921623	18.12262000000001
279	4.9850568772780095	3.911588363299325	18.12262000000001
279	4.960871000423557	3.922595218456608	18.12262000000001
279	4.936952952789225	3.933469347152972	18.12262000000001
279	4.91329579363522	3.944219709377371	18.12262000000001
279	4.889892582221749	3.954855265118762	18.12262000000001
279	4.866736377809018	3.9653849743660974	18.12262000000001
279	4.843820239657238	3.9758177971083386	18.12262000000001
279	4.821137227026609	3.986162693334438	18.12262000000001
279	4.798680399177344	3.9964286230333546	18.12262000000001
279	4.776442815369647	4.006624546194041	18.12262000000001
279	4.754417534863723	4.016759422805455	18.12262000000001
279	4.732597616919783	4.026842212856552	18.12262000000001
279	4.710976120798032	4.036881876336289	18.12262000000001
279	4.6895461057586765	4.046887373233622	18.12262000000001
279	4.668300631061923	4.056867663537506	18.12262000000001
279	4.647232755967979	4.066831707236897	18.12262000000001
279	4.6263355397370525	4.076788464320752	18.12262000000001
279	4.605602041629349	4.086746894778026	18.12262000000001
279	4.585025320905075	4.0967159585976765	18.12262000000001
279	4.564598436824438	4.106704615768659	18.12262000000001
279	4.544314448647646	4.116721826279928	18.12262000000001
279	4.524166415634904	4.126776550120439	18.12262000000001
279	4.5041473970464185	4.136877747279153	18.12262000000001
279	4.484250452142399	4.147034377745022	18.12262000000001
279	4.464468640183049	4.157255401507002	18.12262000000001
279	4.444795020428578	4.16754977855405	18.12262000000001
279	4.425222652139191	4.177926468875121	18.12262000000001
279	4.405744594575097	4.188394432459174	18.12262000000001
279	4.386353906996503	4.19896262929516	18.12262000000001
279	4.367043648663612	4.20964001937204	18.12262000000001
279	4.347806878836634	4.220435562678768	18.12262000000001
279	4.328636656775776	4.231358219204298	18.12262000000001
279	4.309526041741244	4.242416948937589	18.12262000000001
279	4.290468092993246	4.253620711867595	18.12262000000001
279	4.2714558697919855	4.2649784679832745	18.12262000000001
279	4.252482431397673	4.276499177273583	18.12262000000001
279	4.233540837070514	4.288191799727473	18.12262000000001
279	4.214624146070715	4.300065295333905	18.12262000000001
279	4.195725417658484	4.312128624081833	18.12262000000001
279	4.176837711094026	4.324390745960212	18.12262000000001
279	4.15795408563755	4.336860620958	18.12262000000001
279	4.139068522697079	4.349544290542625	18.12262000000001
279	4.120179013053304	4.362435106848819	18.12262000000001
279	4.101284636878994	4.375522974175544	18.12262000000001
279	4.0823844743684425	4.388797796753644	18.12262000000001
279	4.063477605715939	4.402249478813965	18.12262000000001
279	4.044563111115778	4.415867924587349	18.12262000000001
279	4.025640070762249	4.429643038304643	18.12262000000001
279	4.006707564849644	4.44356472419669	18.12262000000001
279	3.987764673572257	4.457622886494333	18.12262000000001
279	3.968810477124376	4.471807429428417	18.12262000000001
279	3.949844055700295	4.486108257229789	18.12262000000001
279	3.930864489494304	4.500515274129291	18.12262000000001
279	3.911870858700698	4.515018384357767	18.12262000000001
279	3.8928622435137656	4.529607492146061	18.12262000000001
279	3.8738377241278	4.544272501725018	18.12262000000001
279	3.854796380737096	4.559003317325484	18.12262000000001
279	3.8357372935359377	4.573789843178301	18.12262000000001
279	3.816659542718624	4.5886219835143125	18.12262000000001
279	3.797562208479443	4.603489642564366	18.12262000000001
279	3.778444371012687	4.618382724559303	18.12262000000001
279	3.759305110512649	4.63329113372997	18.12262000000001
279	3.7401435071736193	4.64820477430721	18.12262000000001
279	3.72095864118989	4.663113550521867	18.12262000000001
279	3.701749592755754	4.678007366604786	18.12262000000001
279	3.6825154420655015	4.692876126786812	18.12262000000001
279	3.663255269313425	4.707709735298787	18.12262000000001
279	3.643968154693817	4.722498096371557	18.12262000000001
279	3.624653178400968	4.737231114235966	18.12262000000001
279	3.6053094206291703	4.751898693122859	18.12262000000001
279	3.585935961572715	4.766490737263079	18.12262000000001
279	3.566531881425895	4.780997150887472	18.12262000000001
279	3.547096260383	4.79540783822688	18.12262000000001
279	3.527628178638325	4.809712703512149	18.12262000000001
279	3.508126716386158	4.823901650974124	18.12262000000001
279	3.488590953820794	4.837964584843646	18.12262000000001
279	3.4690199711365235	4.851891409351563	18.12262000000001
279	3.4494128485276363	4.865672028728719	18.12262000000001
279	3.429768666188428	4.879296347205955	18.12262000000001
279	3.4100865043131883	4.892754269014118	18.12262000000001
279	3.390365443096208	4.90603569838405	18.12262000000001
279	3.37060456273178	4.919130539546601	18.12262000000001
279	3.3508029434141977	4.932028696732608	18.12262000000001
279	3.3309596653377485	4.9447200741729205	18.12262000000001
279	3.311073808696728	4.95719457609838	18.12262000000001
279	3.291144453685426	4.969442106739831	18.12262000000001
279	3.271170680498136	4.98145257032812	18.12262000000001
279	3.251151583838988	4.993216033848575	18.12262000000001
279	3.231086945348679	5.004730269540859	18.12262000000001
279	3.210977517426122	5.016003938479763	18.12262000000001
279	3.1908241258812478	5.027046525179291	18.12262000000001
279	3.17062759652398	5.037867514153444	18.12262000000001
279	3.1503887551642435	5.048476389916223	18.12262000000001
279	3.1301084276119666	5.058882636981631	18.12262000000001
279	3.1097874396770755	5.069095739863665	18.12262000000001
279	3.0894266171694955	5.079125183076332	18.12262000000001
279	3.069026785899151	5.088980451133634	18.12262000000001
279	3.0485887716759708	5.098671028549566	18.12262000000001
279	3.028113400309879	5.108206399838136	18.12262000000001
279	3.0076014976108034	5.117596049513342	18.12262000000001
279	2.987053889388669	5.1268494620891865	18.12262000000001
279	2.966471401453401	5.135976122079672	18.12262000000001
279	2.9458548596149283	5.144985513998799	18.12262000000001
279	2.925205089683174	5.153887122360569	18.12262000000001
279	2.9045229174680656	5.162690431678982	18.12262000000001
279	2.8838091687795284	5.171404926468044	18.12262000000001
279	2.863064669427491	5.180040091241752	18.12262000000001
279	2.8422902452218763	5.188605410514109	18.12262000000001
279	2.821486721972612	5.197110368799118	18.12262000000001
279	2.800654925489624	5.205564450610778	18.12262000000001
279	2.7797956815828373	5.2139771404630935	18.12262000000001
279	2.75890981606218	5.222357922870062	18.12262000000001
279	2.7379981547375767	5.230716282345689	18.12262000000001
279	2.717061523418953	5.239061703403974	18.12262000000001
279	2.6961007479162378	5.247403670558917	18.12262000000001
279	2.6751166540393547	5.255751668324525	18.12262000000001
279	2.65411006759823	5.264115181214793	18.12262000000001
279	2.63308181440279	5.272503693743729	18.12262000000001
279	2.612032720262961	5.2809266904253285	18.12262000000001
279	2.59096361098867	5.289393655773595	18.12262000000001
279	2.569875312389841	5.297914074302531	18.12262000000001
279	2.548768650276401	5.306497430526137	18.12262000000001
279	2.527644450458277	5.315153208958417	18.12262000000001
279	2.5065035387453944	5.323890894113369	18.12262000000001
279	2.4853467409476786	5.332719970504996	18.12262000000001
279	2.464174882875057	5.341649922647301	18.12262000000001
279	2.442988790337456	5.350690235054282	18.12262000000001
279	2.4217892891447987	5.359850392239945	18.12262000000001
279	2.4005772051070133	5.36913987871829	18.12262000000001
279	2.379353364034027	5.378568179003315	18.12262000000001
279	2.3581185917357645	5.388144777609025	18.12262000000001
279	2.3368737140221514	5.397879159049422	18.12262000000001
279	2.315619556703114	5.407780807838506	18.12262000000001
279	2.29435694558858	5.417859208490278	18.12262000000001
279	2.2730867064884737	5.428123845518742	18.12262000000001
279	2.2518096652127224	5.438584203437896	18.12262000000001
279	2.23052664757125	5.449249766761744	18.12262000000001
279	2.209238479373985	5.460130020004288	18.12262000000001
279	2.187945986430854	5.471234447679527	18.12262000000001
279	2.1666499945517805	5.482572534301465	18.12262000000001
279	2.1453513295466915	5.494153764384103	18.12262000000001
279	2.124050817225514	5.505987622441442	18.12262000000001
279	2.1027492833981736	5.518083592987482	18.12262000000001
279	2.081447553874596	5.530451160536228	18.12262000000001
279	2.060146454464708	5.543099809601678	18.12262000000001
279	2.038846810978434	5.556039024697835	18.12262000000001
279	2.0175494492257022	5.569278290338703	18.12262000000001
279	1.9962551950164376	5.58282709103828	18.12262000000001
279	1.9749648741605663	5.596694911310568	18.12262000000001
279	1.9536793124680152	5.610891235669571	18.12262000000001
279	1.9323993357487093	5.625425548629286	18.12262000000001
279	1.911125769812576	5.64030733470372	18.12262000000001
279	1.8898594404695397	5.65554607840687	18.12262000000001
279	1.868601173529527	5.67115126425274	18.12262000000001
279	1.847351794802465	5.687132376755331	18.12262000000001
279	1.8261121300982783	5.703498900428645	18.12262000000001
279	1.8048830052268952	5.720260319786682	18.12262000000001
279	1.783665245998239	5.737426119343445	18.12262000000001
279	1.7624596782222384	5.755005783612933	18.12262000000001
279	1.7412671277088176	5.773008797109151	18.12262000000001
279	1.7200884202679032	5.7914446443461	18.12262000000001
279	1.6989243817094213	5.81032280983778	18.12262000000001
279	1.677775837843298	5.829652778098193	18.12262000000001
279	1.6566436144794603	5.84944403364134	18.12262000000001
279	1.6355325526077429	5.869701804657168	18.12262000000001
279	1.6144804585329324	5.89039637418591	18.12262000000001
279	1.5935413073497204	5.911480885410811	18.12262000000001
279	1.5727691855350168	5.932908363443496	18.12262000000001
279	1.5522181795657324	5.954631833395583	18.12262000000001
279	1.531942375918779	5.9766043203786925	18.12262000000001
279	1.5119958610710669	5.998778849504445	18.12262000000001
279	1.492432721499507	6.02110844588446	18.12262000000001
279	1.4733070436810092	6.043546134630358	18.12262000000001
279	1.4546729140924868	6.066044940853759	18.12262000000001
279	1.4365844192108486	6.088557889666285	18.12262000000001
279	1.4190956455130057	6.111038006179555	18.12262000000001
279	1.4022606794758692	6.13343831550519	18.12262000000001
279	1.3861336075763502	6.15571184275481	18.12262000000001
279	1.3707685162913594	6.177811613040034	18.12262000000001
279	1.3562194920978077	6.199690651472484	18.12262000000001
279	1.3425406214726054	6.22130198316378	18.12262000000001
279	1.329785990892664	6.242598633225541	18.12262000000001
279	1.3180096868348945	6.263533626769389	18.12262000000001
279	1.3072657957762066	6.284059988906944	18.12262000000001
279	1.297608404193512	6.304130744749825	18.12262000000001
279	1.2890915985637217	6.323698919409655	18.12262000000001
279	1.2817694653637464	6.34271753799805	18.12262000000001
279	1.275696091070497	6.361139625626634	18.12262000000001
279	1.270925562160884	6.378918207407025	18.12262000000001
279	1.2675119651118187	6.396006308450845	18.12262000000001
279	1.2655093864002112	6.412356953869715	18.12262000000001
279	1.264971912502973	6.427923168775254	18.12262000000001
279	1.265953629897015	6.4426579782790805	18.12262000000001
279	1.268508625059248	6.4565144074928185	18.12262000000001
279	1.2726857518226748	6.469448990893327	18.12262000000001
279	1.2784740331000355	6.481458389623003	18.12262000000001
279	1.285824360137524	6.492564838501249	18.12262000000001
279	1.2946870093930278	6.50279098466612	18.12262000000001
279	1.3050122573244332	6.5121594752556815	18.12262000000001
279	1.3167503803896263	6.52069295740799	18.12262000000001
279	1.3298516550464945	6.528414078261108	18.12262000000001
279	1.3442663577529232	6.535345484953091	18.12262000000001
279	1.3599447649668	6.541509824622003	18.12262000000001
279	1.3768371531460113	6.546929744405902	18.12262000000001
279	1.3948937987484435	6.551627891442847	18.12262000000001
279	1.4140649782319836	6.555626912870901	18.12262000000001
279	1.434300968054517	6.558949455828121	18.12262000000001
279	1.4555520446739314	6.561618167452568	18.12262000000001
279	1.4777684845481132	6.5636556948823	18.12262000000001
279	1.5009005641349482	6.56508468525538	18.12262000000001
279	1.524898559892324	6.5659277857098655	18.12262000000001
279	1.5497127482781266	6.566207643383818	18.12262000000001
279	1.5752934057502426	6.565946905415296	18.12262000000001
279	1.6015908087665585	6.565168218942359	18.12262000000001
279	1.6285552337849611	6.563894231103069	18.12262000000001
279	1.656136957263337	6.562147589035483	18.12262000000001
279	1.6842862556595724	6.559950939877664	18.12262000000001
279	1.7129534054315545	6.557326930767669	18.12262000000001
279	1.7420886830371691	6.55429820884356	18.12262000000001
279	1.7716423649343036	6.550887421243395	18.12262000000001
279	1.801564727580844	6.547117215105235	18.12262000000001
279	1.831806047434677	6.54301023756714	18.12262000000001
279	1.8623166009536885	6.53858913576717	18.12262000000001
279	1.8930466645957664	6.533876556843383	18.12262000000001
279	1.9239465148187969	6.5288951479338415	18.12262000000001
279	1.954966428080665	6.523667556176603	18.12262000000001
279	1.986056680839259	6.518216428709729	18.12262000000001
279	2.017167549552465	6.512564412671278	18.12262000000001
279	2.0482493106781705	6.506734155199311	18.12262000000001
279	2.0792522406742604	6.500748303431887	18.12262000000001
279	2.1101266159986225	6.494629504507067	18.12262000000001
279	2.140822713109143	6.48840040556291	18.12262000000001
279	2.171290808463707	6.482083653737476	18.12262000000001
279	2.2014811785202038	6.475701896168825	18.12262000000001
279	2.231344099736517	6.469277779995016	18.12262000000001
279	2.2608298485705363	6.46283395235411	18.12262000000001
279	2.2898920843815573	6.456391609664304	18.12262000000001
279	2.318519971213981	6.449956722552196	18.12262000000001
279	2.346723886329104	6.443526164590896	18.12262000000001
279	2.3745144917091325	6.437096687254096	18.12262000000001
279	2.4019024493362644	6.430665042015493	18.12262000000001
279	2.4288984211927005	6.424227980348782	18.12262000000001
279	2.455513069260641	6.417782253727661	18.12262000000001
279	2.48175705552229	6.411324613625823	18.12262000000001
279	2.507641041959845	6.404851811516966	18.12262000000001
279	2.5331756905555083	6.3983605988747865	18.12262000000001
279	2.558371663291481	6.391847727172977	18.12262000000001
279	2.583239622149963	6.385309947885237	18.12262000000001
279	2.6077902291131565	6.37874401248526	18.12262000000001
279	2.632034146163262	6.372146672446742	18.12262000000001
279	2.6559820352824794	6.365514679243379	18.12262000000001
279	2.67964455845301	6.358844784348868	18.12262000000001
279	2.7030323776570566	6.352133739236905	18.12262000000001
279	2.7261561548768185	6.345378295381183	18.12262000000001
279	2.749026552094495	6.338575204255401	18.12262000000001
279	2.77165423129229	6.331721217333252	18.12262000000001
279	2.794049854452404	6.324813086088434	18.12262000000001
279	2.816224083557035	6.317847561994643	18.12262000000001
279	2.838187580588387	6.310821396525574	18.12262000000001
279	2.85995100752866	6.303731341154922	18.12262000000001
279	2.881525026360054	6.296574147356384	18.12262000000001
279	2.902920299064772	6.289346566603655	18.12262000000001
279	2.9241474876250124	6.282045350370432	18.12262000000001
279	2.945217254022979	6.27466725013041	18.12262000000001
279	2.966140260240868	6.267209017357285	18.12262000000001
279	2.9869271682608867	6.259667403524752	18.12262000000001
279	3.00758864006523	6.252039160106509	18.12262000000001
279	3.0281353376361024	6.24432103857625	18.12262000000001
279	3.0485779229557037	6.236509790407672	18.12262000000001
279	3.068927058006235	6.2286021670744685	18.12262000000001
279	3.089193404769897	6.220594920050339	18.12262000000001
279	3.1093876252288912	6.212484800808976	18.12262000000001
279	3.1295203813654173	6.204268560824078	18.12262000000001
279	3.1496023351616764	6.195942951569338	18.12262000000001
279	3.1696441485998714	6.187504724518454	18.12262000000001
279	3.1896564836622017	6.1789506311451206	18.12262000000001
279	3.2096500023308665	6.170277422923035	18.12262000000001
279	3.229635366588071	6.161481851325892	18.12262000000001
279	3.249623238416012	6.152560667827387	18.12262000000001
279	3.2696242797968926	6.143510623901217	18.12262000000001
279	3.2896491527129115	6.134328471021078	18.12262000000001
279	3.309708519146273	6.125010960660665	18.12262000000001
279	3.329813041079176	6.115554844293674	18.12262000000001
279	3.3499733804938203	6.105956873393801	18.12262000000001
279	3.370199884640985	6.096213983291602	18.12262000000001
279	3.390496329714031	6.08632694793652	18.12262000000001
279	3.4108602717200336	6.076300174928271	18.12262000000001
279	3.4312890221751275	6.066138214690999	18.12262000000001
279	3.451779892595445	6.055845617648853	18.12262000000001
279	3.472330194497116	6.04542693422598	18.12262000000001
279	3.4929372393962748	6.03488671484653	18.12262000000001
279	3.5135983388090524	6.024229509934646	18.12262000000001
279	3.5343108042515805	6.0134598699144775	18.12262000000001
279	3.555071947239993	6.002582345210174	18.12262000000001
279	3.5758790792904187	5.991601486245882	18.12262000000001
279	3.596729511918993	5.980521843445748	18.12262000000001
279	3.6176205566418473	5.9693479672339205	18.12262000000001
279	3.63854952497511	5.958084408034548	18.12262000000001
279	3.659513728434918	5.946735716271776	18.12262000000001
279	3.680510478537401	5.935306442369754	18.12262000000001
279	3.7015370867986905	5.923801136752629	18.12262000000001
279	3.72259086473492	5.912224349844549	18.12262000000001
279	3.7436691238622206	5.9005806320696585	18.12262000000001
279	3.7647691756967263	5.888874533852109	18.12262000000001
279	3.785888331754566	5.877110605616046	18.12262000000001
279	3.807023903551874	5.865293397785619	18.12262000000001
279	3.828173202604783	5.853427460784973	18.12262000000001
279	3.849333540429423	5.841517345038257	18.12262000000001
279	3.8705022285419246	5.829567600969619	18.12262000000001
279	3.891676578458424	5.817582779003206	18.12262000000001
279	3.912853901695052	5.805567429563165	18.12262000000001
279	3.934031509767939	5.793526103073644	18.12262000000001
279	3.955206714193217	5.781463349958792	18.12262000000001
279	3.976376826487022	5.769383720642754	18.12262000000001
279	3.997539158165481	5.75729176554968	18.12262000000001
279	4.018691020744728	5.745192035103717	18.12262000000001
279	4.039829725740897	5.733089079729011	18.12262000000001
279	4.060952584670115	5.72098744984971	18.12262000000001
279	4.082056909048521	5.708891695889964	18.12262000000001
279	4.103140010392242	5.696806368273919	18.12262000000001
279	4.124199200217411	5.684736017425721	18.12262000000001
279	4.14523179004016	5.672685193769519	18.12262000000001
279	4.166235091376624	5.660658447729461	18.12262000000001
279	4.18720641574293	5.648660329729695	18.12262000000001
279	4.208143074655214	5.636695390194368	18.12262000000001
279	4.229042379629606	5.624768179547627	18.12262000000001
279	4.2499016421822375	5.61288324821362	18.12262000000001
279	4.270718173829244	5.601045146616493	18.12262000000001
279	4.291489286086754	5.589258425180398	18.12262000000001
279	4.312212290470901	5.577527634329478	18.12262000000001
279	4.332884498497818	5.565857324487883	18.12262000000001
279	4.353503221683635	5.55425204607976	18.12262000000001
279	4.374065771544487	5.542716349529255	18.12262000000001
279	4.394569459596502	5.531254785260519	18.12262000000001
279	4.415011597355814	5.519871903697696	18.12262000000001
279	4.435389496338556	5.508572255264937	18.12262000000001
279	4.455700468060859	5.497360390386387	18.12262000000001
279	4.475942149944865	5.486239861648549	18.12262000000001
279	4.496115035685025	5.475205476490685	18.12262000000001
279	4.516221098037365	5.4642475138583535	18.12262000000001
279	4.536262322234006	5.453356214498584	18.12262000000001
279	4.556240693507086	5.442521819158392	18.12262000000001
279	4.576158197088732	5.431734568584812	18.12262000000001
279	4.596016818211073	5.420984703524862	18.12262000000001
279	4.615818542106236	5.4102624647255695	18.12262000000001
279	4.635565354006356	5.39955809293396	18.12262000000001
279	4.655259239143561	5.388861828897057	18.12262000000001
279	4.674902182749982	5.3781639133618855	18.12262000000001
279	4.694496170057744	5.3674545870754695	18.12262000000001
279	4.714043186298981	5.356724090784836	18.12262000000001
279	4.733545216705824	5.345962665237005	18.12262000000001
279	4.753004246510399	5.335160551179007	18.12262000000001
279	4.772422260944837	5.324307989357864	18.12262000000001
279	4.791801245241268	5.313395220520601	18.12262000000001
279	4.811143184631823	5.3024124854142425	18.12262000000001
279	4.83045006434863	5.291350024785814	18.12262000000001
279	4.849723869623821	5.280198079382338	18.12262000000001
279	4.868966585689523	5.268946889950842	18.12262000000001
279	4.888180197777868	5.257586697238351	18.12262000000001
279	4.907366691120985	5.246107741991887	18.12262000000001
279	4.926528050951003	5.234500264958476	18.12262000000001
279	4.945666262500054	5.222754506885144	18.12262000000001
279	4.964783311000265	5.210860708518913	18.12262000000001
279	4.983881181683768	5.198809110606812	18.12262000000001
279	5.002961859782692	5.1865899538958615	18.12262000000001
279	5.022027330529166	5.1741934791330895	18.12262000000001
279	5.041079579155321	5.161609927065519	18.12262000000001
279	5.060120590893287	5.148829538440174	18.12262000000001
279	5.079152350975192	5.13584255400408	18.12262000000001
279	5.098176844633168	5.1226392145042645	18.12262000000001
279	5.117196057099343	5.109209760687748	18.12262000000001
279	5.136211973605849	5.095544433301558	18.12262000000001
279	5.155226579384813	5.081633473092715	18.12262000000001
279	5.174241859668366	5.067467120808251	18.12262000000001
279	5.19325979968864	5.053035617195186	18.12262000000001
279	5.212282384677761	5.038329203000544	18.12262000000001
279	5.231311599867861	5.023338118971353	18.12262000000001
279	5.2503494304910685	5.008052605854636	18.12262000000001
279	5.269397861779515	4.992462904397416	18.12262000000001
279	5.288458878965331	4.9765592553467215	18.12262000000001
279	5.307534467280642	4.960331899449574	18.12262000000001
279	5.326626611957583	4.943771077453	18.12262000000001
279	5.345737298228277	4.9268670301040265	18.12262000000001
279	5.364868511324861	4.909609998149673	18.12262000000001
279	5.384022236479463	4.891990222336967	18.12262000000001
279	5.403200458924211	4.873997943412933	18.12262000000001
279	5.422405163891236	4.855623402124595	18.12262000000001
279	5.441638336612667	4.836856839218981	18.12262000000001
279	5.460901962320633	4.817688495443113	18.12262000000001
279	5.480198026247265	4.798108611544016	18.12262000000001
279	5.499528513624693	4.778107428268713	18.12262000000001
279	5.518895409685047	4.757675186364232	18.12262000000001
279	5.538300699660456	4.736802126577596	18.12262000000001
279	5.557746368783051	4.715478489655832	18.12262000000001
279	5.57723440228496	4.6936945163459605	18.12262000000001
279	5.596765838426387	4.671442011820933	18.12262000000001
279	5.616329144035961	4.648733549634362	18.12262000000001
279	5.63590386571906	4.625596439815268	18.12262000000001
279	5.655469360406057	4.602058305741433	18.12262000000001
279	5.675004985027333	4.578146770790638	18.12262000000001
279	5.694490096513261	4.553889458340668	18.12262000000001
279	5.713904051794225	4.529313991769305	18.12262000000001
279	5.733226207800597	4.50444799445433	18.12262000000001
279	5.752435921462757	4.479319089773528	18.12262000000001
279	5.7715125497110815	4.453954901104678	18.12262000000001
279	5.790435449475951	4.4283830518255645	18.12262000000001
279	5.809183977687739	4.402631165313973	18.12262000000001
279	5.827737491276824	4.376726864947679	18.12262000000001
279	5.846075347173585	4.350697774104471	18.12262000000001
279	5.864176902308398	4.32457151616213	18.12262000000001
279	5.882021513611641	4.298375714498436	18.12262000000001
279	5.899588538013695	4.272137992491175	18.12262000000001
279	5.9168573324449305	4.245885973518129	18.12262000000001
279	5.933807253835732	4.219647280957077	18.12262000000001
279	5.950417659116473	4.193449538185805	18.12262000000001
279	5.966667905217532	4.167320368582094	18.12262000000001
279	5.98253734906929	4.141287395523727	18.12262000000001
279	5.998005347602117	4.115378242388486	18.12262000000001
279	6.013051257746395	4.089620532554157	18.12262000000001
279	6.027654436432504	4.064041889398516	18.12262000000001
279	6.041794240590817	4.038669936299351	18.12262000000001
279	6.055450027151714	4.013532296634442	18.12262000000001
279	6.068601153045573	3.9886565937815712	18.12262000000001
279	6.08122697520277	3.9640704511185207	18.12262000000001
279	6.093306850553682	3.939801492023076	18.12262000000001
279	6.104820136028689	3.915877339873018	18.12262000000001
279	6.115746188558166	3.892325618046128	18.12262000000001
279	6.1260643650724935	3.8691739499201896	18.12262000000001
279	6.135754022502045	3.846449958872985	18.12262000000001
279	6.1447945177772	3.8241812682823	18.12262000000001
279	6.15316520782834	3.802395501525909	18.12262000000001
279	6.160845449585836	3.781120281981603	18.12262000000001
279	6.167814599980071	3.7603832330271576	18.12262000000001
279	6.1740520159414185	3.74021197804036	18.12262000000001
279	6.1795370544002575	3.720634140398992	18.12262000000001
279	6.184249072286967	3.701677343480836	18.12262000000001
279	6.188167426531921	3.683369210663673	18.12262000000001
279	6.191271474065502	3.6657373653252856	18.12262000000001
279	6.193540571818082	3.6488094308434578	18.12262000000001
279	6.194954076720043	3.6326130305959694	18.12262000000001
279	6.195491345701762	3.617175787960608	18.12262000000001
279	6.1951317356936135	3.6025253263151527	18.12262000000001
279	6.1938546036259785	3.5886892690373857	18.12262000000001
279	6.1916393064292325	3.5756952395050883	18.12262000000001
279	6.188465201033752	3.563570861096048	18.12262000000001
279	6.184311644369919	3.5523437571880425	18.12262000000001
279	6.179157993368106	3.542041551158856	18.12262000000001
279	6.172983604958696	3.532691866386269	18.12262000000001
279	6.165767836072059	3.52432232624807	18.12262000000001
279	6.15749004363858	3.5169605541220355	18.12262000000001
300	2.011296930312601	5.910291538237031	19.525640000000013
300	2.0060651147527677	5.899739046397766	19.525640000000013
300	2.0021367107570143	5.888439801669497	19.525640000000013
300	1.999480711869072	5.8764166100078095	19.525640000000013
300	1.998066111632668	5.863692277368285	19.525640000000013
300	1.9978619035915333	5.850289609706506	19.525640000000013
300	1.9988370812893943	5.836231412978054	19.525640000000013
300	2.0009606382699823	5.821540493138512	19.525640000000013
300	2.0042015680770247	5.806239656143465	19.525640000000013
300	2.008528864254252	5.79035170794849	19.525640000000013
300	2.013911520345391	5.773899454509175	19.525640000000013
300	2.020318529894173	5.756905701781099	19.525640000000013
300	2.027718886444326	5.739393255719845	19.525640000000013
300	2.036081583539579	5.721384922280996	19.525640000000013
300	2.045375614723661	5.702903507420135	19.525640000000013
300	2.0555699735403	5.683971817092845	19.525640000000013
300	2.066633653533227	5.664612657254707	19.525640000000013
300	2.07853564824617	5.644848833861303	19.525640000000013
300	2.091244951222858	5.624703152868216	19.525640000000013
300	2.10473055600702	5.604198420231029	19.525640000000013
300	2.1189614561423844	5.583357441905325	19.525640000000013
300	2.1339066451726807	5.562203023846687	19.525640000000013
300	2.149535116641638	5.540757972010695	19.525640000000013
300	2.165815864092985	5.519045092352933	19.525640000000013
300	2.1827178810704515	5.497087190828983	19.525640000000013
300	2.200210161117766	5.474907073394428	19.525640000000013
300	2.218261697778657	5.452527546004848	19.525640000000013
300	2.2368414845968534	5.429971414615832	19.525640000000013
300	2.255918515116086	5.407261485182955	19.525640000000013
300	2.2754617828800807	5.384420563661802	19.525640000000013
300	2.2954402814325694	5.361471456007958	19.525640000000013
300	2.3158230043172803	5.338436968177003	19.525640000000013
300	2.3365789450779406	5.315339906124521	19.525640000000013
300	2.357677097258282	5.292203075806091	19.525640000000013
300	2.379086454402032	5.2690492831773	19.525640000000013
300	2.4007760100529185	5.245901334193729	19.525640000000013
300	2.4227147577546724	5.222782034810958	19.525640000000013
300	2.444871691051022	5.199714190984571	19.525640000000013
300	2.467215803485697	5.176720608670154	19.525640000000013
300	2.4897160886024263	5.153824093823283	19.525640000000013
300	2.512341539944938	5.131047452399544	19.525640000000013
300	2.535061151056961	5.10841349035452	19.525640000000013
300	2.5578439154822243	5.085945013643794	19.525640000000013
300	2.580658826764457	5.0636648282229455	19.525640000000013
300	2.6034748784473893	5.04159574004756	19.525640000000013
300	2.626261064074749	5.019760555073217	19.525640000000013
300	2.648986377190266	4.998182079255502	19.525640000000013
300	2.671619811337668	4.976883118549996	19.525640000000013
300	2.6941303600606847	4.955886478912282	19.525640000000013
300	2.716487016903045	4.9352149662979405	19.525640000000013
300	2.738662640066995	4.914887644586758	19.525640000000013
300	2.7606523900133086	4.894901982803108	19.525640000000013
300	2.782459410044045	4.875247720337025	19.525640000000013
300	2.80408685358458	4.85591458677633	19.525640000000013
300	2.825537874060285	4.836892311708846	19.525640000000013
300	2.846815624896536	4.818170624722393	19.525640000000013
300	2.8679232595187054	4.799739255404797	19.525640000000013
300	2.8888639313521667	4.781587933343877	19.525640000000013
300	2.9096407938222946	4.763706388127455	19.525640000000013
300	2.930257000354463	4.746084349343352	19.525640000000013
300	2.9507157043740446	4.728711546579392	19.525640000000013
300	2.971020059306416	4.711577709423396	19.525640000000013
300	2.991173218576947	4.6946725674631855	19.525640000000013
300	3.0111783356110133	4.677985850286582	19.525640000000013
300	3.0310385638339894	4.661507287481406	19.525640000000013
300	3.0507570566712485	4.645226608635484	19.525640000000013
300	3.070336967548164	4.629133543336635	19.525640000000013
300	3.0897814498901104	4.613217821172681	19.525640000000013
300	3.109093657122462	4.597469171731442	19.525640000000013
300	3.1282767426705917	4.581877324600742	19.525640000000013
300	3.147333859959873	4.566432009368402	19.525640000000013
300	3.16626816241568	4.551122955622247	19.525640000000013
300	3.185082803463388	4.5359398929500925	19.525640000000013
300	3.203780936528367	4.520872550939768	19.525640000000013
300	3.222365715035996	4.505910659179089	19.525640000000013
300	3.240840292411644	4.491043947255881	19.525640000000013
300	3.259207822080689	4.476262144757962	19.525640000000013
300	3.277471457468501	4.461554981273159	19.525640000000013
300	3.2956343520004565	4.446912186389289	19.525640000000013
300	3.3136996591019274	4.432323489694178	19.525640000000013
300	3.3316705321982893	4.417778620775645	19.525640000000013
300	3.349550124714914	4.403267309221515	19.525640000000013
300	3.3673415900771784	4.388779284619607	19.525640000000013
300	3.385048081710454	4.374304276557742	19.525640000000013
300	3.4026727530401137	4.359832014623746	19.525640000000013
300	3.4202187574915333	4.345352228405436	19.525640000000013
300	3.437689248490087	4.330854647490635	19.525640000000013
300	3.4550873794611454	4.316329001467168	19.525640000000013
300	3.472416303830086	4.301765019922855	19.525640000000013
300	3.4896791750222804	4.287152432445518	19.525640000000013
300	3.506879146463103	4.272480968622978	19.525640000000013
300	3.524019371577928	4.257740358043058	19.525640000000013
300	3.5411030037921294	4.242920330293578	19.525640000000013
300	3.5581331965310805	4.228010614962361	19.525640000000013
300	3.5751131032201537	4.213000941637231	19.525640000000013
300	3.592045877284725	4.197881039906007	19.525640000000013
300	3.608934672150167	4.182640639356512	19.525640000000013
300	3.625782641241855	4.167269469576567	19.525640000000013
300	3.6425929379851616	4.151757260153994	19.525640000000013
300	3.65936871580546	4.136093740676618	19.525640000000013
300	3.676113128128125	4.120268640732255	19.525640000000013
300	3.6928293283785294	4.104271689908731	19.525640000000013
300	3.709520469982049	4.088092617793868	19.525640000000013
300	3.7261897063640568	4.071721153975485	19.525640000000013
300	3.742840190717341	4.055147029108722	19.525640000000013
300	3.759474223525257	4.038363886883716	19.525640000000013
300	3.776091332109536	4.02137809687119	19.525640000000013
300	3.792690481004023	4.0041986112434405	19.525640000000013
300	3.809270634742557	3.9868343821727623	19.525640000000013
300	3.8258307578589785	3.969294361831453	19.525640000000013
300	3.8423698148871286	3.951587502391803	19.525640000000013
300	3.858886770360846	3.9337227560261097	19.525640000000013
300	3.875380588813973	3.915709074906672	19.525640000000013
300	3.89185023478035	3.8975554112057775	19.525640000000013
300	3.9082946727938177	3.879270717095727	19.525640000000013
300	3.924712867388216	3.8608639447488136	19.525640000000013
300	3.9411037830973865	3.8423440463373337	19.525640000000013
300	3.9574663844551687	3.8237199740335783	19.525640000000013
300	3.973799635995404	3.8050006800098473	19.525640000000013
300	3.9901025022519314	3.786195116438434	19.525640000000013
300	4.006373947758594	3.767312235491633	19.525640000000013
300	4.022612937049231	3.748360989341739	19.525640000000013
300	4.038818434657682	3.7293503301610498	19.525640000000013
300	4.054989405117791	3.710289210121858	19.525640000000013
300	4.071124812963395	3.691186581396458	19.525640000000013
300	4.087223622728336	3.672051396157147	19.525640000000013
300	4.103284798946455	3.652892606576217	19.525640000000013
300	4.119307306151591	3.633719164825969	19.525640000000013
300	4.135290108877586	3.614540023078692	19.525640000000013
300	4.151232171658282	3.595364133506682	19.525640000000013
300	4.167132459027515	3.576200448282237	19.525640000000013
300	4.182989935519131	3.557057919577652	19.525640000000013
300	4.1988035656669656	3.53794549956522	19.525640000000013
300	4.214572314004862	3.518872140417237	19.525640000000013
300	4.230295145066661	3.4998467943059977	19.525640000000013
300	4.245971023386204	3.480878413403796	19.525640000000013
300	4.261598913497329	3.461975949882929	19.525640000000013
300	4.277177779933878	3.4431483559156915	19.525640000000013
300	4.292706587229692	3.424404583674378	19.525640000000013
300	4.30818429991861	3.4057535853312846	19.525640000000013
300	4.323609882534476	3.3872043130587057	19.525640000000013
300	4.338982301935825	3.368765715115283	19.525640000000013
300	4.354302611862512	3.3504432264774247	19.525640000000013
300	4.369577793461837	3.3322323032812458	19.525640000000013
300	4.384815873124931	3.3141266419860687	19.525640000000013
300	4.400024877242927	3.296119939051233	19.525640000000013
300	4.415212832206953	3.2782058909360714	19.525640000000013
300	4.43038776440814	3.260378194099917	19.525640000000013
300	4.445557700237623	3.2426305450021	19.525640000000013
300	4.46073066608653	3.2249566401019507	19.525640000000013
300	4.475914688345995	3.2073501758588066	19.525640000000013
300	4.4911177934071445	3.1898048487320025	19.525640000000013
300	4.506348007661112	3.1723143551808626	19.525640000000013
300	4.521613357499031	3.154872391664729	19.525640000000013
300	4.536921869312029	3.1374726546429264	19.525640000000013
300	4.552281569491238	3.120108840574792	19.525640000000013
300	4.567700484427789	3.1027746459196592	19.525640000000013
300	4.583186640512816	3.085463767136857	19.525640000000013
300	4.598748064137446	3.068169900685721	19.525640000000013
300	4.614392781692812	3.0508867430255844	19.525640000000013
300	4.630128819570047	3.033607990615775	19.525640000000013
300	4.645964204160278	3.016327339915631	19.525640000000013
300	4.66190696185464	2.9990384873844835	19.525640000000013
300	4.67796511904426	2.981735129481663	19.525640000000013
300	4.694146702120275	2.9644109626665047	19.525640000000013
300	4.710459737473809	2.947059683398344	19.525640000000013
300	4.726912251496	2.929674988136507	19.525640000000013
300	4.743512270577973	2.912250573340331	19.525640000000013
300	4.760267821110864	2.894780135469145	19.525640000000013
300	4.777186929485802	2.877257370982285	19.525640000000013
300	4.794277622093919	2.8596759763390827	19.525640000000013
300	4.811547925326342	2.8420296479988725	19.525640000000013
300	4.829005865574208	2.8243120824209846	19.525640000000013
300	4.846659469228646	2.806516976064752	19.525640000000013
300	4.864516762680784	2.78863802538951	19.525640000000013
300	4.882585772321759	2.7706689268545848	19.525640000000013
300	4.900874524542697	2.7526033769193177	19.525640000000013
300	4.9193910457347325	2.7344350720430333	19.525640000000013
300	4.938143362288994	2.7161577086850714	19.525640000000013
300	4.957139500596614	2.697764983304761	19.525640000000013
300	4.976387487048723	2.6792505923614343	19.525640000000013
300	4.995895348036453	2.6606082323144262	19.525640000000013
300	5.015671109950935	2.6418315996230657	19.525640000000013
300	5.035722799183298	2.6229143907466907	19.525640000000013
300	5.056058442124677	2.60385030214463	19.525640000000013
300	5.076686065166201	2.5846330302762164	19.525640000000013
300	5.097613694698999	2.565256271600785	19.525640000000013
300	5.1188467813804825	2.5457169017291514	19.525640000000013
300	5.140373273184308	2.52603339931383	19.525640000000013
300	5.162173835662967	2.50623323148306	19.525640000000013
300	5.184229110483409	2.4863438948463026	19.525640000000013
300	5.206519739312584	2.466392886013014	19.525640000000013
300	5.22902636381744	2.4464077015926566	19.525640000000013
300	5.251729625664926	2.426415838194683	19.525640000000013
300	5.27461016652199	2.406444792428558	19.525640000000013
300	5.297648628055582	2.3865220609037348	19.525640000000013
300	5.320825651932653	2.366675140229669	19.525640000000013
300	5.344121879820144	2.346931527015828	19.525640000000013
300	5.36751795338501	2.3273187178716643	19.525640000000013
300	5.390994514294201	2.307864209406639	19.525640000000013
300	5.414532204214663	2.288595498230208	19.525640000000013
300	5.438111664813344	2.269540080951831	19.525640000000013
300	5.461713537757193	2.250725454180968	19.525640000000013
300	5.485318464713161	2.2321791145270726	19.525640000000013
300	5.508907087348195	2.2139285585996085	19.525640000000013
300	5.532460047329245	2.19600128300803	19.525640000000013
300	5.555957986323258	2.1784247843617983	19.525640000000013
300	5.579381545997185	2.1612265592703706	19.525640000000013
300	5.602711368017973	2.1444341043432056	19.525640000000013
300	5.62592809405257	2.128074916189763	19.525640000000013
300	5.649012365767928	2.1121764914194987	19.525640000000013
300	5.671944824830992	2.0967663266418723	19.525640000000013
300	5.694706112908714	2.0818719184663426	19.525640000000013
300	5.717276871668041	2.067520763502367	19.525640000000013
300	5.739637742775923	2.053740358359404	19.525640000000013
300	5.761769367899308	2.0405581996469104	19.525640000000013
300	5.7836523887051445	2.02800178397435	19.525640000000013
300	5.805267446860381	2.016098607951177	19.525640000000013
300	5.826595184031967	2.0048761681868514	19.525640000000013
300	5.847616241886852	1.994361961290828	19.525640000000013
300	5.868311262091985	1.9845834838725704	19.525640000000013
300	5.888660886314311	1.9755682325415345	19.525640000000013
300	5.908645756220782	1.9673437039071795	19.525640000000013
300	5.928246513478348	1.959937394578961	19.525640000000013
300	5.9474437997539535	1.9533768011663415	19.525640000000013
300	5.966218256714552	1.9476894202787776	19.525640000000013
300	5.98455052602709	1.942902748525726	19.525640000000013
300	6.002421249358515	1.9390442825166456	19.525640000000013
300	6.019811068375779	1.9361415188609976	19.525640000000013
300	6.0367006247458255	1.9342219541682413	19.525640000000013
300	6.053070560135611	1.9333130850478284	19.525640000000013
300	6.068901516212078	1.9334424081092212	19.525640000000013
300	6.084174134642175	1.93463741996188	19.525640000000013
300	6.098869057092856	1.93692561721526	19.525640000000013
300	6.112966925231067	1.9403344964788225	19.525640000000013
300	6.1264484184046335	1.944891481462488	19.525640000000013
300	6.139302044591569	1.9506088501704169	19.525640000000013
300	6.151533700686749	1.9574652390357308	19.525640000000013
300	6.1631516244103	1.9654347558001144	19.525640000000013
300	6.174164053482356	1.9744915082052463	19.525640000000013
300	6.184579225623043	1.984609603992804	19.525640000000013
300	6.1944053785524895	1.995763150904472	19.525640000000013
300	6.2036507499908256	2.007926256681928	19.525640000000013
300	6.212323577658183	2.0210730290668497	19.525640000000013
300	6.22043209927469	2.03517757580092	19.525640000000013
300	6.227984552560474	2.0502140046258197	19.525640000000013
300	6.234989175235667	2.066156423283224	19.525640000000013
300	6.241454205020395	2.082978939514817	19.525640000000013
300	6.247387879634792	2.100655661062275	19.525640000000013
300	6.252798436798984	2.119160695667281	19.525640000000013
300	6.257694114233102	2.138468151071512	19.525640000000013
300	6.262083149657276	2.158552135016646	19.525640000000013
300	6.265973780791633	2.179386755244372	19.525640000000013
300	6.269374245356305	2.2009461194963604	19.525640000000013
300	6.272292781071419	2.2232043355142954	19.525640000000013
300	6.274737625657106	2.246135511039853	19.525640000000013
300	6.276717016833496	2.2697137538147194	19.525640000000013
300	6.278239192320716	2.293913171580569	19.525640000000013
300	6.2793123898389	2.3187078720790817	19.525640000000013
300	6.279944847108171	2.344071963051941	19.525640000000013
300	6.280144801848664	2.3699795522408227	19.525640000000013
300	6.279920491780503	2.3964047473874084	19.525640000000013
300	6.279280154623823	2.423321656233381	19.525640000000013
300	6.278232028098751	2.450704386520414	19.525640000000013
300	6.276784349925414	2.478527045990196	19.525640000000013
300	6.274945357823947	2.506763742384392	19.525640000000013
300	6.272723289514476	2.5353885834446963	19.525640000000013
300	6.2701263827171285	2.564375676912784	19.525640000000013
300	6.267162875152037	2.593699130530335	19.525640000000013
300	6.26384100453933	2.623333052039025	19.525640000000013
300	6.260169008599137	2.65325154918054	19.525640000000013
300	6.256155125051587	2.6834287296965567	19.525640000000013
300	6.251807591616811	2.713838701328754	19.525640000000013
300	6.247134646014936	2.744455571818814	19.525640000000013
300	6.242144525966093	2.7752534489084164	19.525640000000013
300	6.236845469190409	2.8062064403392384	19.525640000000013
300	6.231245713408018	2.837288653852962	19.525640000000013
300	6.225353496339045	2.868474197191268	19.525640000000013
300	6.219177055703622	2.8997371780958323	19.525640000000013
300	6.212724629221878	2.931051704308338	19.525640000000013
300	6.206004454613941	2.962391883570464	19.525640000000013
300	6.199024769599941	2.9937318236238912	19.525640000000013
300	6.19179381190001	3.025045632210296	19.525640000000013
300	6.184319819234275	3.056307417071361	19.525640000000013
300	6.176611029322865	3.087491285948766	19.525640000000013
300	6.168675679885911	3.118571346584191	19.525640000000013
300	6.16052200864354	3.149521706719314	19.525640000000013
300	6.152158253315885	3.1803164740958154	19.525640000000013
300	6.143592651623071	3.2109297564553776	19.525640000000013
300	6.134833441285231	3.241335661539675	19.525640000000013
300	6.125888860022493	3.2715082970903917	19.525640000000013
300	6.116767145554984	3.3014217708492097	19.525640000000013
300	6.107476535602842	3.331050190557802	19.525640000000013
300	6.098025267886186	3.360367663957854	19.525640000000013
300	6.088421580125151	3.3893482987910435	19.525640000000013
300	6.078673710039865	3.417966202799048	19.525640000000013
300	6.068789895350458	3.4461954837235504	19.525640000000013
300	6.058777386002158	3.4740140678847213	19.525640000000013
300	6.048637759800108	3.501421809181646	19.525640000000013
300	6.038370573729178	3.52842637367874	19.525640000000013
300	6.02797538230213	3.5550354369972013	19.525640000000013
300	6.017451740031717	3.581256674758218	19.525640000000013
300	6.006799201430703	3.6070977625829777	19.525640000000013
300	5.996017321011848	3.632566376092676	19.525640000000013
300	5.985105653287913	3.657670190908499	19.525640000000013
300	5.974063752771652	3.6824168826516432	19.525640000000013
300	5.962891173975831	3.706814126943292	19.525640000000013
300	5.951587471413205	3.73086959940464	19.525640000000013
300	5.940152199596538	3.75459097565688	19.525640000000013
300	5.928584913038583	3.777985931321199	19.525640000000013
300	5.916885166252109	3.8010621420187887	19.525640000000013
300	5.90505251374987	3.8238272833708384	19.525640000000013
300	5.893086510044625	3.846289030998544	19.525640000000013
300	5.880986709649133	3.8684550605230914	19.525640000000013
300	5.868752667076161	3.890333047565672	19.525640000000013
300	5.856383936838461	3.911930667747476	19.525640000000013
300	5.843880073448798	3.933255596689693	19.525640000000013
300	5.831240631419925	3.954315510013521	19.525640000000013
300	5.818465165264607	3.975118083340142	19.525640000000013
300	5.805553229495603	3.9956709922907496	19.525640000000013
300	5.792504378625671	4.015981912486536	19.525640000000013
300	5.779318167167576	4.036058519548689	19.525640000000013
300	5.765994149634071	4.055908489098402	19.525640000000013
300	5.752531880537916	4.075539496756865	19.525640000000013
300	5.738930914391876	4.094959218145268	19.525640000000013
300	5.725190805708706	4.114175328884801	19.525640000000013
300	5.711311109001168	4.133195504596657	19.525640000000013
300	5.697291378782021	4.152027420902024	19.525640000000013
300	5.6831311695640245	4.170678753422096	19.525640000000013
300	5.66883003585994	4.18915717777806	19.525640000000013
300	5.6543875321825245	4.207470369591107	19.525640000000013
300	5.639803213044539	4.225626004482431	19.525640000000013
300	5.625076632958744	4.243631758073221	19.525640000000013
300	5.610207346437898	4.261495305984664	19.525640000000013
300	5.5951949079947605	4.2792243238379575	19.525640000000013
300	5.580038872142092	4.296826487254287	19.525640000000013
300	5.564738793392653	4.314309471854845	19.525640000000013
300	5.5492942262592	4.331680953260822	19.525640000000013
300	5.533704725254496	4.3489486070934085	19.525640000000013
300	5.517969844891302	4.366120108973795	19.525640000000013
300	5.502089139682371	4.383203134523173	19.525640000000013
300	5.486062164140471	4.400205359362733	19.525640000000013
300	5.469888472778355	4.417134459113664	19.525640000000013
300	5.453567620108786	4.433998109397158	19.525640000000013
300	5.437099160644523	4.450803985834408	19.525640000000013
300	5.420482648898327	4.467559764046599	19.525640000000013
300	5.403717639382956	4.484273119654926	19.525640000000013
300	5.38680368661117	4.500951728280579	19.525640000000013
300	5.369740345095728	4.517603265544749	19.525640000000013
300	5.352527170371064	4.534235404689006	19.525640000000013
300	5.3351647584602135	4.550853395511005	19.525640000000013
300	5.317656706289335	4.567455498284066	19.525640000000013
300	5.300007148565829	4.584038720713556	19.525640000000013
300	5.2822202199970905	4.600600070504848	19.525640000000013
300	5.2643000552905175	4.617136555363311	19.525640000000013
300	5.246250789153512	4.633645182994315	19.525640000000013
300	5.228076556293472	4.650122961103227	19.525640000000013
300	5.209781491417798	4.666566897395418	19.525640000000013
300	5.191369729233885	4.68297399957626	19.525640000000013
300	5.172845404449133	4.699341275351119	19.525640000000013
300	5.1542126517709415	4.715665732425368	19.525640000000013
300	5.135475605906711	4.731944378504375	19.525640000000013
300	5.116638401563838	4.748174221293509	19.525640000000013
300	5.0977051734497225	4.764352268498141	19.525640000000013
300	5.07868005627176	4.78047552782364	19.525640000000013
300	5.059567184737353	4.796541006975375	19.525640000000013
300	5.040370693553898	4.812545713658718	19.525640000000013
300	5.021094717428796	4.828486655579036	19.525640000000013
300	5.001743391069444	4.8443608404417	19.525640000000013
300	4.982320849183242	4.860165275952079	19.525640000000013
300	4.962831226477586	4.875896969815544	19.525640000000013
300	4.943278657659877	4.891552929737465	19.525640000000013
300	4.9236672774375165	4.907130163423209	19.525640000000013
300	4.904001220517898	4.922625678578148	19.525640000000013
300	4.884284621608424	4.938036482907648	19.525640000000013
300	4.864521615416489	4.953359584117085	19.525640000000013
300	4.844716336649498	4.968591989911824	19.525640000000013
300	4.824872920014845	4.983730707997236	19.525640000000013
300	4.804995500219931	4.99877274607869	19.525640000000013
300	4.785088211972152	5.013715111861556	19.525640000000013
300	4.76515518997891	5.028554813051205	19.525640000000013
300	4.745200568947602	5.043288857353005	19.525640000000013
300	4.725228483585628	5.057914252472326	19.525640000000013
300	4.705243068600384	5.072428006114539	19.525640000000013
300	4.685248458699274	5.0868271259850095	19.525640000000013
300	4.665248788589691	5.101108619789114	19.525640000000013
300	4.645248192979037	5.115269495232216	19.525640000000013
300	4.62525080657471	5.129306760019688	19.525640000000013
300	4.605260764084111	5.1432174218569	19.525640000000013
300	4.585282200214634	5.15699848844922	19.525640000000013
300	4.5653192496736805	5.17064696750202	19.525640000000013
300	4.5453760471686495	5.184159866720668	19.525640000000013
300	4.525456727406941	5.197534193810531	19.525640000000013
300	4.50556542509595	5.210766956476984	19.525640000000013
300	4.485706274943077	5.223855162425395	19.525640000000013
300	4.465883411655723	5.236795819361132	19.525640000000013
300	4.446100959292859	5.249585940206008	19.525640000000013
300	4.426359892737523	5.262224080597696	19.525640000000013
300	4.406653662063059	5.2747124824218	19.525640000000013
300	4.386974617144099	5.28705392652841	19.525640000000013
300	4.367315107855279	5.299251193767618	19.525640000000013
300	4.347667484071233	5.311307064989514	19.525640000000013
300	4.328024095666596	5.323224321044192	19.525640000000013
300	4.308377292516002	5.335005742781741	19.525640000000013
300	4.288719424494082	5.346654111052253	19.525640000000013
300	4.269042841475474	5.35817220670582	19.525640000000013
300	4.249339893334811	5.369562810592534	19.525640000000013
300	4.229602929946728	5.380828703562484	19.525640000000013
300	4.209824301185858	5.391972666465764	19.525640000000013
300	4.189996356926836	5.402997480152463	19.525640000000013
300	4.170111447044296	5.413905925472674	19.525640000000013
300	4.150161921412871	5.424700783276489	19.525640000000013
300	4.130140129907199	5.435384834413997	19.525640000000013
300	4.110038422401911	5.445960859735291	19.525640000000013
300	4.08984914877164	5.456431640090463	19.525640000000013
300	4.069564658891024	5.466799956329604	19.525640000000013
300	4.049177302634695	5.477068589302803	19.525640000000013
300	4.028679429877289	5.487240319860154	19.525640000000013
300	4.008063390493438	5.497317928851748	19.525640000000013
300	3.987321534357777	5.507304197127677	19.525640000000013
300	3.96644621134494	5.51720190553803	19.525640000000013
300	3.9454297713295614	5.527013834932902	19.525640000000013
300	3.924264564186276	5.53674276616238	19.525640000000013
300	3.902942939789718	5.546391480076559	19.525640000000013
300	3.8814572480145215	5.555962757525528	19.525640000000013
300	3.859799838735319	5.565459379359381	19.525640000000013
300	3.8379630618267497	5.574884126428206	19.525640000000013
300	3.815939267163442	5.584239779582098	19.525640000000013
300	3.793720804620032	5.593529119671145	19.525640000000013
300	3.771300024071156	5.6027549275454405	19.525640000000013
300	3.748669275391448	5.611919984055075	19.525640000000013
300	3.7258209084555385	5.6210270700501415	19.525640000000013
300	3.7027472731380646	5.630078966380728	19.525640000000013
300	3.679440719313661	5.63907845389693	19.525640000000013
300	3.655893596856962	5.648028313448836	19.525640000000013
300	3.6320982556426	5.656931325886538	19.525640000000013
300	3.60804704554521	5.6657902720601285	19.525640000000013
300	3.5837323164394257	5.674607932819698	19.525640000000013
300	3.559146418199884	5.683387089015337	19.525640000000013
300	3.534281700701216	5.692130521497139	19.525640000000013
300	3.5091305138180573	5.700841011115194	19.525640000000013
300	3.483685207425043	5.709521338719592	19.525640000000013
300	3.4579381313968045	5.718174285160428	19.525640000000013
300	3.43188163560798	5.726802631287791	19.525640000000013
300	3.4055080699332008	5.735409157951773	19.525640000000013
300	3.378809784247101	5.743996646002463	19.525640000000013
300	3.351779128424317	5.752567876289957	19.525640000000013
300	3.324408452339481	5.761125629664343	19.525640000000013
300	3.296690105867229	5.769672686975714	19.525640000000013
300	3.2686164388821943	5.778211829074159	19.525640000000013
300	3.240179801259011	5.786745836809773	19.525640000000013
300	3.211372542872313	5.795277491032644	19.525640000000013
300	3.1821893535064665	5.803808556788139	19.525640000000013
300	3.1526500094259062	5.812329908545506	19.525640000000013
300	3.1227895209521668	5.820825807344848	19.525640000000013
300	3.0926431128174503	5.829280421146029	19.525640000000013
300	3.062246009753959	5.837677917908907	19.525640000000013
300	3.0316334364938973	5.846002465593344	19.525640000000013
300	3.0008406177694664	5.854238232159199	19.525640000000013
300	2.969902778312871	5.862369385566332	19.525640000000013
300	2.938855142856311	5.870380093774605	19.525640000000013
300	2.9077329361319912	5.878254524743879	19.525640000000013
300	2.876571382872116	5.885976846434011	19.525640000000013
300	2.845405707808885	5.893531226804864	19.525640000000013
300	2.8142711356745025	5.900901833816298	19.525640000000013
300	2.783202891201171	5.9080728354281735	19.525640000000013
300	2.752236199121094	5.915028399600351	19.525640000000013
300	2.721406284166473	5.92175269429269	19.525640000000013
300	2.690748371069512	5.928229887465051	19.525640000000013
300	2.6602976845624133	5.934444147077294	19.525640000000013
300	2.63008944937738	5.940379641089283	19.525640000000013
300	2.6001588902466146	5.946020537460873	19.525640000000013
300	2.57054123190232	5.951351004151928	19.525640000000013
300	2.5412716990766997	5.956355209122307	19.525640000000013
300	2.512385516501954	5.961017320331871	19.525640000000013
300	2.4839179089102896	5.965321505740479	19.525640000000013
300	2.4559041010339056	5.969251933307996	19.525640000000013
300	2.428379317605007	5.9727927709942765	19.525640000000013
300	2.4013787833557965	5.975928186759182	19.525640000000013
300	2.3749377230184754	5.978642348562575	19.525640000000013
300	2.3490913613252493	5.980919424364316	19.525640000000013
300	2.3238749230083187	5.982743582124265	19.525640000000013
300	2.2993236327998865	5.9840989898022805	19.525640000000013
300	2.275472715432156	5.984969815358226	19.525640000000013
300	2.252357395637329	5.985340226751958	19.525640000000013
300	2.23001289814761	5.985194391943341	19.525640000000013
300	2.208474447695201	5.984516478892234	19.525640000000013
300	2.187777269012305	5.983290655558494	19.525640000000013
300	2.1679565868311244	5.981501089901986	19.525640000000013
300	2.149047625883862	5.979131949882568	19.525640000000013
300	2.1310856109027214	5.976167403460103	19.525640000000013
300	2.114105766619905	5.972591618594446	19.525640000000013
300	2.098143317767616	5.968388763245464	19.525640000000013
300	2.083233489078056	5.963543005373012	19.525640000000013
300	2.069411505283427	5.958038512936955	19.525640000000013
300	2.0567125911159354	5.951859453897149	19.525640000000013
300	2.045171971307781	5.944989996213456	19.525640000000013
300	2.034824870591168	5.937414307845739	19.525640000000013
300	2.025706513698298	5.929116556753854	19.525640000000013
300	2.0178521253613755	5.920080910897665	19.525640000000013
300	2.011296930312602	5.91029153823703	19.525640000000013
319	1.7528621292109825	6.135017452238438	20.795640000000013
319	1.757040755843326	6.147561151396458	20.795640000000013
319	1.7623059204647191	6.159401734834287	20.795640000000013
319	1.768634307416137	6.17054978933563	20.795640000000013
319	1.7760026010385526	6.181015901684189	20.795640000000013
319	1.7843874856729394	6.19081065866367	20.795640000000013
319	1.7937656456602729	6.199944647057774	20.795640000000013
319	1.804113765341525	6.208428453650205	20.795640000000013
319	1.8154085290576716	6.2162726652246665	20.795640000000013
319	1.8276266211496852	6.223487868564861	20.795640000000013
319	1.840744725958541	6.2300846504544936	20.795640000000013
319	1.854739527825212	6.236073597677265	20.795640000000013
319	1.8695877110906725	6.24146529701688	20.795640000000013
319	1.885265960095896	6.2462703352570434	20.795640000000013
319	1.9017509591818555	6.250499299181458	20.795640000000013
319	1.919019392689527	6.254162775573825	20.795640000000013
319	1.937047944959884	6.257271351217848	20.795640000000013
319	1.955813300333899	6.259835612897232	20.795640000000013
319	1.975292143152548	6.261866147395679	20.795640000000013
319	1.9954611577568029	6.263373541496895	20.795640000000013
319	2.016297028487638	6.26436838198458	20.795640000000013
319	2.037776439686028	6.26486125564244	20.795640000000013
319	2.0598760756929466	6.264862749254174	20.795640000000013
319	2.082572620849368	6.26438344960349	20.795640000000013
319	2.105842759496265	6.263433943474089	20.795640000000013
319	2.1296631759746125	6.262024817649676	20.795640000000013
319	2.1540105546253843	6.260166658913954	20.795640000000013
319	2.178861579789555	6.257870054050624	20.795640000000013
319	2.2041929358080967	6.255145589843392	20.795640000000013
319	2.2299813070219847	6.252003853075959	20.795640000000013
319	2.2562033777721915	6.248455430532031	20.795640000000013
319	2.282835832399693	6.24451090899531	20.795640000000013
319	2.3098553552454626	6.240180875249499	20.795640000000013
319	2.3372386306504738	6.2354759160783	20.795640000000013
319	2.3649623429557	6.230406618265421	20.795640000000013
319	2.393003176502116	6.22498356859456	20.795640000000013
319	2.421337815630694	6.219217353849425	20.795640000000013
319	2.449942944682411	6.213118560813715	20.795640000000013
319	2.4787952479982387	6.206697776271136	20.795640000000013
319	2.507871409919151	6.19996558700539	20.795640000000013
319	2.5371481147861226	6.192932579800182	20.795640000000013
319	2.5666020469401274	6.185609341439213	20.795640000000013
319	2.596209890722139	6.178006458706189	20.795640000000013
319	2.6259483304731317	6.170134518384812	20.795640000000013
319	2.6557940505340785	6.162004107258785	20.795640000000013
319	2.6857237352459533	6.153625812111811	20.795640000000013
319	2.7157140689497323	6.1450102197275935	20.795640000000013
319	2.7457417359863867	6.136167916889837	20.795640000000013
319	2.775783420696892	6.127109490382245	20.795640000000013
319	2.805815807422221	6.117845526988519	20.795640000000013
319	2.8358155805033487	6.108386613492364	20.795640000000013
319	2.865759424281249	6.098743336677481	20.795640000000013
319	2.8956240230968944	6.088926283327577	20.795640000000013
319	2.92538606129126	6.078946040226352	20.795640000000013
319	2.95502222320532	6.068813194157512	20.795640000000013
319	2.9845091931800467	6.058538331904759	20.795640000000013
319	3.0138236555564166	6.048132040251795	20.795640000000013
319	3.042942294675401	6.037604905982326	20.795640000000013
319	3.071841794877976	6.026967515880052	20.795640000000013
319	3.100498840505113	6.01623045672868	20.795640000000013
319	3.1288901158977884	6.005404315311912	20.795640000000013
319	3.156992305396975	5.994499678413449	20.795640000000013
319	3.1847820933436477	5.983527132816999	20.795640000000013
319	3.2122361640787798	5.972497265306261	20.795640000000013
319	3.239331201943344	5.961420662664939	20.795640000000013
319	3.266043891278314	5.950307911676739	20.795640000000013
319	3.2923513792504004	5.939169452067541	20.795640000000013
319	3.31824569806883	5.928010994003598	20.795640000000013
319	3.343736589035756	5.916832620780366	20.795640000000013
319	3.368834826437892	5.905634087473746	20.795640000000013
319	3.393551184561955	5.894415149159631	20.795640000000013
319	3.417896437694654	5.883175560913925	20.795640000000013
319	3.4418813601227063	5.871915077812527	20.795640000000013
319	3.465516726132825	5.860633454931332	20.795640000000013
319	3.488813310011724	5.849330447346242	20.795640000000013
319	3.511781886046118	5.838005810133154	20.795640000000013
319	3.5344332285227185	5.826659298367968	20.795640000000013
319	3.556778111728241	5.815290667126584	20.795640000000013
319	3.5788273099493995	5.803899671484899	20.795640000000013
319	3.600591597472908	5.792486066518814	20.795640000000013
319	3.622081748585479	5.781049607304224	20.795640000000013
319	3.6433085375738288	5.769590048917031	20.795640000000013
319	3.6642827387246713	5.758107146433133	20.795640000000013
319	3.685015126324717	5.746600654928429	20.795640000000013
319	3.7055164746606826	5.735070329478818	20.795640000000013
319	3.7257975580192815	5.723515925160198	20.795640000000013
319	3.745869150687228	5.711937197048467	20.795640000000013
319	3.765742026951234	5.700333900219528	20.795640000000013
319	3.785426961098016	5.688705789749276	20.795640000000013
319	3.804934727414287	5.67705262071361	20.795640000000013
319	3.824276100186761	5.66537414818843	20.795640000000013
319	3.843461853702151	5.653670127249637	20.795640000000013
319	3.862502762247172	5.641940312973125	20.795640000000013
319	3.8814096001085376	5.630184460434796	20.795640000000013
319	3.9001931415729616	5.61840232471055	20.795640000000013
319	3.9188641609271575	5.606593660876282	20.795640000000013
319	3.93743343245784	5.594758224007894	20.795640000000013
319	3.955911730451722	5.582895769181284	20.795640000000013
319	3.9743098291955192	5.571006051472349	20.795640000000013
319	3.992638502975943	5.559088825956991	20.795640000000013
319	4.010908526079709	5.547143847711107	20.795640000000013
319	4.029130672793533	5.535170871810595	20.795640000000013
319	4.047315717404126	5.523169653331356	20.795640000000013
319	4.065474434198199	5.51113994734929	20.795640000000013
319	4.0836175974624735	5.499081508940291	20.795640000000013
319	4.101755981483657	5.486994093180263	20.795640000000013
319	4.119900360548468	5.474877455145101	20.795640000000013
319	4.138061508943617	5.462731349910705	20.795640000000013
319	4.156250200955819	5.450555532552976	20.795640000000013
319	4.174477210871789	5.438349758147808	20.795640000000013
319	4.192753312978238	5.426113781771106	20.795640000000013
319	4.2110892815618834	5.413847358498764	20.795640000000013
319	4.229495890909438	5.401550243406684	20.795640000000013
319	4.247983915307614	5.389222191570763	20.795640000000013
319	4.266563918217614	5.376862932880279	20.795640000000013
319	4.285239565770519	5.364471373223525	20.795640000000013
319	4.304006250460161	5.352045430064981	20.795640000000013
319	4.322858875833961	5.339582962456337	20.795640000000013
319	4.3417923454393295	5.327081829449282	20.795640000000013
319	4.360801562823682	5.3145398900955065	20.795640000000013
319	4.379881431534437	5.301955003446693	20.795640000000013
319	4.399026855119008	5.289325028554535	20.795640000000013
319	4.41823273712481	5.27664782447072	20.795640000000013
319	4.43749398109926	5.263921250246936	20.795640000000013
319	4.456805490589773	5.251143164934872	20.795640000000013
319	4.476162169143766	5.238311427586217	20.795640000000013
319	4.495558920308651	5.225423897252657	20.795640000000013
319	4.514990647631845	5.212478432985883	20.795640000000013
319	4.534452254660766	5.199472893837583	20.795640000000013
319	4.553938644942826	5.186405138859445	20.795640000000013
319	4.573444722025444	5.173273027103159	20.795640000000013
319	4.592965389456031	5.160074417620411	20.795640000000013
319	4.612495550782006	5.1468071694628925	20.795640000000013
319	4.632030109550784	5.13346914168229	20.795640000000013
319	4.651563969309781	5.120058193330292	20.795640000000013
319	4.671092033606411	5.106572183458588	20.795640000000013
319	4.690609205988088	5.093008971118866	20.795640000000013
319	4.7101103900022325	5.079366415362815	20.795640000000013
319	4.729590489196256	5.065642375242124	20.795640000000013
319	4.749044407117576	5.05183470980848	20.795640000000013
319	4.768467047313608	5.037941278113571	20.795640000000013
319	4.787853313331765	5.023959939209089	20.795640000000013
319	4.807198108719463	5.009888552146719	20.795640000000013
319	4.826496337024121	4.995724975978152	20.795640000000013
319	4.8457429017931535	4.981467069755073	20.795640000000013
319	4.864932706573972	4.967112692529176	20.795640000000013
319	4.884060654913996	4.952659703352144	20.795640000000013
319	4.90312165036064	4.93810596127567	20.795640000000013
319	4.922110596461319	4.923449325351439	20.795640000000013
319	4.94102239676345	4.908687654631141	20.795640000000013
319	4.959851954814448	4.893818808166465	20.795640000000013
319	4.978594174161725	4.8788406450091	20.795640000000013
319	4.9972439583527	4.863751024210733	20.795640000000013
319	5.015796334844747	4.848547927817641	20.795640000000013
319	5.03424854377083	4.833231534205848	20.795640000000013
319	5.052599732923297	4.817803915318184	20.795640000000013
319	5.070849112580185	4.802267205121552	20.795640000000013
319	5.08899589301953	4.786623537582866	20.795640000000013
319	5.107039284519368	4.770875046669034	20.795640000000013
319	5.124978497357739	4.755023866346965	20.795640000000013
319	5.142812741812674	4.739072130583568	20.795640000000013
319	5.160541228162211	4.7230219733457535	20.795640000000013
319	5.178163166684387	4.7068755286004285	20.795640000000013
319	5.195677767657238	4.690634930314504	20.795640000000013
319	5.213084241358801	4.674302312454888	20.795640000000013
319	5.23038179806711	4.657879808988492	20.795640000000013
319	5.247569648060202	4.641369553882222	20.795640000000013
319	5.264647001616116	4.624773681102988	20.795640000000013
319	5.281613069012885	4.608094324617701	20.795640000000013
319	5.298467060528547	4.59133361839327	20.795640000000013
319	5.315208186441137	4.574493696396602	20.795640000000013
319	5.3318356570286936	4.557576692594608	20.795640000000013
319	5.348348682569251	4.5405847409541975	20.795640000000013
319	5.364746473340845	4.523519975442278	20.795640000000013
319	5.381028239621513	4.50638453002576	20.795640000000013
319	5.397193191689292	4.489180538671552	20.795640000000013
319	5.413240539822215	4.471910135346566	20.795640000000013
319	5.429169494298323	4.454575454017705	20.795640000000013
319	5.444979265395649	4.4371786286518855	20.795640000000013
319	5.460669063392229	4.419721793216013	20.795640000000013
319	5.4762380985661	4.402207081676997	20.795640000000013
319	5.4916855811953	4.384636628001745	20.795640000000013
319	5.507010721557863	4.367012566157168	20.795640000000013
319	5.522212729931828	4.349337030110178	20.795640000000013
319	5.537290816595227	4.331612153827679	20.795640000000013
319	5.552244191826098	4.3138400712765845	20.795640000000013
319	5.567072065902481	4.2960229164238	20.795640000000013
319	5.581773649102407	4.278162823236237	20.795640000000013
319	5.596348151703914	4.260261925680804	20.795640000000013
319	5.610794783985041	4.242322357724412	20.795640000000013
319	5.625112756223818	4.224346253333967	20.795640000000013
319	5.639301278698287	4.206335746476381	20.795640000000013
319	5.653359561686482	4.188292971118562	20.795640000000013
319	5.667286815466442	4.170220061227417	20.795640000000013
319	5.6810822503162	4.152119150769862	20.795640000000013
319	5.694744980828874	4.13399163388845	20.795640000000013
319	5.708273034156792	4.115830496763514	20.795640000000013
319	5.721663747521213	4.097623391110816	20.795640000000013
319	5.734914447156527	4.079357883696972	20.795640000000013
319	5.74802245929712	4.061021541288588	20.795640000000013
319	5.760985110177386	4.042601930652272	20.795640000000013
319	5.773799726031713	4.024086618554632	20.795640000000013
319	5.786463633094488	4.00546317176228	20.795640000000013
319	5.798974157600104	3.98671915704182	20.795640000000013
319	5.811328625782948	3.967842141159864	20.795640000000013
319	5.823524363877409	3.94881969088302	20.795640000000013
319	5.835558698117879	3.929639372977896	20.795640000000013
319	5.847428954738747	3.9102887542110993	20.795640000000013
319	5.859132459974397	3.890755401349242	20.795640000000013
319	5.870666540059226	3.8710268811589295	20.795640000000013
319	5.8820285212276175	3.851090760406775	20.795640000000013
319	5.893215729713965	3.830934605859381	20.795640000000013
319	5.904225491752657	3.810545984283359	20.795640000000013
319	5.915055133578082	3.789912462445319	20.795640000000013
319	5.925701981424629	3.769021607111868	20.795640000000013
319	5.936163361526688	3.747860985049616	20.795640000000013
319	5.94643660011865	3.726418163025168	20.795640000000013
319	5.956519023434901	3.704680707805138	20.795640000000013
319	5.966407957709835	3.682636186156129	20.795640000000013
319	5.976100729177836	3.660272164844756	20.795640000000013
319	5.985594664073298	3.637576210637621	20.795640000000013
319	5.994887088630608	3.6145358903013385	20.795640000000013
319	6.003975329084156	3.591138770602514	20.795640000000013
319	6.012856711668334	3.5673724183077558	20.795640000000013
319	6.021528562617526	3.5432244001836724	20.795640000000013
319	6.029988208166125	3.518682282996875	20.795640000000013
319	6.038232974548521	3.493733633513969	20.795640000000013
319	6.046260180497442	3.468366048965671	20.795640000000013
319	6.054063331928234	3.4425826103729644	20.795640000000013
319	6.061625929058369	3.416427031735384	20.795640000000013
319	6.068929850635951	3.389949611813541	20.795640000000013
319	6.075956975409084	3.3632006493680526	20.795640000000013
319	6.082689182125875	3.3362304431595344	20.795640000000013
319	6.089108349534435	3.3090892919485952	20.795640000000013
319	6.095196356382865	3.2818274944958565	20.795640000000013
319	6.100935081419274	3.2544953495619264	20.795640000000013
319	6.106306403391766	3.227143155907422	20.795640000000013
319	6.111292201048449	3.1998212122929584	20.795640000000013
319	6.115874353137427	3.17257981747915	20.795640000000013
319	6.120034738406808	3.145469270226606	20.795640000000013
319	6.123755235604701	3.1185398692959447	20.795640000000013
319	6.12701772347921	3.091841913447781	20.795640000000013
319	6.129804080778439	3.0654257014427277	20.795640000000013
319	6.132096186250496	3.039341532041399	20.795640000000013
319	6.1338759186434855	3.013639704004412	20.795640000000013
319	6.135125156705518	2.988370516092375	20.795640000000013
319	6.135825779184696	2.963584267065907	20.795640000000013
319	6.135959664829127	2.939331255685622	20.795640000000013
319	6.135508692386919	2.915661780712133	20.795640000000013
319	6.134454740606174	2.892626140906053	20.795640000000013
319	6.132779688234999	2.8702746350279997	20.795640000000013
319	6.130465414021505	2.8486575618385848	20.795640000000013
319	6.127493796713797	2.827825220098423	20.795640000000013
319	6.123846715059973	2.8078279085681297	20.795640000000013
319	6.11950604780815	2.788715926008317	20.795640000000013
319	6.11445367370643	2.770539571179601	20.795640000000013
319	6.108671471502917	2.7533491428425947	20.795640000000013
319	6.102141319945718	2.7371949397579165	20.795640000000013
319	6.094845097782946	2.722127260686171	20.795640000000013
319	6.0867646837626985	2.708196404387984	20.795640000000013
319	6.07788196367158	2.6954526558504157	20.795640000000013
319	6.068187401572827	2.6839295133331555	20.795640000000013
319	6.057696715976007	2.6736110549706664	20.795640000000013
319	6.046430249665825	2.6644723097084526	20.795640000000013
319	6.034408345426996	2.656488306492018	20.795640000000013
319	6.021651346044226	2.649634074266872	20.795640000000013
319	6.008179594302231	2.643884641978513	20.795640000000013
319	5.994013432985715	2.6392150385724458	20.795640000000013
319	5.979173204879393	2.6356002929941797	20.795640000000013
319	5.963679252767973	2.6330154341892165	20.795640000000013
319	5.94755191943617	2.631435491103057	20.795640000000013
319	5.930811547668691	2.63083549268121	20.795640000000013
319	5.913478480250245	2.631190467869179	20.795640000000013
319	5.895573059965543	2.632475445612469	20.795640000000013
319	5.877115629599299	2.634665454856581	20.795640000000013
319	5.858126531936221	2.6377355245470246	20.795640000000013
319	5.838626109761019	2.6416606836293006	20.795640000000013
319	5.818634705858405	2.6464159610489144	20.795640000000013
319	5.798172663013089	2.651976385751369	20.795640000000013
319	5.777260324009782	2.65831698668217	20.795640000000013
319	5.755918031633193	2.6654127927868245	20.795640000000013
319	5.734166128668031	2.6732388330108323	20.795640000000013
319	5.712024957899011	2.681770136299698	20.795640000000013
319	5.689514862110841	2.6909817315989297	20.795640000000013
319	5.666656184088231	2.7008486478540323	20.795640000000013
319	5.643469266615892	2.711345914010505	20.795640000000013
319	5.619974452478534	2.7224485590138565	20.795640000000013
319	5.596192084460869	2.73413161180959	20.795640000000013
319	5.572142505347609	2.746370101343208	20.795640000000013
319	5.54784605792346	2.759139056560219	20.795640000000013
319	5.523323084973134	2.7724135064061217	20.795640000000013
319	5.498593929281342	2.7861684798264266	20.795640000000013
319	5.4736789336327965	2.8003790057666347	20.795640000000013
319	5.448598440812205	2.8150201131722525	20.795640000000013
319	5.423372793604277	2.8300668309887813	20.795640000000013
319	5.398022334793728	2.8454941881617275	20.795640000000013
319	5.372567407165264	2.861277213636594	20.795640000000013
319	5.347028353503597	2.877390936358889	20.795640000000013
319	5.321425516593438	2.893810385274114	20.795640000000013
319	5.295779239219497	2.9105105893277727	20.795640000000013
319	5.270109864166485	2.9274665774653696	20.795640000000013
319	5.244437734219111	2.944653378632413	20.795640000000013
319	5.218783192162086	2.9620460217744045	20.795640000000013
319	5.1931665807801215	2.9796195358368456	20.795640000000013
319	5.167608242857928	2.997348949765245	20.795640000000013
319	5.142128521180214	3.015209292505105	20.795640000000013
319	5.116747758531694	3.0331755930019293	20.795640000000013
319	5.091486297697076	3.051222880201228	20.795640000000013
319	5.066364481461067	3.0693261830484984	20.795640000000013
319	5.041402652608381	3.087460530489249	20.795640000000013
319	5.0166211539237295	3.105600951468982	20.795640000000013
319	4.992040328191823	3.123722474933203	20.795640000000013
319	4.967680518197372	3.1418001298274154	20.795640000000013
319	4.943562066725082	3.159808945097125	20.795640000000013
319	4.91970531655967	3.177723949687836	20.795640000000013
319	4.896130610485844	3.1955201725450517	20.795640000000013
319	4.872858291288313	3.213172642614277	20.795640000000013
319	4.849908701751788	3.230656388841017	20.795640000000013
319	4.8273005256628805	3.247948132202266	20.795640000000013
319	4.805034652710561	3.265042742082468	20.795640000000013
319	4.783101163328152	3.2819461123518225	20.795640000000013
319	4.761489985668877	3.2986642921927727	20.795640000000013
319	4.74019104788597	3.315203330787756	20.795640000000013
319	4.719194278132652	3.3315692773192147	20.795640000000013
319	4.698489604562161	3.347768180969581	20.795640000000013
319	4.678066955327714	3.363806090921302	20.795640000000013
319	4.657916258582548	3.3796890563568125	20.795640000000013
319	4.638027442479889	3.395423126458552	20.795640000000013
319	4.618390435172964	3.411014350408961	20.795640000000013
319	4.598995164815001	3.426468777390478	20.795640000000013
319	4.579831559559232	3.4417924565855422	20.795640000000013
319	4.560889547558883	3.4569914371765917	20.795640000000013
319	4.542159056967182	3.472071768346068	20.795640000000013
319	4.523630015937358	3.487039499276408	20.795640000000013
319	4.505292352622639	3.501900679150052	20.795640000000013
319	4.487135995176254	3.516661357149437	20.795640000000013
319	4.469150871751431	3.5313275824570063	20.795640000000013
319	4.4513269105014	3.5459054042551967	20.795640000000013
319	4.433654039579387	3.5604008717264453	20.795640000000013
319	4.416122187138619	3.5748200340531966	20.795640000000013
319	4.398721281332331	3.589168940417882	20.795640000000013
319	4.381441250313744	3.60345364000295	20.795640000000013
319	4.36427202223609	3.617680181990833	20.795640000000013
319	4.347203525252598	3.631854615563971	20.795640000000013
319	4.330225687516493	3.645982989904806	20.795640000000013
319	4.313328437181006	3.6600713541957752	20.795640000000013
319	4.296501702399368	3.6741257576193176	20.795640000000013
319	4.279735411324803	3.6881522493578727	20.795640000000013
319	4.26301949211054	3.7021568785938817	20.795640000000013
319	4.246343872909809	3.716145694509781	20.795640000000013
319	4.229698481875837	3.730124746288009	20.795640000000013
319	4.213073247161853	3.7441000831110056	20.795640000000013
319	4.196458096921088	3.758077754161212	20.795640000000013
319	4.179842959306765	3.772063808621068	20.795640000000013
319	4.163217762472115	3.78606429567301	20.795640000000013
319	4.146572434570368	3.8000852644994767	20.795640000000013
319	4.129896903754751	3.814132764282911	20.795640000000013
319	4.113181098178492	3.828212844205747	20.795640000000013
319	4.09641494599482	3.8423315534504265	20.795640000000013
319	4.079588375356964	3.856494941199392	20.795640000000013
319	4.062691314418149	3.8707090566350777	20.795640000000013
319	4.045713691331609	3.884979948939924	20.795640000000013
319	4.028645434250566	3.8993136672963713	20.795640000000013
319	4.011476842731794	3.9137159608207472	20.795640000000013
319	3.9942049526539	3.928187136188257	20.795640000000013
319	3.9768326635756654	3.942722762661793	20.795640000000013
319	3.959363070877318	3.957318251295249	20.795640000000013
319	3.94179926993909	3.9719690131425134	20.795640000000013
319	3.9241443561412135	3.9866704592574846	20.795640000000013
319	3.9064014248639194	4.00141800069405	20.795640000000013
319	3.8885735714874383	4.016207048506105	20.795640000000013
319	3.870663891392001	4.031033013747542	20.795640000000013
319	3.8526754799578407	4.045891307472251	20.795640000000013
319	3.834611432565188	4.060777340734126	20.795640000000013
319	3.816474844594276	4.075686524587058	20.795640000000013
319	3.798268811425336	4.09061427008494	20.795640000000013
319	3.7799964284385954	4.105555988281667	20.795640000000013
319	3.761660791014289	4.120507090231126	20.795640000000013
319	3.743264994532649	4.135462986987214	20.795640000000013
319	3.724812134373905	4.150419089603821	20.795640000000013
319	3.706305305918287	4.165370809134841	20.795640000000013
319	3.687747604546031	4.1803135566341645	20.795640000000013
319	3.669142125637365	4.195242743155685	20.795640000000013
319	3.65049196457252	4.2101537797532975	20.795640000000013
319	3.631800216731729	4.225042077480889	20.795640000000013
319	3.613069977495224	4.239903047392354	20.795640000000013
319	3.5943043422432357	4.254732100541586	20.795640000000013
319	3.575506406355993	4.269524647982476	20.795640000000013
319	3.556679265213732	4.28427610076892	20.795640000000013
319	3.537826014196681	4.298981869954803	20.795640000000013
319	3.5189497486850727	4.313637366594024	20.795640000000013
319	3.500053564059137	4.328238001740473	20.795640000000013
319	3.481140555699106	4.342779186448043	20.795640000000013
319	3.4622138189852127	4.357256331770626	20.795640000000013
319	3.4432764492976884	4.371664848762111	20.795640000000013
319	3.424331542016761	4.386000148476398	20.795640000000013
319	3.4053821925226653	4.4002576419673725	20.795640000000013
319	3.386431496195633	4.41443274028893	20.795640000000013
319	3.367482548415893	4.428520854494963	20.795640000000013
319	3.348538444563677	4.442517395639362	20.795640000000013
319	3.3296022800192198	4.456417774776019	20.795640000000013
319	3.310677150162749	4.470217402958831	20.795640000000013
319	3.2917661503744973	4.483911691241687	20.795640000000013
319	3.272872376034697	4.497496050678476	20.795640000000013
319	3.2539989225235786	4.510965892323097	20.795640000000013
319	3.235148885221374	4.524316627229437	20.795640000000013
319	3.216325359508316	4.537543666451392	20.795640000000013
319	3.197530971423195	4.550643949123342	20.795640000000013
319	3.17876542262805	4.563623935557042	20.795640000000013
319	3.160027290391956	4.576493746859585	20.795640000000013
319	3.141315149641948	4.589263511763275	20.795640000000013
319	3.1226275753050583	4.601943359000419	20.795640000000013
319	3.103963142308322	4.614543417303319	20.795640000000013
319	3.085320425578773	4.627073815404284	20.795640000000013
319	3.066698000043446	4.639544682035617	20.795640000000013
319	3.048094440629374	4.651966145929625	20.795640000000013
319	3.029508322263593	4.664348335818611	20.795640000000013
319	3.010938219873136	4.67670138043488	20.795640000000013
319	2.992382708385036	4.689035408510738	20.795640000000013
319	2.973840362726329	4.7013605487784895	20.795640000000013
319	2.955309757824048	4.71368692997044	20.795640000000013
319	2.9367894686052285	4.726024680818895	20.795640000000013
319	2.918278069996903	4.738383930056161	20.795640000000013
319	2.8997741369261054	4.750774806414539	20.795640000000013
319	2.8812762443198734	4.763207438626338	20.795640000000013
319	2.8627829671052374	4.775691955423861	20.795640000000013
319	2.844292880209233	4.788238485539415	20.795640000000013
319	2.825804558558894	4.800857157705303	20.795640000000013
319	2.8073165770812545	4.813558100653832	20.795640000000013
319	2.7888275107033484	4.8263514431173045	20.795640000000013
319	2.770335934352211	4.839247313828028	20.795640000000013
319	2.751840422954876	4.852255841518308	20.795640000000013
319	2.7333395514383763	4.865387154920446	20.795640000000013
319	2.7148318947297474	4.878651382766751	20.795640000000013
319	2.696316027756024	4.892058653789526	20.795640000000013
319	2.6777905254442382	4.905619096721079	20.795640000000013
319	2.6592539627214253	4.919342840293711	20.795640000000013
319	2.64070491451462	4.93324001323973	20.795640000000013
319	2.6221419557508554	4.94732074429144	20.795640000000013
319	2.603563661357166	4.961595162181146	20.795640000000013
319	2.5849686062605866	4.976073395641152	20.795640000000013
319	2.566355365388151	4.990765573403767	20.795640000000013
319	2.5477225136668924	5.005681824201292	20.795640000000013
319	2.529068626023846	5.020832276766035	20.795640000000013
319	2.5103922773860456	5.036227059830299	20.795640000000013
319	2.491692042680526	5.051876302126392	20.795640000000013
319	2.4729664968343203	5.067790132386614	20.795640000000013
319	2.4542142147744626	5.083978679343275	20.795640000000013
319	2.435433771427988	5.100452071728677	20.795640000000013
319	2.4166237417219305	5.117220438275128	20.795640000000013
319	2.397782700583324	5.134293907714931	20.795640000000013
319	2.378909222939202	5.151682608780392	20.795640000000013
319	2.3600018837166004	5.169396670203813	20.795640000000013
319	2.3410592578425518	5.187446220717506	20.795640000000013
319	2.322079920244089	5.205841389053771	20.795640000000013
319	2.30306244584825	5.224592303944913	20.795640000000013
319	2.284005409582066	5.243709094123239	20.795640000000013
319	2.264907386372572	5.263201888321054	20.795640000000013
319	2.2457683437217058	5.283079053390484	20.795640000000013
319	2.2266045506782786	5.303328331532024	20.795640000000013
319	2.207442847259381	5.32392409059954	20.795640000000013
319	2.1883102520997344	5.3448404724606	20.795640000000013
319	2.169233783834059	5.366051618982764	20.795640000000013
319	2.150240461097076	5.387531672033601	20.795640000000013
319	2.1313573025235044	5.409254773480672	20.795640000000013
319	2.112611326748067	5.431195065191541	20.795640000000013
319	2.0940295524054826	5.453326689033774	20.795640000000013
319	2.075638998130473	5.475623786874934	20.795640000000013
319	2.057466682557758	5.498060500582584	20.795640000000013
319	2.039539624322059	5.520610972024292	20.795640000000013
319	2.0218848420580966	5.543249343067616	20.795640000000013
319	2.00452935440059	5.565949755580126	20.795640000000013
319	1.987500179984262	5.588686351429383	20.795640000000013
319	1.970824337443832	5.611433272482952	20.795640000000013
319	1.9545288454140213	5.634164660608397	20.795640000000013
319	1.9386407225295497	5.65685465767328	20.795640000000013
319	1.923186987425138	5.679477405545171	20.795640000000013
319	1.908194658735508	5.702007046091628	20.795640000000013
319	1.8936907550953783	5.7244177211802185	20.795640000000013
319	1.8797022951394715	5.746683572678503	20.795640000000013
319	1.866256297502508	5.7687787424540495	20.795640000000013
319	1.853379780819207	5.790677372374419	20.795640000000013
319	1.84109976372429	5.81235360430718	20.795640000000013
319	1.8294432648524777	5.833781580119894	20.795640000000013
319	1.8184373028384904	5.854935441680123	20.795640000000013
319	1.8081088963170495	5.875789330855435	20.795640000000013
319	1.798485063922875	5.89631738951339	20.795640000000013
319	1.789592824290688	5.916493759521557	20.795640000000013
319	1.7814591960552084	5.936292582747496	20.795640000000013
319	1.7741111978511577	5.955688001058772	20.795640000000013
319	1.7675758483132558	5.974654156322952	20.795640000000013
319	1.7618801660762242	5.993165190407597	20.795640000000013
319	1.7570511697747822	6.011195245180272	20.795640000000013
319	1.7531158780436522	6.028718462508538	20.795640000000013
319	1.7501013095175535	6.045708984259965	20.795640000000013
319	1.748034482831206	6.062140952302116	20.795640000000013
319	1.7469424166193332	6.077988508502551	20.795640000000013
319	1.7468521295166537	6.093225794728837	20.795640000000013
319	1.7477906401578875	6.107826952848537	20.795640000000013
319	1.7497849671777574	6.121766124729216	20.795640000000013
319	1.7528621292109825	6.135017452238438	20.795640000000013
