267	2.1124235916132346	4.303501253126961	8.48621999999999
267	2.1094543560102545	4.302686977275154	8.48621999999999
267	2.106589062112472	4.3015484269834205	8.48621999999999
267	2.103825431556323	4.300098261849276	8.48621999999999
267	2.1011611859782424	4.298349141470227	8.48621999999999
267	2.098594047014665	4.296313725443788	8.48621999999999
267	2.0961217363020266	4.294004673367471	8.48621999999999
267	2.093741975476763	4.291434644838783	8.48621999999999
267	2.0914524861753088	4.288616299455241	8.48621999999999
267	2.089250990034098	4.285562296814356	8.48621999999999
267	2.0871352086895683	4.282285296513637	8.48621999999999
267	2.085102863778152	4.278797958150598	8.48621999999999
267	2.083151676936287	4.275112941322749	8.48621999999999
267	2.0812793698004066	4.2712429056276	8.48621999999999
267	2.079483664006948	4.267200510662665	8.48621999999999
267	2.0777622811923435	4.262998416025455	8.48621999999999
267	2.0761129429930314	4.258649281313481	8.48621999999999
267	2.074533371045445	4.254165766124256	8.48621999999999
267	2.07302128698602	4.249560530055291	8.48621999999999
267	2.0715744124511923	4.244846232704097	8.48621999999999
267	2.070190469077396	4.240035533668187	8.48621999999999
267	2.0688671785010677	4.235141092545069	8.48621999999999
267	2.06760226235864	4.23017556893226	8.48621999999999
267	2.066393442286551	4.225151622427264	8.48621999999999
267	2.065238439921234	4.220081912627601	8.48621999999999
267	2.064134976899126	4.214979099130776	8.48621999999999
267	2.063080774856661	4.209855841534304	8.48621999999999
267	2.0620735554302745	4.204724799435695	8.48621999999999
267	2.061111040256401	4.199598632432461	8.48621999999999
267	2.0601909509714766	4.194490000122117	8.48621999999999
267	2.059311009211936	4.189411562102171	8.48621999999999
267	2.0584689680830515	4.184375746882697	8.48621999999999
267	2.0576634365845585	4.179388697820549	8.48621999999999
267	2.056893960153989	4.174449681659554	8.48621999999999
267	2.0561601318472293	4.169557615464131	8.48621999999999
267	2.055461544720169	4.1647114162987	8.48621999999999
267	2.054797791828695	4.159910001227682	8.48621999999999
267	2.0541684662286963	4.15515228731549	8.48621999999999
267	2.053573160976061	4.150437191626545	8.48621999999999
267	2.053011469126677	4.145763631225269	8.48621999999999
267	2.052482983736432	4.141130523176077	8.48621999999999
267	2.0519872978612144	4.136536784543391	8.48621999999999
267	2.0515240045569128	4.131981332391624	8.48621999999999
267	2.051092696879414	4.127463083785202	8.48621999999999
267	2.0506929678846064	4.122980955788541	8.48621999999999
267	2.050324410628379	4.118533865466059	8.48621999999999
267	2.049986618166619	4.114120729882173	8.48621999999999
267	2.0496791835552157	4.109740466101306	8.48621999999999
267	2.0494016998500557	4.105391991187875	8.48621999999999
267	2.0491537601070267	4.101074222206299	8.48621999999999
267	2.0489349573820186	4.096786076220996	8.48621999999999
267	2.048744884730919	4.092526470296384	8.48621999999999
267	2.0485831352096144	4.088294321496884	8.48621999999999
267	2.0484493018739944	4.084088546886916	8.48621999999999
267	2.048342977779947	4.079908063530894	8.48621999999999
267	2.0482637559833603	4.075751788493241	8.48621999999999
267	2.0482112295401214	4.071618638838374	8.48621999999999
267	2.0481849915061194	4.067507531630712	8.48621999999999
267	2.048184634937242	4.063417383934675	8.48621999999999
267	2.048209752889377	4.059347112814679	8.48621999999999
267	2.0482599384184126	4.055295635335146	8.48621999999999
267	2.0483347845802373	4.051261868560493	8.48621999999999
267	2.0484338844307395	4.04724472955514	8.48621999999999
267	2.048556831025805	4.043243135383504	8.48621999999999
267	2.048703217421325	4.039256003110005	8.48621999999999
267	2.048872636673186	4.035282249799062	8.48621999999999
267	2.049064681837276	4.031320792515092	8.48621999999999
267	2.049278945969484	4.0273705483225175	8.48621999999999
267	2.049515022125696	4.023430434285753	8.48621999999999
267	2.0497725033618024	4.019499367469221	8.48621999999999
267	2.05005098273369	4.015576264937337	8.48621999999999
267	2.0503500532972474	4.011660043754522	8.48621999999999
267	2.050669308108362	4.007749620985196	8.48621999999999
267	2.0510083402229227	4.003843913693774	8.48621999999999
267	2.0513667426968167	3.999941838944678	8.48621999999999
267	2.051744108585933	3.9960423138023264	8.48621999999999
267	2.052140030946159	3.992144255331136	8.48621999999999
267	2.052554102833384	3.9882465805955274	8.48621999999999
267	2.0529859173034937	3.9843482066599183	8.48621999999999
267	2.0534350674123782	3.9804480505887287	8.48621999999999
267	2.053901146215925	3.9765450294463767	8.48621999999999
267	2.0543837467700223	3.972638060297281	8.48621999999999
267	2.054882462130558	3.968726060205862	8.48621999999999
267	2.05539688535342	3.964807946236536	8.48621999999999
267	2.055926609494496	3.9608826354537214	8.48621999999999
267	2.056471227609676	3.956949044921842	8.48621999999999
267	2.0570303327548447	3.953006091705313	8.48621999999999
267	2.0576035179858936	3.949052692868552	8.48621999999999
267	2.058190390257483	3.945087863495578	8.48621999999999
267	2.058790678240953	3.941111477064141	8.48621999999999
267	2.05940417359636	3.9371238512731015	8.48621999999999
267	2.06003066851388	3.933125307559932	8.48621999999999
267	2.060669955183689	3.9291161673621016	8.48621999999999
267	2.0613218257959622	3.925096752117091	8.48621999999999
267	2.061986072540876	3.921067383262371	8.48621999999999
267	2.062662487608607	3.917028382235413	8.48621999999999
267	2.0633508631893296	3.912980070473693	8.48621999999999
267	2.06405099147322	3.908922769414682	8.48621999999999
267	2.064762664650456	3.904856800495856	8.48621999999999
267	2.065485674911211	3.9007824851546857	8.48621999999999
267	2.0662198144456623	3.896700144828648	8.48621999999999
267	2.0669648754439853	3.892610100955213	8.48621999999999
267	2.067720650096356	3.8885126749718575	8.48621999999999
267	2.0684869305929507	3.8844081883160513	8.48621999999999
267	2.069263509123944	3.880296962425272	8.48621999999999
267	2.070050177879514	3.876179318736989	8.48621999999999
267	2.0708467290498342	3.872055578688677	8.48621999999999
267	2.071652954825082	3.8679260637178094	8.48621999999999
267	2.072468647395433	3.8637910952618615	8.48621999999999
267	2.073293598951063	3.859650994758307	8.48621999999999
267	2.074127601682148	3.855506083644615	8.48621999999999
267	2.0749704477788637	3.8513566833582624	8.48621999999999
267	2.075821929431385	3.8472031153367223	8.48621999999999
267	2.0766818388298907	3.843045701017468	8.48621999999999
267	2.0775499681645537	3.8388847618379742	8.48621999999999
267	2.078426109625552	3.8347206192357097	8.48621999999999
267	2.0793100554030595	3.830553594648154	8.48621999999999
267	2.0802015976872537	3.826384009512776	8.48621999999999
267	2.0811005286683093	3.822212185267052	8.48621999999999
267	2.082006640536404	3.8180384433484535	8.48621999999999
267	2.082919725481712	3.8138631051944554	8.48621999999999
267	2.0838395756944093	3.8096864922425295	8.48621999999999
267	2.084765983364673	3.8055089259301527	8.48621999999999
267	2.085698740682677	3.8013307276947934	8.48621999999999
267	2.086637639838599	3.797152218973929	8.48621999999999
267	2.087582473022615	3.792973721205032	8.48621999999999
267	2.0885330324249	3.7887955558255753	8.48621999999999
267	2.089489110235629	3.784618044273032	8.48621999999999
267	2.09045049864498	3.780441507984877	8.48621999999999
267	2.091416989843128	3.776266268398583	8.48621999999999
267	2.092388376020248	3.772092646951622	8.48621999999999
267	2.093364449366517	3.76792096508147	8.48621999999999
267	2.094345002072111	3.763751544225598	8.48621999999999
267	2.0953298263272053	3.7595847058214815	8.48621999999999
267	2.0963187143219755	3.7554207713065946	8.48621999999999
267	2.0973114582465984	3.751260062118407	8.48621999999999
267	2.0983078502912487	3.7471028996943954	8.48621999999999
267	2.099307682646104	3.742949605472031	8.48621999999999
267	2.100310747501339	3.7388005008887895	8.48621999999999
267	2.1013168370471296	3.7346559073821446	8.48621999999999
267	2.1023257434736515	3.730516146389568	8.48621999999999
267	2.103337258971082	3.726381539348533	8.48621999999999
267	2.104351175729596	3.722252407696514	8.48621999999999
267	2.1053672859393684	3.718129072870984	8.48621999999999
267	2.106385381790577	3.714011856309417	8.48621999999999
267	2.107405255473396	3.7099010794492857	8.48621999999999
267	2.1084266991780027	3.705797063728065	8.48621999999999
267	2.1094495050945725	3.7017001305832262	8.48621999999999
267	2.1104734654132806	3.697610601452245	8.48621999999999
267	2.1114983723243044	3.6935287977725935	8.48621999999999
267	2.112524018017818	3.689455040981745	8.48621999999999
267	2.1135501946839983	3.685389652517173	8.48621999999999
267	2.1145766945130213	3.681332953816352	8.48621999999999
267	2.1156033096950626	3.677285266316754	8.48621999999999
267	2.116629832420298	3.673246911455853	8.48621999999999
267	2.117656054878904	3.669218210671125	8.48621999999999
267	2.118681769261056	3.665199485400039	8.48621999999999
267	2.1197067693822693	3.66119105641396	8.48621999999999
267	2.1207312255595268	3.657193090183157	8.48621999999999
267	2.121756164383857	3.6532054022522455	8.48621999999999
267	2.1227827308667315	3.649227759633752	8.48621999999999
267	2.123812070019624	3.6452599293402015	8.48621999999999
267	2.124845326854005	3.6413016783841208	8.48621999999999
267	2.1258836463813484	3.637352773778032	8.48621999999999
267	2.1269281736131247	3.633412982534463	8.48621999999999
267	2.127980053560808	3.6294820716659366	8.48621999999999
267	2.12904043123587	3.6255598081849776	8.48621999999999
267	2.130110451649782	3.621645959104113	8.48621999999999
267	2.131191259814018	3.617740291435867	8.48621999999999
267	2.1322840007400496	3.6138425721927634	8.48621999999999
267	2.133389819439349	3.60995256838733	8.48621999999999
267	2.134509860923388	3.606070047032088	8.48621999999999
267	2.13564527020364	3.6021947751395667	8.48621999999999
267	2.1367971922915765	3.5983265197222893	8.48621999999999
267	2.137966772198669	3.5944650477927818	8.48621999999999
267	2.1391551549363923	3.5906101263635666	8.48621999999999
267	2.140363485516216	3.586761522447171	8.48621999999999
267	2.1415929089496144	3.58291900305612	8.48621999999999
267	2.142844570248059	3.579082335202937	8.48621999999999
267	2.1441196144230226	3.575251285900149	8.48621999999999
267	2.1454191864859764	3.5714256221602803	8.48621999999999
267	2.146744431448393	3.567605110995858	8.48621999999999
267	2.148096494321746	3.563789519419404	8.48621999999999
267	2.149476520117506	3.559978614443444	8.48621999999999
267	2.1508856538471464	3.556172163080503	8.48621999999999
267	2.15232504052214	3.552369932343105	8.48621999999999
267	2.153795825153957	3.54857168924378	8.48621999999999
267	2.155299152754071	3.5447772007950498	8.48621999999999
267	2.156836168333955	3.540986234009438	8.48621999999999
267	2.158408016905081	3.5371985558994723	8.48621999999999
267	2.16001584347892	3.533413933477675	8.48621999999999
267	2.1616607930669454	3.529632133756574	8.48621999999999
267	2.1633440106806296	3.525852923748692	8.48621999999999
267	2.1650666413314448	3.5220760704665564	8.48621999999999
267	2.166829830030862	3.518301340922693	8.48621999999999
267	2.1686347217903554	3.5145285021296235	8.48621999999999
267	2.170482461621398	3.510757321099872	8.48621999999999
267	2.1723741945354598	3.506987564845968	8.48621999999999
267	2.1743110655440128	3.503219000380434	8.48621999999999
267	2.1762942196585318	3.4994513947157966	8.48621999999999
267	2.178324801890487	3.495684514864581	8.48621999999999
267	2.180403957251352	3.491918127839308	8.48621999999999
267	2.182532830752597	3.4881520006525086	8.48621999999999
267	2.1847125674056977	3.4843859003167044	8.48621999999999
267	2.186944312222124	3.4806195938444207	8.48621999999999
267	2.189229210213349	3.476852848248183	8.48621999999999
267	2.191568406390845	3.4730854305405163	8.48621999999999
267	2.1939630457660835	3.4693171077339477	8.48621999999999
267	2.196414273350538	3.4655476468409976	8.48621999999999
267	2.198923234155681	3.4617768148741943	8.48621999999999
267	2.201491073192982	3.4580043788460646	8.48621999999999
267	2.204118935473917	3.4542301057691285	8.48621999999999
267	2.2068079660099564	3.450453762655916	8.48621999999999
267	2.209559309812572	3.446675116518949	8.48621999999999
267	2.212374111893238	3.4428939343707547	8.48621999999999
267	2.2152535172634247	3.4391099832238563	8.48621999999999
267	2.2181986709346053	3.435323030090781	8.48621999999999
267	2.2212107179182525	3.431532841984051	8.48621999999999
267	2.224290803225838	3.4277391859161925	8.48621999999999
267	2.2274400718688345	3.423941828899732	8.48621999999999
267	2.230659602846078	3.420140632563206	8.48621999999999
267	2.2339477703748467	3.4163393353027365	8.48621999999999
267	2.2372993527483493	3.4125468295579653	8.48621999999999
267	2.240708879475265	3.40877236435178	8.48621999999999
267	2.244170880064271	3.405025188707075	8.48621999999999
267	2.247679884024044	3.4013145516467453	8.48621999999999
267	2.2512304208632634	3.397649702193683	8.48621999999999
267	2.254817020090607	3.394039889370781	8.48621999999999
267	2.2584342112147517	3.39049436220093	8.48621999999999
267	2.2620765237443763	3.3870223697070223	8.48621999999999
267	2.265738487188157	3.3836331609119545	8.48621999999999
267	2.269414631054775	3.380335984838613	8.48621999999999
267	2.2730994848529043	3.377140090509898	8.48621999999999
267	2.276787578091226	3.374054726948696	8.48621999999999
267	2.280473440278416	3.371089143177904	8.48621999999999
267	2.284151600923152	3.368252588220412	8.48621999999999
267	2.287816589534114	3.365554311099112	8.48621999999999
267	2.2914629356199767	3.3630035608369004	8.48621999999999
267	2.295085168689422	3.3606095864566656	8.48621999999999
267	2.2986778182511243	3.3583816369813047	8.48621999999999
267	2.3022354138137637	3.3563289614337046	8.48621999999999
267	2.3057524848860163	3.354460808836764	8.48621999999999
267	2.309223560976561	3.352786428213373	8.48621999999999
267	2.3126431715940754	3.3513150685864237	8.48621999999999
267	2.316005846247237	3.350055978978808	8.48621999999999
267	2.3193061144447253	3.349018408413418	8.48621999999999
267	2.3225385056952166	3.348211605913151	8.48621999999999
267	2.3256975495073893	3.3476448205008964	8.48621999999999
267	2.3287777753899213	3.347327301199546	8.48621999999999
267	2.3317737128514904	3.3472682970319934	8.48621999999999
267	2.334679891400774	3.347477057021134	8.48621999999999
267	2.33749107477754	3.3479622792845705	8.48621999999999
267	2.3402058833172625	3.348723591329452	8.48621999999999
267	2.342826097060458	3.3497531891207712	8.48621999999999
267	2.3453535891627366	3.3510430496193	8.48621999999999
267	2.3477902327797064	3.352585149785805	8.48621999999999
267	2.3501379010669745	3.354371466581071	8.48621999999999
267	2.352398467180151	3.3563939769658644	8.48621999999999
267	2.3545738042748425	3.358644657900962	8.48621999999999
267	2.3566657855066584	3.3611154863471366	8.48621999999999
267	2.3586762840312065	3.363798439265164	8.48621999999999
267	2.3606071730040954	3.3666854936158144	8.48621999999999
267	2.362460325580932	3.3697686263598667	8.48621999999999
267	2.364237614917327	3.3730398144580898	8.48621999999999
267	2.3659409141688856	3.37649103487126	8.48621999999999
267	2.367572096491219	3.3801142645601496	8.48621999999999
267	2.369133035039934	3.3839014804855347	8.48621999999999
267	2.3706256029706383	3.3878446596081897	8.48621999999999
267	2.372051673438942	3.391935778888885	8.48621999999999
267	2.373413119600451	3.3961668152883977	8.48621999999999
267	2.3747118146107757	3.4005297457675008	8.48621999999999
267	2.3759496316255238	3.405016547286964	8.48621999999999
267	2.3771284438003013	3.4096191968075704	8.48621999999999
267	2.3782501242907195	3.414329671290086	8.48621999999999
267	2.3793165462523858	3.419139947695288	8.48621999999999
267	2.380329582840909	3.4240420029839465	8.48621999999999
267	2.3812911072118945	3.429027814116841	8.48621999999999
267	2.382202992520953	3.4340893580547416	8.48621999999999
267	2.383067111923693	3.439218611758423	8.48621999999999
267	2.383885338575722	3.4444075521886592	8.48621999999999
267	2.384659545632649	3.4496481563062247	8.48621999999999
267	2.3853916062500806	3.4549324010718925	8.48621999999999
267	2.3860833935836263	3.4602522634464368	8.48621999999999
267	2.3867367807888944	3.46559972039063	8.48621999999999
267	2.387353641021493	3.4709667488652496	8.48621999999999
267	2.3879358474370296	3.476345325831065	8.48621999999999
267	2.388485273191113	3.481727428248853	8.48621999999999
267	2.3890037914393525	3.487105033079388	8.48621999999999
267	2.3894932753373546	3.4924701172834416	8.48621999999999
267	2.389955598040728	3.497814657821791	8.48621999999999
267	2.3903926327050824	3.503130631655204	8.48621999999999
267	2.3908062524860245	3.5084100157444613	8.48621999999999
267	2.3911983305346167	3.513644787072894	8.48621999999999
267	2.3915704143348537	3.5188285389910474	8.48621999999999
267	2.391922841571455	3.523960869386165	8.48621999999999
267	2.392255669063322	3.529042770152885	8.48621999999999
267	2.3925689536293557	3.534075233185839	8.48621999999999
267	2.392862752088456	3.539059250379664	8.48621999999999
267	2.3931371212595245	3.543995813628994	8.48621999999999
267	2.393392117961461	3.5488859148284684	8.48621999999999
267	2.393627799013168	3.5537305458727166	8.48621999999999
267	2.3938442212335453	3.55853069865638	8.48621999999999
267	2.394041441441493	3.563287365074089	8.48621999999999
267	2.3942195164559137	3.5680015370204803	8.48621999999999
267	2.394378503095707	3.572674206390189	8.48621999999999
267	2.3945184581797743	3.5773063650778534	8.48621999999999
267	2.394639438527015	3.581899004978104	8.48621999999999
267	2.394741500956332	3.586453117985579	8.48621999999999
267	2.3948247022866243	3.5909696959949144	8.48621999999999
267	2.394889099336794	3.595449730900743	8.48621999999999
267	2.3949347489257407	3.599894214597698	8.48621999999999
267	2.394961707872367	3.604304138980422	8.48621999999999
267	2.3949700329955714	3.6086804959435455	8.48621999999999
267	2.3949597811142564	3.613024277381704	8.48621999999999
267	2.394931009047322	3.617336475189533	8.48621999999999
267	2.3948837736136697	3.6216180812616674	8.48621999999999
267	2.3948181316321997	3.625870087492744	8.48621999999999
267	2.3947341399218125	3.630093485777397	8.48621999999999
267	2.39463185530141	3.634289268010262	8.48621999999999
267	2.394511334589892	3.6384584260859736	8.48621999999999
267	2.39437263460616	3.642601951899168	8.48621999999999
267	2.3942158121691146	3.6467208373444793	8.48621999999999
267	2.394040924097657	3.6508160743165448	8.48621999999999
267	2.393848027210686	3.654888654709998	8.48621999999999
267	2.393637178327105	3.6589395704194736	8.48621999999999
267	2.393408434265814	3.66296981333961	8.48621999999999
267	2.393161851845713	3.6669803753650383	8.48621999999999
267	2.392897487885704	3.670972248390397	8.48621999999999
267	2.392615399204687	3.67494642431032	8.48621999999999
267	2.3923156426215626	3.6789038950194426	8.48621999999999
267	2.3919982749552315	3.6828456524124	8.48621999999999
267	2.391663353024595	3.686772688383829	8.48621999999999
267	2.3913109336485547	3.690685994828365	8.48621999999999
267	2.3909410736460104	3.69458656364064	8.48621999999999
267	2.3905538298358637	3.698475386715291	8.48621999999999
267	2.3901492590370124	3.7023534559469535	8.48621999999999
267	2.389727418068362	3.706221763230264	8.48621999999999
267	2.38928836374881	3.7100813004598567	8.48621999999999
267	2.3888321528972587	3.7139330595303663	8.48621999999999
267	2.3883588423326088	3.7177780323364287	8.48621999999999
267	2.38786848887376	3.721617210772679	8.48621999999999
267	2.3873611493396134	3.7254515867337537	8.48621999999999
267	2.386836880549071	3.729282152114285	8.48621999999999
267	2.3862957393210333	3.733109898808911	8.48621999999999
267	2.3857377824744	3.736935818712266	8.48621999999999
267	2.3851630668280728	3.740760903718983	8.48621999999999
267	2.3845716492009514	3.744586145723704	8.48621999999999
267	2.383963586411938	3.748412536621058	8.48621999999999
267	2.383338935279933	3.7522410683056817	8.48621999999999
267	2.382697752623837	3.756072732672211	8.48621999999999
267	2.3820400952625502	3.7599085216152823	8.48621999999999
267	2.3813660200149758	3.763749427029527	8.48621999999999
267	2.380675583700012	3.767596440809585	8.48621999999999
267	2.37996884313656	3.771450554850089	8.48621999999999
267	2.3792458551435214	3.775312761045674	8.48621999999999
267	2.378506676539797	3.7791840512909776	8.48621999999999
267	2.3777513641442862	3.783065417480636	8.48621999999999
267	2.376979974775892	3.786957851509277	8.48621999999999
267	2.376192566062461	3.790862340056431	8.48621999999999
267	2.3753892672907657	3.794779407831512	8.48621999999999
267	2.3745703346632854	3.798708761344884	8.48621999999999
267	2.373736037387861	3.802650023264075	8.48621999999999
267	2.3728866446723305	3.806602816256628	8.48621999999999
267	2.3720224257245337	3.8105667629900735	8.48621999999999
267	2.37114364975231	3.8145414861319455	8.48621999999999
267	2.3702505859634986	3.8185266083497815	8.48621999999999
267	2.369343503565939	3.822521752311114	8.48621999999999
267	2.36842267176747	3.82652654068348	8.48621999999999
267	2.3674883597759315	3.8305405961344112	8.48621999999999
267	2.3665408367991616	3.834563541331444	8.48621999999999
267	2.365580372045	3.838594998942116	8.48621999999999
267	2.364607234721287	3.842634591633957	8.48621999999999
267	2.3636216940358605	3.846681942074503	8.48621999999999
267	2.3626240191965606	3.850736672931293	8.48621999999999
267	2.361614479411226	3.8547984068718577	8.48621999999999
267	2.3605933438876967	3.858866766563733	8.48621999999999
267	2.359560881833812	3.862941374674453	8.48621999999999
267	2.3585173624574094	3.867021853871552	8.48621999999999
267	2.3574630549663302	3.8711078268225663	8.48621999999999
267	2.356398228568412	3.875198916195033	8.48621999999999
267	2.355323152471496	3.879294744656481	8.48621999999999
267	2.35423809588342	3.883394934874449	8.48621999999999
267	2.353143328012022	3.887499109516472	8.48621999999999
267	2.352039118065145	3.891606891250084	8.48621999999999
267	2.350925735250626	3.8957179027428177	8.48621999999999
267	2.3498034487763038	3.899831766662211	8.48621999999999
267	2.348672527850018	3.9039481056757976	8.48621999999999
267	2.3475332416796086	3.9080665424511114	8.48621999999999
267	2.346385859472914	3.9121866996556873	8.48621999999999
267	2.345230650437774	3.9163081999570624	8.48621999999999
267	2.344067883782027	3.920430666022769	8.48621999999999
267	2.342897828713514	3.9245537205203416	8.48621999999999
267	2.3417207544400727	3.928676986117319	8.48621999999999
267	2.340536930169543	3.9328000854812313	8.48621999999999
267	2.3393466251097634	3.9369226412796143	8.48621999999999
267	2.3381501084685747	3.941044276180003	8.48621999999999
267	2.336947649453814	3.9451646128499354	8.48621999999999
267	2.335739517273322	3.949283273956944	8.48621999999999
267	2.334525981134939	3.95339988216856	8.48621999999999
267	2.3333073102465023	3.957514060152322	8.48621999999999
267	2.332083773815851	3.961625430575767	8.48621999999999
267	2.330855641050826	3.965733616106423	8.48621999999999
267	2.3296231811592656	3.969838239411831	8.48621999999999
267	2.328386663349009	3.973938923159525	8.48621999999999
267	2.327146356827896	3.978035290017036	8.48621999999999
267	2.325902530803765	3.982126962651901	8.48621999999999
267	2.324655454484456	3.986213563731656	8.48621999999999
267	2.323405397077808	3.9902947159238336	8.48621999999999
267	2.3221526277916604	3.99437004189597	8.48621999999999
267	2.3208974158338527	3.9984391643156	8.48621999999999
267	2.319640030412223	4.002501705850258	8.48621999999999
267	2.318380740734612	4.006557289167478	8.48621999999999
267	2.3171198160088577	4.010605536934796	8.48621999999999
267	2.3158575254428	4.014646071819749	8.48621999999999
267	2.3145941382442783	4.018678516489866	8.48621999999999
267	2.313329923621132	4.022702493612687	8.48621999999999
267	2.312065150781199	4.026717625855744	8.48621999999999
267	2.3108000889323206	4.030723535886572	8.48621999999999
267	2.309535007282335	4.034719846372706	8.48621999999999
267	2.3082701750390813	4.038706179981682	8.48621999999999
267	2.3070058614103988	4.042682159381035	8.48621999999999
267	2.3057423356041262	4.046647407238297	8.48621999999999
267	2.304479866828104	4.050601546221005	8.48621999999999
267	2.303218724290172	4.054544198996693	8.48621999999999
267	2.3019590047180927	4.0584750446454585	8.48621999999999
267	2.300699592774349	4.062394158674107	8.48621999999999
267	2.2994388534595056	4.066301786553775	8.48621999999999
267	2.2981751497879936	4.0701981744051965	8.48621999999999
267	2.296906844774244	4.0740835683491055	8.48621999999999
267	2.295632301432688	4.077958214506239	8.48621999999999
267	2.2943498827777584	4.081822358997329	8.48621999999999
267	2.293057951823888	4.085676247943109	8.48621999999999
267	2.2917548715855047	4.089520127464316	8.48621999999999
267	2.290439005077044	4.093354243681684	8.48621999999999
267	2.289108715312936	4.097178842715946	8.48621999999999
267	2.2877623653076125	4.100994170687837	8.48621999999999
267	2.286398318075506	4.104800473718094	8.48621999999999
267	2.285014936631046	4.108597997927449	8.48621999999999
267	2.283610583988666	4.112386989436637	8.48621999999999
267	2.2821836231627963	4.116167694366392	8.48621999999999
267	2.2807324171678705	4.119940358837448	8.48621999999999
267	2.279255329018319	4.123705228970541	8.48621999999999
267	2.277750721728573	4.127462550886406	8.48621999999999
267	2.276216958313066	4.131212570705775	8.48621999999999
267	2.2746524017862275	4.134955534549386	8.48621999999999
267	2.273055415162491	4.138691688537968	8.48621999999999
267	2.2714243614562872	4.142421278792259	8.48621999999999
267	2.269757603682048	4.146144551432996	8.48621999999999
267	2.2680535048542048	4.149861752580909	8.48621999999999
267	2.266310427987189	4.153573128356734	8.48621999999999
267	2.264526736095434	4.157278924881206	8.48621999999999
267	2.2627007921933693	4.16097938827506	8.48621999999999
267	2.2608309592954274	4.164674764659029	8.48621999999999
267	2.2589156004160404	4.168365300153848	8.48621999999999
267	2.25695307856964	4.172051240880252	8.48621999999999
267	2.2549417567706573	4.175732832958975	8.48621999999999
267	2.2528799980335243	4.179410322510751	8.48621999999999
267	2.250766165372672	4.183083955656317	8.48621999999999
267	2.2485986218025333	4.186753978516403	8.48621999999999
267	2.246375730337539	4.190420637211747	8.48621999999999
267	2.244095853992121	4.194084177863084	8.48621999999999
267	2.241757355780712	4.197744846591144	8.48621999999999
267	2.2393585987177405	4.201402889516666	8.48621999999999
267	2.236897945817642	4.205058552760383	8.48621999999999
267	2.234373760094845	4.20871208244303	8.48621999999999
267	2.231784404563784	4.21236372468534	8.48621999999999
267	2.2291282422388896	4.2160137256080485	8.48621999999999
267	2.226403636134592	4.21966233133189	8.48621999999999
267	2.2236089492653246	4.223309787977601	8.48621999999999
267	2.2207425446455185	4.22695634166591	8.48621999999999
267	2.2178027852896056	4.230602238517557	8.48621999999999
267	2.214788034212017	4.234247724653275	8.48621999999999
267	2.2116966544271848	4.237893046193799	8.48621999999999
267	2.208527008949541	4.241538449259862	8.48621999999999
267	2.205277460793517	4.245184179972198	8.48621999999999
267	2.2019466120083027	4.248830127534086	8.48621999999999
267	2.1985376168340784	4.252469383993271	8.48621999999999
267	2.1950577111408545	4.256088946865683	8.48621999999999
267	2.1915142753697867	4.259675597799213	8.48621999999999
267	2.187914689962032	4.263216118441752	8.48621999999999
267	2.184266335358748	4.266697290441185	8.48621999999999
267	2.18057659200109	4.270105895445404	8.48621999999999
267	2.176852840330216	4.273428715102297	8.48621999999999
267	2.173102460787283	4.276652531059752	8.48621999999999
267	2.169332833813446	4.27976412496566	8.48621999999999
267	2.165551339849864	4.282750278467908	8.48621999999999
267	2.1617653593376924	4.285597773214386	8.48621999999999
267	2.157982272718088	4.288293390852981	8.48621999999999
267	2.154209460432209	4.290823913031585	8.48621999999999
267	2.15045430292121	4.293176121398084	8.48621999999999
267	2.1467241806262507	4.29533679760037	8.48621999999999
267	2.143026473988485	4.297292723286328	8.48621999999999
267	2.139368563449071	4.299030680103851	8.48621999999999
267	2.135757829449166	4.300537449700824	8.48621999999999
267	2.132201652429925	4.301799813725139	8.48621999999999
267	2.128707412832508	4.302804553824683	8.48621999999999
267	2.125282491098068	4.303538451647347	8.48621999999999
267	2.121934267667765	4.303988288841016	8.48621999999999
267	2.118670122982753	4.304140847053583	8.48621999999999
267	2.1154974374841915	4.303982907932935	8.48621999999999
267	2.112423591613235	4.303501253126961	8.48621999999999
287	2.247259140014081	4.101247930525696	9.154509999999991
287	2.24513452810322	4.100718949609848	9.154509999999991
287	2.243033750060944	4.099879397863227	9.154509999999991
287	2.240957087431924	4.098741386199692	9.154509999999991
287	2.238904821760831	4.097317025533108	9.154509999999991
287	2.236877234592336	4.095618426777341	9.154509999999991
287	2.23487460747111	4.093657700846247	9.154509999999991
287	2.2328972219418244	4.091446958653693	9.154509999999991
287	2.230945359549151	4.08899831111354	9.154509999999991
287	2.2290193018377598	4.086323869139654	9.154509999999991
287	2.2271193303523216	4.083435743645895	9.154509999999991
287	2.2252457266375085	4.080346045546129	9.154509999999991
287	2.2233987722379918	4.077066885754215	9.154509999999991
287	2.221578748698442	4.073610375184018	9.154509999999991
287	2.2197859375635294	4.069988624749401	9.154509999999991
287	2.2180206203779265	4.066213745364226	9.154509999999991
287	2.216283078686305	4.062297847942356	9.154509999999991
287	2.214573594033334	4.058253043397653	9.154509999999991
287	2.2128924479636862	4.054091442643983	9.154509999999991
287	2.211239922022032	4.0498251565952055	9.154509999999991
287	2.209616297753043	4.045466296165183	9.154509999999991
287	2.2080218567013894	4.041026972267784	9.154509999999991
287	2.206456880411744	4.036519295816864	9.154509999999991
287	2.2049216504287763	4.03195537772629	9.154509999999991
287	2.2034164482971583	4.027347328909925	9.154509999999991
287	2.201941555561561	4.02270726028163	9.154509999999991
287	2.200497253766655	4.018047282755269	9.154509999999991
287	2.199083824457112	4.0133795072447045	9.154509999999991
287	2.197701549177603	4.0087160446638	9.154509999999991
287	2.196350709472799	4.004069005926418	9.154509999999991
287	2.195031586887371	3.9994505019464217	9.154509999999991
287	2.193744452842281	3.994871609859597	9.154509999999991
287	2.192489499502733	3.9903353136348247	9.154509999999991
287	2.191266881698343	3.985840784734214	9.154509999999991
287	2.190076754040082	3.9813871722929672	9.154509999999991
287	2.188919271138924	3.9769736254462726	9.154509999999991
287	2.18779458760584	3.972599293329335	9.154509999999991
287	2.186702858051801	3.968263325077344	9.154509999999991
287	2.18564423708778	3.963964869825502	9.154509999999991
287	2.184618879324748	3.959703076709004	9.154509999999991
287	2.1836269393736774	3.955477094863043	9.154509999999991
287	2.182668571845539	3.951286073422822	9.154509999999991
287	2.1817439313513054	3.9471291615235344	9.154509999999991
287	2.180853172501948	3.943005508300377	9.154509999999991
287	2.17999644990844	3.938914262888544	9.154509999999991
287	2.179173918181752	3.9348545744232375	9.154509999999991
287	2.1783857319328552	3.930825592039653	9.154509999999991
287	2.1776320457727225	3.926826464872983	9.154509999999991
287	2.176913014312325	3.922856342058428	9.154509999999991
287	2.1762287921626364	3.918914372731182	9.154509999999991
287	2.175579533934625	3.914999706026447	9.154509999999991
287	2.174965394239265	3.9111114910794154	9.154509999999991
287	2.1743865276875294	3.90724887702528	9.154509999999991
287	2.1738430888903872	3.9034110129992463	9.154509999999991
287	2.1733352324588124	3.899597048136505	9.154509999999991
287	2.172863113003776	3.895806131572256	9.154509999999991
287	2.1724268851362485	3.892037412441693	9.154509999999991
287	2.172026703467204	3.888290039880016	9.154509999999991
287	2.171662722607612	3.884563163022421	9.154509999999991
287	2.171335097168447	3.8808559310041018	9.154509999999991
287	2.1710439817606786	3.8771674929602575	9.154509999999991
287	2.1707895309952794	3.873496998026086	9.154509999999991
287	2.170571899483221	3.869843595336781	9.154509999999991
287	2.170391241835476	3.866206434027543	9.154509999999991
287	2.170247712663015	3.862584663233565	9.154509999999991
287	2.170141466576811	3.858977432090045	9.154509999999991
287	2.170072658187836	3.85538388973218	9.154509999999991
287	2.17004144210706	3.851803185295168	9.154509999999991
287	2.170047972945456	3.8482344679142	9.154509999999991
287	2.170092405313996	3.844676886724481	9.154509999999991
287	2.170174893823652	3.841129590861201	9.154509999999991
287	2.170295593085394	3.837591729459562	9.154509999999991
287	2.1704546577101964	3.8340624516547575	9.154509999999991
287	2.1706522423090293	3.8305409065819847	9.154509999999991
287	2.170888501492865	3.82702624337644	9.154509999999991
287	2.1711635898726755	3.8235176111733207	9.154509999999991
287	2.171477662059433	3.820014159107824	9.154509999999991
287	2.171830872664108	3.8165150363151454	9.154509999999991
287	2.172223376297673	3.8130193919304833	9.154509999999991
287	2.1726553275711	3.8095263750890327	9.154509999999991
287	2.173126881095361	3.806035134925991	9.154509999999991
287	2.173638191481427	3.802544820576556	9.154509999999991
287	2.1741894133402706	3.7990545811759215	9.154509999999991
287	2.174780701282864	3.795563565859288	9.154509999999991
287	2.175412209920178	3.792070923761849	9.154509999999991
287	2.176084093863184	3.788575804018804	9.154509999999991
287	2.1767965077228557	3.785077355765347	9.154509999999991
287	2.177549606110163	3.7815747281366754	9.154509999999991
287	2.1783435436360783	3.778067070267988	9.154509999999991
287	2.1791784682670468	3.7745535365657865	9.154509999999991
287	2.180054038508023	3.771033669741442	9.154509999999991
287	2.1809690968031847	3.767507659912455	9.154509999999991
287	2.1819224082328423	3.7639757585714646	9.154509999999991
287	2.182912737877308	3.760438217211105	9.154509999999991
287	2.183938850816893	3.7568952873240153	9.154509999999991
287	2.1849995121319075	3.75334722040283	9.154509999999991
287	2.1860934869026627	3.749794267940192	9.154509999999991
287	2.1872195402094694	3.7462366814287353	9.154509999999991
287	2.18837643713264	3.742674712361096	9.154509999999991
287	2.189562942752484	3.7391086122299138	9.154509999999991
287	2.190777822149312	3.735538632527825	9.154509999999991
287	2.192019840403437	3.7319650247474687	9.154509999999991
287	2.193287762595169	3.72838804038148	9.154509999999991
287	2.1945803538048185	3.7248079309224975	9.154509999999991
287	2.195896379112697	3.721224947863157	9.154509999999991
287	2.1972346035991164	3.717639342696101	9.154509999999991
287	2.1985937923443863	3.714051366913961	9.154509999999991
287	2.1999727104288187	3.710461272009376	9.154509999999991
287	2.201370122932724	3.7068693094749854	9.154509999999991
287	2.202784794936413	3.703275730803424	9.154509999999991
287	2.204215491520198	3.699680787487331	9.154509999999991
287	2.2056609777643894	3.696084731019345	9.154509999999991
287	2.207120018749298	3.6924878128920975	9.154509999999991
287	2.2085913795552345	3.6888902845982336	9.154509999999991
287	2.2100738252625103	3.685292397630387	9.154509999999991
287	2.211566120951437	3.6816944034811936	9.154509999999991
287	2.213067031702325	3.678096553643294	9.154509999999991
287	2.2145753225954854	3.6744990996093225	9.154509999999991
287	2.21608975871123	3.670902292871916	9.154509999999991
287	2.2176091051298683	3.6673063849237177	9.154509999999991
287	2.2191321269317124	3.663711627257361	9.154509999999991
287	2.220657589197073	3.6601182713654823	9.154509999999991
287	2.222184257006262	3.656526568740718	9.154509999999991
287	2.2237108954395883	3.6529367708757112	9.154509999999991
287	2.225236269577365	3.6493491292630944	9.154509999999991
287	2.226759144499902	3.645763895395506	9.154509999999991
287	2.228278285287512	3.6421813207655847	9.154509999999991
287	2.2297924570205034	3.638601656865968	9.154509999999991
287	2.23130042477919	3.6350251551892887	9.154509999999991
287	2.23280095364388	3.6314520672281914	9.154509999999991
287	2.234292808694886	3.6278826444753074	9.154509999999991
287	2.23577475501252	3.6243171384232777	9.154509999999991
287	2.237245557677092	3.620755800564737	9.154509999999991
287	2.238703981768912	3.6171988823923273	9.154509999999991
287	2.2401487923682923	3.613646635398681	9.154509999999991
287	2.241578754555544	3.610099311076437	9.154509999999991
287	2.242992633410977	3.606557160918233	9.154509999999991
287	2.244389194014904	3.603020436416708	9.154509999999991
287	2.245767201447635	3.599489389064497	9.154509999999991
287	2.2471254207894806	3.595964270354239	9.154509999999991
287	2.2484629744987803	3.59244527567812	9.154509999999991
287	2.2497809137799867	3.5889322976578137	9.154509999999991
287	2.2510809375854435	3.585425127232896	9.154509999999991
287	2.25236474534609	3.5819235552678093	9.154509999999991
287	2.253634036492861	3.5784273726270044	9.154509999999991
287	2.254890510456696	3.5749363701749184	9.154509999999991
287	2.256135866668532	3.5714503387760024	9.154509999999991
287	2.2573718045593054	3.5679690692947004	9.154509999999991
287	2.258600023559956	3.5644923525954546	9.154509999999991
287	2.25982222310142	3.561019979542713	9.154509999999991
287	2.261040102614635	3.5575517410009203	9.154509999999991
287	2.262255361530539	3.5540874278345207	9.154509999999991
287	2.263469699280069	3.55062683090796	9.154509999999991
287	2.264684815294163	3.547169741085681	9.154509999999991
287	2.265902409003759	3.543715949232132	9.154509999999991
287	2.2671241798397936	3.540265246211756	9.154509999999991
287	2.268351827233206	3.5368174228889995	9.154509999999991
287	2.2695870506149314	3.5333722701283063	9.154509999999991
287	2.2708315494159086	3.529929578794121	9.154509999999991
287	2.2720870230670758	3.5264891397508933	9.154509999999991
287	2.2733551709993693	3.5230507438630614	9.154509999999991
287	2.274637692643727	3.519614181995075	9.154509999999991
287	2.275936287431088	3.5161792450113776	9.154509999999991
287	2.277252654792388	3.5127457237764137	9.154509999999991
287	2.278588494158565	3.50931340915463	9.154509999999991
287	2.279945504960557	3.505882092010469	9.154509999999991
287	2.281325386629302	3.5024515632083784	9.154509999999991
287	2.282729838595736	3.4990216136128023	9.154509999999991
287	2.284160560290798	3.495592034088186	9.154509999999991
287	2.285619251145426	3.492162615498974	9.154509999999991
287	2.2871076105905552	3.4887331487096125	9.154509999999991
287	2.2886273380571263	3.485303424584544	9.154509999999991
287	2.2901801329760736	3.481873233988215	9.154509999999991
287	2.291767694778337	3.478442367785072	9.154509999999991
287	2.293391722894853	3.475010616839561	9.154509999999991
287	2.29505391675656	3.471577772016123	9.154509999999991
287	2.296755975794395	3.468143624179203	9.154509999999991
287	2.298499599439296	3.4647079641932503	9.154509999999991
287	2.3002864871222	3.46127058292271	9.154509999999991
287	2.302118338274045	3.4578312712320223	9.154509999999991
287	2.303996852325768	3.454389819985635	9.154509999999991
287	2.3059237287083074	3.4509460200479927	9.154509999999991
287	2.3079006668526	3.447499662283543	9.154509999999991
287	2.3099293661895843	3.444050537556728	9.154509999999991
287	2.3120115261501963	3.440598436731994	9.154509999999991
287	2.3141488461653754	3.4371431506737844	9.154509999999991
287	2.316343025666058	3.433684470246546	9.154509999999991
287	2.3185957640831827	3.4302221863147224	9.154509999999991
287	2.320908760847686	3.42675608974276	9.154509999999991
287	2.323283715390505	3.4232859713951056	9.154509999999991
287	2.32572232714258	3.4198116221362	9.154509999999991
287	2.328226295534845	3.4163328328304905	9.154509999999991
287	2.33079731999824	3.412849394342423	9.154509999999991
287	2.3334370999637017	3.4093610975364426	9.154509999999991
287	2.336147334862168	3.4058677332769927	9.154509999999991
287	2.338929543978677	3.40236920663802	9.154509999999991
287	2.341782907894387	3.398866905392813	9.154509999999991
287	2.344704973498363	3.3953632530482567	9.154509999999991
287	2.3476932542497875	3.3918606943052216	9.154509999999991
287	2.350745263607842	3.388361673864587	9.154509999999991
287	2.353858515031708	3.384868636427224	9.154509999999991
287	2.357030521980568	3.3813840266940094	9.154509999999991
287	2.360258797913603	3.3779102893658197	9.154509999999991
287	2.363540856289994	3.3744498691435254	9.154509999999991
287	2.366874210568924	3.371005210728005	9.154509999999991
287	2.370256374209575	3.367578758820131	9.154509999999991
287	2.373684860671127	3.364172958120778	9.154509999999991
287	2.377157183412764	3.360790253330821	9.154509999999991
287	2.3806708558936647	3.357433089151137	9.154509999999991
287	2.384223391573013	3.354103910282596	9.154509999999991
287	2.387812303909992	3.350805161426077	9.154509999999991
287	2.3914351063637795	3.3475392872824523	9.154509999999991
287	2.3950893123935613	3.344308732552598	9.154509999999991
287	2.398772435458516	3.341115941937387	9.154509999999991
287	2.402481989017827	3.337963360137697	9.154509999999991
287	2.4062154865306766	3.334853431854399	9.154509999999991
287	2.409970441456244	3.3317886017883707	9.154509999999991
287	2.4137443672537136	3.328771314640485	9.154509999999991
287	2.4175347773822646	3.3258040151116184	9.154509999999991
287	2.421339185301081	3.322889147902643	9.154509999999991
287	2.425155104469343	3.320029157714437	9.154509999999991
287	2.4289800483462347	3.3172264892478696	9.154509999999991
287	2.432811530390935	3.3144835872038216	9.154509999999991
287	2.436647064062627	3.311802896283165	9.154509999999991
287	2.4404841628204923	3.309186861186774	9.154509999999991
287	2.444320340123712	3.306637926615524	9.154509999999991
287	2.4481531094314706	3.304158537270287	9.154509999999991
287	2.451979984202945	3.3017511378519444	9.154509999999991
287	2.4557984778973205	3.299418173061364	9.154509999999991
287	2.459606103973779	3.297162087599423	9.154509999999991
287	2.463400375891499	3.294985326166998	9.154509999999991
287	2.4671788071096654	3.2928903334649613	9.154509999999991
287	2.4709389110874582	3.2908795541941886	9.154509999999991
287	2.474678201284061	3.2889554330555537	9.154509999999991
287	2.478394191158654	3.287120414749932	9.154509999999991
287	2.482084394170419	3.285376943978199	9.154509999999991
287	2.485746323778538	3.283727465441228	9.154509999999991
287	2.4893774934421926	3.282174423839894	9.154509999999991
287	2.492975416620565	3.28072026387507	9.154509999999991
287	2.496537606772837	3.2793674302476354	9.154509999999991
287	2.5000615773581893	3.27811836765846	9.154509999999991
287	2.5035448418358044	3.2769755208084232	9.154509999999991
287	2.5069849136648643	3.2759413343983947	9.154509999999991
287	2.51037930630455	3.275018253129252	9.154509999999991
287	2.513725533214044	3.2742087217018705	9.154509999999991
287	2.517021107852526	3.273515184817123	9.154509999999991
287	2.5202635436791816	3.2729400871758854	9.154509999999991
287	2.5234503541531894	3.272485873479031	9.154509999999991
287	2.526579052733732	3.2721549884274355	9.154509999999991
287	2.52964715287999	3.2719498767219743	9.154509999999991
287	2.5326521680511487	3.2718729830635205	9.154509999999991
287	2.5355916117063857	3.271926752152952	9.154509999999991
287	2.5384629973048853	3.2721136286911374	9.154509999999991
287	2.541263838305828	3.272436057378957	9.154509999999991
287	2.5439916481683955	3.272896482917284	9.154509999999991
287	2.54664394035177	3.273497350006992	9.154509999999991
287	2.5492182283151337	3.274241103348958	9.154509999999991
287	2.551712025517668	3.275130187644052	9.154509999999991
287	2.5541228454185534	3.276167047593156	9.154509999999991
287	2.5564482014769734	3.277354127897138	9.154509999999991
287	2.5586856071521087	3.2786938732568744	9.154509999999991
287	2.560832575903142	3.2801887283732416	9.154509999999991
287	2.562886707628961	3.2818409983895043	9.154509999999991
287	2.5648476088713354	3.2836497487076493	9.154509999999991
287	2.56671690316344	3.2856107882806267	9.154509999999991
287	2.56849630254788	3.287719783162177	9.154509999999991
287	2.5701875190672627	3.2899723994060466	9.154509999999991
287	2.571792264764194	3.292364303065982	9.154509999999991
287	2.573312251681279	3.294891160195728	9.154509999999991
287	2.5747491918611254	3.297548636849026	9.154509999999991
287	2.5761047973463387	3.3003323990796245	9.154509999999991
287	2.577380780179523	3.303238112941272	9.154509999999991
287	2.5785788524032878	3.306261444487709	9.154509999999991
287	2.5797007260602367	3.3093980597726818	9.154509999999991
287	2.580748113192977	3.312643624849936	9.154509999999991
287	2.581722725844114	3.315993805773216	9.154509999999991
287	2.5826262760562546	3.319444268596269	9.154509999999991
287	2.583460475872004	3.32299067937284	9.154509999999991
287	2.584227037333969	3.326628704156672	9.154509999999991
287	2.5849276724847554	3.330354009001512	9.154509999999991
287	2.5855640933669704	3.3341622599611034	9.154509999999991
287	2.586138012023218	3.3380491230891938	9.154509999999991
287	2.586651140496105	3.34201026443953	9.154509999999991
287	2.5871051908282388	3.3460413500658506	9.154509999999991
287	2.5875018750622245	3.3501380460219066	9.154509999999991
287	2.587842905240667	3.3542960183614428	9.154509999999991
287	2.5881299934061746	3.358510933138203	9.154509999999991
287	2.5883648516013533	3.362778456405932	9.154509999999991
287	2.5885491918688066	3.367094254218376	9.154509999999991
287	2.5886847262511434	3.371453992629279	9.154509999999991
287	2.5887731667909675	3.375853337692389	9.154509999999991
287	2.588816225530888	3.380287955461448	9.154509999999991
287	2.588815614513508	3.384753511990205	9.154509999999991
287	2.588773045781435	3.3892456733324003	9.154509999999991
287	2.5886902313772757	3.393760105541784	9.154509999999991
287	2.5885688833436333	3.3982924746720977	9.154509999999991
287	2.588410713723117	3.402838446777089	9.154509999999991
287	2.588217434558332	3.407393687910501	9.154509999999991
287	2.587990757891884	3.4119538641260823	9.154509999999991
287	2.587732395766379	3.416514641477576	9.154509999999991
287	2.5874440602244246	3.421071686018724	9.154509999999991
287	2.5871274633086245	3.4256206638032785	9.154509999999991
287	2.586784317061587	3.430157240884978	9.154509999999991
287	2.5864163335259165	3.434677083317575	9.154509999999991
287	2.5860252247442195	3.439175857154808	9.154509999999991
287	2.585612702759103	3.4436492284504263	9.154509999999991
287	2.585180479613173	3.4480928632581707	9.154509999999991
287	2.5847302673490336	3.452502427631792	9.154509999999991
287	2.584263778009294	3.456873587625033	9.154509999999991
287	2.5837827198301224	3.461202018325872	9.154509999999991
287	2.5832881244342007	3.465485000703679	9.154509999999991
287	2.582779573315084	3.4697232574791705	9.154509999999991
287	2.58225646065428	3.473917955941385	9.154509999999991
287	2.5817181806333034	3.4780702633793545	9.154509999999991
287	2.5811641274336656	3.482181347082113	9.154509999999991
287	2.580593695236878	3.486252374338698	9.154509999999991
287	2.5800062782244546	3.49028451243814	9.154509999999991
287	2.579401270577905	3.494278928669476	9.154509999999991
287	2.578778066478744	3.4982367903217364	9.154509999999991
287	2.578136060108481	3.5021592646839608	9.154509999999991
287	2.57747464564863	3.50604751904518	9.154509999999991
287	2.576793217280702	3.5099027206944307	9.154509999999991
287	2.576091169186209	3.5137260369207457	9.154509999999991
287	2.575367895546664	3.5175186350131584	9.154509999999991
287	2.574622790543579	3.521281682260708	9.154509999999991
287	2.573855248358464	3.525016345952423	9.154509999999991
287	2.573064663172834	3.52872379337734	9.154509999999991
287	2.572250429168199	3.532405191824494	9.154509999999991
287	2.571411940526072	3.5360617085829213	9.154509999999991
287	2.570548591427964	3.539694510941652	9.154509999999991
287	2.569659776055389	3.543304766189721	9.154509999999991
287	2.5687448885898583	3.5468936416161663	9.154509999999991
287	2.5678033232128827	3.5504623045100185	9.154509999999991
287	2.566834474105976	3.5540119221603157	9.154509999999991
287	2.565837735450649	3.557543661856089	9.154509999999991
287	2.5648125014284138	3.561058690886373	9.154509999999991
287	2.563758166220784	3.564558176540203	9.154509999999991
287	2.5626741240092694	3.568043286106615	9.154509999999991
287	2.5615597689753837	3.5715151868746418	9.154509999999991
287	2.5604144953006385	3.574975046133316	9.154509999999991
287	2.559237697166546	3.578424031171676	9.154509999999991
287	2.558028768754617	3.581863309278752	9.154509999999991
287	2.556787104246367	3.585294047743579	9.154509999999991
287	2.555512097823304	3.5887174138551945	9.154509999999991
287	2.5542031436669417	3.5921345749026328	9.154509999999991
287	2.5528596359587934	3.595546698174924	9.154509999999991
287	2.551480968880369	3.5989549509611063	9.154509999999991
287	2.550066536613183	3.602360500550211	9.154509999999991
287	2.5486157869101005	3.605764468258682	9.154509999999991
287	2.547129004778266	3.609167256907957	9.154509999999991
287	2.5456071384886068	3.6125687001355127	9.154509999999991
287	2.544051154492259	3.61596861597736	9.154509999999991
287	2.5424620192403564	3.619366822469516	9.154509999999991
287	2.5408406991840367	3.622763137647988	9.154509999999991
287	2.539188160774433	3.626157379548799	9.154509999999991
287	2.5375053704626818	3.6295493662079537	9.154509999999991
287	2.5357932946999187	3.6329389156614704	9.154509999999991
287	2.534052899937278	3.636325845945363	9.154509999999991
287	2.5322851526258963	3.639709975095643	9.154509999999991
287	2.5304910192169072	3.643091121148326	9.154509999999991
287	2.5286714661614487	3.6464691021394247	9.154509999999991
287	2.526827459910654	3.6498437361049536	9.154509999999991
287	2.524959966915658	3.653214841080927	9.154509999999991
287	2.5230699536275987	3.656582235103356	9.154509999999991
287	2.521158386497609	3.6599457362082566	9.154509999999991
287	2.519226231976825	3.6633051624316417	9.154509999999991
287	2.517274456516383	3.666660331809526	9.154509999999991
287	2.515304026567417	3.670011062377923	9.154509999999991
287	2.5133159085810632	3.673357172172844	9.154509999999991
287	2.511311069008456	3.676698479230305	9.154509999999991
287	2.5092904743007307	3.680034801586321	9.154509999999991
287	2.507255090909024	3.6833659572769024	9.154509999999991
287	2.505205885284471	3.6866917643380654	9.154509999999991
287	2.5031438238782067	3.690012040805821	9.154509999999991
287	2.5010698731413656	3.6933266047161872	9.154509999999991
287	2.498984999525084	3.696635274105175	9.154509999999991
287	2.4968901694804977	3.6999378670087975	9.154509999999991
287	2.49478634945874	3.7032342014630704	9.154509999999991
287	2.4926745059109487	3.7065240955040073	9.154509999999991
287	2.4905556052882583	3.709807367167617	9.154509999999991
287	2.4884306140418024	3.71308383448992	9.154509999999991
287	2.486300498622718	3.716353315506928	9.154509999999991
287	2.484166225482142	3.7196156282546537	9.154509999999991
287	2.4820287610712075	3.7228705907691086	9.154509999999991
287	2.47988907184105	3.72611802108631	9.154509999999991
287	2.477748124242805	3.729357737242271	9.154509999999991
287	2.475606884727609	3.7325895572730055	9.154509999999991
287	2.473466319746596	3.735813299214525	9.154509999999991
287	2.471327395750901	3.739028781102847	9.154509999999991
287	2.4691910791916616	3.742235820973981	9.154509999999991
287	2.4670583365200107	3.745434236863944	9.154509999999991
287	2.464930134187085	3.748623846808748	9.154509999999991
287	2.46280743864402	3.751804468844407	9.154509999999991
287	2.46069121634195	3.754975921006935	9.154509999999991
287	2.45858243373201	3.7581380213323454	9.154509999999991
287	2.456482057265337	3.761290587856652	9.154509999999991
287	2.454391053393066	3.764433438615869	9.154509999999991
287	2.452310388566332	3.76756639164601	9.154509999999991
287	2.45024102923627	3.7706892649830897	9.154509999999991
287	2.448183941854016	3.773801876663117	9.154509999999991
287	2.446140092870704	3.776904044722113	9.154509999999991
287	2.4441104487374705	3.779995587196085	9.154509999999991
287	2.442095975905452	3.783076322121051	9.154509999999991
287	2.440097640825781	3.786146067533021	9.154509999999991
287	2.4381164099495947	3.7892046414680154	9.154509999999991
287	2.4361532431170283	3.7922518669413376	9.154509999999991
287	2.434208530254746	3.7952879962179287	9.154509999999991
287	2.4322816605728765	3.7983140352862543	9.154509999999991
287	2.4303719218530486	3.801331066529096	9.154509999999991
287	2.4284786018768862	3.804340172329231	9.154509999999991
287	2.426600988426016	3.807342435069441	9.154509999999991
287	2.424738369282064	3.810338937132504	9.154509999999991
287	2.4228900322266558	3.8133307609012	9.154509999999991
287	2.4210552650414168	3.816318988758311	9.154509999999991
287	2.4192333555079744	3.8193047030866136	9.154509999999991
287	2.4174235914079545	3.8222889862688874	9.154509999999991
287	2.415625260522982	3.8252729206879126	9.154509999999991
287	2.413837650634684	3.828257588726468	9.154509999999991
287	2.412060049524685	3.831244072767338	9.154509999999991
287	2.410291744974612	3.8342334551932975	9.154509999999991
287	2.4085320247660915	3.8372268183871263	9.154509999999991
287	2.406780176680748	3.840225244731606	9.154509999999991
287	2.405035488500208	3.843229816609514	9.154509999999991
287	2.403297248006098	3.846241616403632	9.154509999999991
287	2.401564742980044	3.8492617264967377	9.154509999999991
287	2.399837261203671	3.852291229271613	9.154509999999991
287	2.3981140904586056	3.8553312071110346	9.154509999999991
287	2.396394518526474	3.8583827423977857	9.154509999999991
287	2.3946778331889025	3.861446917514641	9.154509999999991
287	2.3929633222275166	3.864524814844384	9.154509999999991
287	2.3912502734239407	3.867617516769794	9.154509999999991
287	2.389537974559803	3.870726105673653	9.154509999999991
287	2.387825713416729	3.8738516639387326	9.154509999999991
287	2.386112777776344	3.87699527394782	9.154509999999991
287	2.384398455420275	3.8801580180836903	9.154509999999991
287	2.382682034130147	3.883340978729124	9.154509999999991
287	2.380962801687585	3.886545238266905	9.154509999999991
287	2.3792400458742176	3.8897718790798095	9.154509999999991
287	2.377513054471669	3.8930219835506144	9.154509999999991
287	2.375781115261566	3.8962966340621046	9.154509999999991
287	2.3740435160255333	3.899596912997056	9.154509999999991
287	2.372299544545198	3.90292390273825	9.154509999999991
287	2.3705484886021857	3.9062786856684655	9.154509999999991
287	2.3687896359781235	3.9096623441704814	9.154509999999991
287	2.3670222744546354	3.9130759606270784	9.154509999999991
287	2.365245691813348	3.916520617421038	9.154509999999991
287	2.3634591758358883	3.919997396935135	9.154509999999991
287	2.3616620143038816	3.923507381552152	9.154509999999991
287	2.359853494998953	3.927051653654869	9.154509999999991
287	2.35803290570273	3.930631295626065	9.154509999999991
287	2.3561995341968376	3.934247389848518	9.154509999999991
287	2.354352668262901	3.937901018705012	9.154509999999991
287	2.3524915956825487	3.941593264578322	9.154509999999991
287	2.3506156042374045	3.94532520985123	9.154509999999991
287	2.3487239817090946	3.949097936906514	9.154509999999991
287	2.346816015879245	3.952912528126956	9.154509999999991
287	2.3448909945294845	3.956770065895332	9.154509999999991
287	2.3429482054414343	3.960671632594425	9.154509999999991
287	2.340986936396723	3.9646183106070136	9.154509999999991
287	2.3390064751769764	3.968611182315878	9.154509999999991
287	2.33700610956382	3.972651330103796	9.154509999999991
287	2.3349851273388804	3.976739836353548	9.154509999999991
287	2.332942816283784	3.980877783447913	9.154509999999991
287	2.330878464180156	3.9850662537696726	9.154509999999991
287	2.328791358809621	3.9893063297016047	9.154509999999991
287	2.3266807879538063	3.993599093626492	9.154509999999991
287	2.324546308384243	3.997944093993115	9.154509999999991
287	2.322388850884385	4.002333043849845	9.154509999999991
287	2.3202097838109244	4.006755160952664	9.154509999999991
287	2.3180104757062088	4.0111996619988215	9.154509999999991
287	2.315792295112589	4.015655763685567	9.154509999999991
287	2.3135566105724124	4.020112682710155	9.154509999999991
287	2.3113047906280286	4.024559635769832	9.154509999999991
287	2.309038203821787	4.02898583956185	9.154509999999991
287	2.3067582186960363	4.033380510783463	9.154509999999991
287	2.3044662037931256	4.0377328661319165	9.154509999999991
287	2.302163527655403	4.042032122304465	9.154509999999991
287	2.2998515588252184	4.046267495998359	9.154509999999991
287	2.297531665844922	4.050428203910845	9.154509999999991
287	2.2952052172568598	4.05450346273918	9.154509999999991
287	2.2928735816033816	4.058482489180613	9.154509999999991
287	2.290538127426838	4.062354499932392	9.154509999999991
287	2.2882002232695777	4.066108711691767	9.154509999999991
287	2.285861237673949	4.069734341155994	9.154509999999991
287	2.283522539182301	4.073220605022319	9.154509999999991
287	2.281185496336981	4.076556719987996	9.154509999999991
287	2.2788514776803424	4.0797319027502725	9.154509999999991
287	2.27652185175473	4.082735370006403	9.154509999999991
287	2.2741979871024944	4.085556338453634	9.154509999999991
287	2.2718812522659846	4.08818402478922	9.154509999999991
287	2.2695730157875493	4.090607645710409	9.154509999999991
287	2.267274646209538	4.092816417914454	9.154509999999991
287	2.2649875120742986	4.094799558098604	9.154509999999991
287	2.262712981924181	4.096546282960111	9.154509999999991
287	2.2604524243015347	4.098045809196225	9.154509999999991
287	2.258207207748708	4.099287353504195	9.154509999999991
287	2.255978700808049	4.100260132581275	9.154509999999991
287	2.2537682720219085	4.100953363124714	9.154509999999991
287	2.251577289932633	4.101356261831764	9.154509999999991
287	2.2494071230825745	4.101458045399673	9.154509999999991
287	2.24725914001408	4.101247930525696	9.154509999999991
308	2.247259140014081	4.056302747725413	9.856239999999994
308	2.244323931206346	4.055806778861418	9.856239999999994
308	2.241403306524473	4.05522025626184	9.856239999999994
308	2.238497772780988	4.0545450176868565	9.856239999999994
308	2.2356078367884167	4.053782900896649	9.856239999999994
308	2.232734005359284	4.05293574365139	9.856239999999994
308	2.2298767853061143	4.052005383711265	9.856239999999994
308	2.227036683441433	4.050993658836451	9.856239999999994
308	2.2242142065777664	4.049902406787124	9.856239999999994
308	2.2214098615276376	4.048733465323467	9.856239999999994
308	2.2186241551035737	4.047488672205656	9.856239999999994
308	2.215857594118099	4.04616986519387	9.856239999999994
308	2.2131106853837377	4.044778882048289	9.856239999999994
308	2.2103839357130166	4.043317560529089	9.856239999999994
308	2.20767785191846	4.041787738396451	9.856239999999994
308	2.204992940812593	4.040191253410554	9.856239999999994
308	2.202329709207941	4.038529943331576	9.856239999999994
308	2.199688663917029	4.036805645919696	9.856239999999994
308	2.197070311752382	4.035020198935094	9.856239999999994
308	2.194475159526525	4.033175440137946	9.856239999999994
308	2.1919037140519846	4.031273207288431	9.856239999999994
308	2.1893564821412843	4.02931533814673	9.856239999999994
308	2.186833970606949	4.027303670473023	9.856239999999994
308	2.184336686261506	4.025240042027483	9.856239999999994
308	2.181865135917478	4.023126290570295	9.856239999999994
308	2.179419826387392	4.020964253861634	9.856239999999994
308	2.17700126448377	4.018755769661681	9.856239999999994
308	2.174609957019142	4.016502675730612	9.856239999999994
308	2.172246410806029	4.014206809828608	9.856239999999994
308	2.169911132656959	4.011870009715849	9.856239999999994
308	2.1676046293844555	4.00949411315251	9.856239999999994
308	2.165327407801044	4.007080957898771	9.856239999999994
308	2.163079974719249	4.004632381714813	9.856239999999994
308	2.1608628369515976	4.002150222360813	9.856239999999994
308	2.158676501310613	3.9996363175969503	9.856239999999994
308	2.1565214746088204	3.997092505183402	9.856239999999994
308	2.154398263658745	3.994520622880352	9.856239999999994
308	2.152307375272915	3.9919225084479706	9.856239999999994
308	2.1502493162638507	3.989299999646444	9.856239999999994
308	2.1482245934440805	3.986654934235948	9.856239999999994
308	2.146233713626129	3.9839891499766606	9.856239999999994
308	2.14427718362252	3.981304484628762	9.856239999999994
308	2.14235551024578	3.978602775952433	9.856239999999994
308	2.140469200308434	3.9758858617078463	9.856239999999994
308	2.138618760175853	3.973155578522871	9.856239999999994
308	2.1368045279369348	3.9704133369020935	9.856239999999994
308	2.1350264214178463	3.967659483126917	9.856239999999994
308	2.133284293915999	3.964894200073818	9.856239999999994
308	2.131577998728804	3.962117670619275	9.856239999999994
308	2.129907389153674	3.959330077639768	9.856239999999994
308	2.128272318488021	3.956531604011776	9.856239999999994
308	2.126672640029258	3.9537224326117766	9.856239999999994
308	2.125108207074795	3.950902746316249	9.856239999999994
308	2.1235788729220446	3.948072728001673	9.856239999999994
308	2.1220844908684198	3.945232560544525	9.856239999999994
308	2.12062491421133	3.942382426821289	9.856239999999994
308	2.11919999624819	3.939522509708437	9.856239999999994
308	2.11780959027641	3.936652992082455	9.856239999999994
308	2.1164535495934023	3.933774056819815	9.856239999999994
308	2.1151317274965797	3.930885886797001	9.856239999999994
308	2.113843977283352	3.92798866489049	9.856239999999994
308	2.112590152251134	3.92508257397676	9.856239999999994
308	2.111370105697336	3.922167796932288	9.856239999999994
308	2.110183690919369	3.91924451663356	9.856239999999994
308	2.109030761214646	3.916312915957048	9.856239999999994
308	2.1079111698805804	3.913373177779234	9.856239999999994
308	2.106824770214582	3.910425484976594	9.856239999999994
308	2.1057714155140626	3.907470020425612	9.856239999999994
308	2.1047509590764357	3.904506967002763	9.856239999999994
308	2.1037632541991127	3.901536507584524	9.856239999999994
308	2.102808154179505	3.898558825047376	9.856239999999994
308	2.101885512315025	3.8955741022678	9.856239999999994
308	2.1009951819030834	3.8925825221222734	9.856239999999994
308	2.1001370162410944	3.889584267487274	9.856239999999994
308	2.0993108686264685	3.886579521239282	9.856239999999994
308	2.098516592356618	3.883568466254775	9.856239999999994
308	2.097754040728954	3.880551285410232	9.856239999999994
308	2.09702306704089	3.877528161582133	9.856239999999994
308	2.096323524589837	3.8744992776469553	9.856239999999994
308	2.095655266673206	3.87146481648118	9.856239999999994
308	2.0950181465884103	3.868424960961284	9.856239999999994
308	2.0944120176328616	3.8653798939637456	9.856239999999994
308	2.093836733103972	3.862329798365045	9.856239999999994
308	2.0932921462991527	3.859274857041661	9.856239999999994
308	2.092778110515817	3.856215252870072	9.856239999999994
308	2.0922944790513758	3.853151168726756	9.856239999999994
308	2.0918411052032404	3.850082787488193	9.856239999999994
308	2.0914178422688234	3.847010292030864	9.856239999999994
308	2.091024543545536	3.8439338652312447	9.856239999999994
308	2.090661062330793	3.8408536899658143	9.856239999999994
308	2.090327251922003	3.837769949111052	9.856239999999994
308	2.0900229656165794	3.834682825543437	9.856239999999994
308	2.089748056711934	3.831592502139446	9.856239999999994
308	2.0895023785054785	3.8284991617755626	9.856239999999994
308	2.089285784294625	3.825402987328261	9.856239999999994
308	2.089098127376785	3.822304161674024	9.856239999999994
308	2.0889392610493718	3.8192028676893255	9.856239999999994
308	2.088809038638462	3.816099288268449	9.856239999999994
308	2.088707334593911	3.81299361942137	9.856239999999994
308	2.0886340818532227	3.8098860934729206	9.856239999999994
308	2.088589223392831	3.806776948981075	9.856239999999994
308	2.088572702189168	3.803666424503811	9.856239999999994
308	2.088584461218667	3.8005547585991	9.856239999999994
308	2.0886244434577605	3.797442189824921	9.856239999999994
308	2.088692591882882	3.794328956739245	9.856239999999994
308	2.088788849470463	3.79121529790005	9.856239999999994
308	2.0889131591969363	3.788101451865315	9.856239999999994
308	2.089065464038736	3.784987657193012	9.856239999999994
308	2.0892457069722936	3.781874152441114	9.856239999999994
308	2.0894538309740422	3.7787611761676008	9.856239999999994
308	2.089689779020415	3.775648966930445	9.856239999999994
308	2.0899534940878457	3.772537763287623	9.856239999999994
308	2.0902449191527643	3.769427803797109	9.856239999999994
308	2.0905639971916057	3.766319327016881	9.856239999999994
308	2.0909106711808034	3.763212571504911	9.856239999999994
308	2.091284884096788	3.7601077758191774	9.856239999999994
308	2.0916865789159926	3.7570051785176553	9.856239999999994
308	2.0921156986148515	3.753905018158318	9.856239999999994
308	2.0925721861697952	3.750807533299144	9.856239999999994
308	2.0930559845572594	3.747712962498105	9.856239999999994
308	2.093567036753674	3.7446215443131807	9.856239999999994
308	2.0941052857354734	3.741533517302343	9.856239999999994
308	2.09467067447909	3.738449120023569	9.856239999999994
308	2.0952631459609576	3.735368591034832	9.856239999999994
308	2.095882643157508	3.7322921688941104	9.856239999999994
308	2.0965291090451728	3.7292200921593768	9.856239999999994
308	2.097202486600386	3.7261525993886098	9.856239999999994
308	2.097902718799581	3.723089929139782	9.856239999999994
308	2.0986297486191905	3.72003231997087	9.856239999999994
308	2.099383519035645	3.716980010439849	9.856239999999994
308	2.1001639730253805	3.713933239104694	9.856239999999994
308	2.100971053564828	3.710892244523381	9.856239999999994
308	2.1018047036304197	3.707857265253887	9.856239999999994
308	2.102664866198589	3.704828539854183	9.856239999999994
308	2.1035514842457697	3.701806306882249	9.856239999999994
308	2.104464500748393	3.698790804896057	9.856239999999994
308	2.105403858682893	3.695782272453586	9.856239999999994
308	2.1063695010257018	3.692780948112808	9.856239999999994
308	2.1073613707532526	3.689787070431698	9.856239999999994
308	2.1083794108419776	3.6868008779682366	9.856239999999994
308	2.109423564268309	3.683822609280393	9.856239999999994
308	2.1104937740086807	3.680852502926149	9.856239999999994
308	2.1115899830395257	3.6778907974634727	9.856239999999994
308	2.112712134337276	3.674937731450344	9.856239999999994
308	2.1138601708783646	3.6719935434447377	9.856239999999994
308	2.1150340356392245	3.669058472004627	9.856239999999994
308	2.116233671596288	3.666132755687992	9.856239999999994
308	2.1174590217259874	3.663216633052807	9.856239999999994
308	2.1187100290047574	3.660310342657043	9.856239999999994
308	2.119986636409029	3.657414123058678	9.856239999999994
308	2.121288786915235	3.6545282128156886	9.856239999999994
308	2.122616430268213	3.651652875313348	9.856239999999994
308	2.1239695586382545	3.648788529558489	9.856239999999994
308	2.1253481805979355	3.645935654723452	9.856239999999994
308	2.1267523047551964	3.6430947301102874	9.856239999999994
308	2.1281819397179773	3.640266235021052	9.856239999999994
308	2.129637094094216	3.6374506487578016	9.856239999999994
308	2.1311177764918545	3.634648450622593	9.856239999999994
308	2.1326239955188324	3.631860119917477	9.856239999999994
308	2.1341557597830887	3.629086135944513	9.856239999999994
308	2.135713077892563	3.62632697800575	9.856239999999994
308	2.137295958455196	3.6235831254032496	9.856239999999994
308	2.138904410078927	3.6208550574390657	9.856239999999994
308	2.1405384413716964	3.6181432534152496	9.856239999999994
308	2.142198060941442	3.615448192633858	9.856239999999994
308	2.143883277396107	3.6127703543969463	9.856239999999994
308	2.1455940993436284	3.610110218006572	9.856239999999994
308	2.147330535391947	3.6074682627647863	9.856239999999994
308	2.149092594149003	3.604844967973646	9.856239999999994
308	2.1508802842227355	3.602240812935205	9.856239999999994
308	2.1526936142210844	3.599656276951521	9.856239999999994
308	2.1545325927519894	3.597091839324647	9.856239999999994
308	2.1563972284233914	3.5945479793566357	9.856239999999994
308	2.158287529843229	3.592025176349548	9.856239999999994
308	2.1602035056194424	3.5895239096054343	9.856239999999994
308	2.162145164359971	3.587044658426352	9.856239999999994
308	2.164112514672755	3.584587902114356	9.856239999999994
308	2.1661055651657346	3.5821541199714977	9.856239999999994
308	2.168124324446849	3.579743791299837	9.856239999999994
308	2.1701688011240385	3.5773573954014277	9.856239999999994
308	2.1722390038052426	3.57499541157832	9.856239999999994
308	2.174334941098401	3.572658319132577	9.856239999999994
308	2.1764566216114534	3.5703465973662487	9.856239999999994
308	2.178604053952341	3.5680607255813905	9.856239999999994
308	2.180777246729001	3.565801183080059	9.856239999999994
308	2.182976208549376	3.5635684491643085	9.856239999999994
308	2.185200948021404	3.561363003136196	9.856239999999994
308	2.187451473753024	3.559185324297771	9.856239999999994
308	2.1897277943521787	3.5570358919510925	9.856239999999994
308	2.192029918426806	3.554915185398218	9.856239999999994
308	2.194357854584845	3.552823683941197	9.856239999999994
308	2.196711611434237	3.5507618668820884	9.856239999999994
308	2.199091197582923	3.548730213522944	9.856239999999994
308	2.2014966216388387	3.546729203165824	9.856239999999994
308	2.203927892209928	3.5447593151127776	9.856239999999994
308	2.206385017904129	3.5428210286658635	9.856239999999994
308	2.208868007329381	3.540914823127136	9.856239999999994
308	2.211376869093624	3.5390411777986506	9.856239999999994
308	2.213911611804799	3.53720057198246	9.856239999999994
308	2.216472244070844	3.535393484980623	9.856239999999994
308	2.219058774499701	3.533620396095189	9.856239999999994
308	2.2216711834434357	3.5318817789492467	9.856239999999994
308	2.2243091156241537	3.530178039709667	9.856239999999994
308	2.2269719957816645	3.52850954033044	9.856239999999994
308	2.229659244831393	3.526876641996912	9.856239999999994
308	2.2323702836887613	3.525279705894432	9.856239999999994
308	2.2351045332691943	3.5237190932083458	9.856239999999994
308	2.2378614144881133	3.522195165124005	9.856239999999994
308	2.240640348260944	3.520708282826752	9.856239999999994
308	2.243440755503108	3.519258807501938	9.856239999999994
308	2.2462620571300302	3.517847100334909	9.856239999999994
308	2.249103674057133	3.516473522511012	9.856239999999994
308	2.2519650271998413	3.5151384352155945	9.856239999999994
308	2.254845537473577	3.5138421996340075	9.856239999999994
308	2.257744625793764	3.512585176951593	9.856239999999994
308	2.260661713075826	3.511367728353706	9.856239999999994
308	2.2635962202351867	3.5101902150256867	9.856239999999994
308	2.2665475681872698	3.509052998152887	9.856239999999994
308	2.2695151778474973	3.507956438920653	9.856239999999994
308	2.272498470131294	3.5069008985143304	9.856239999999994
308	2.275496865954083	3.505886738119271	9.856239999999994
308	2.278509786231288	3.504914318920819	9.856239999999994
308	2.281536651878332	3.5039840021043247	9.856239999999994
308	2.284576883810638	3.503096148855133	9.856239999999994
308	2.287629902943631	3.5022511203585944	9.856239999999994
308	2.290695130192733	3.501449277800053	9.856239999999994
308	2.2937719864733683	3.5006909823648598	9.856239999999994
308	2.29685989270096	3.4999765952383592	9.856239999999994
308	2.299958269790932	3.4993064776058995	9.856239999999994
308	2.303066538658708	3.498680990652831	9.856239999999994
308	2.30618412021971	3.4981004955645	9.856239999999994
308	2.3093104353893628	3.4975653535262508	9.856239999999994
308	2.312444905083089	3.4970759257234354	9.856239999999994
308	2.315586950216313	3.496632573341399	9.856239999999994
308	2.318735991704458	3.4962356575654896	9.856239999999994
308	2.321891450462947	3.495885539581055	9.856239999999994
308	2.325052747407203	3.4955825805734437	9.856239999999994
308	2.328219303452651	3.4953271417280014	9.856239999999994
308	2.331390539514713	3.495119584230077	9.856239999999994
308	2.334565876508814	3.494960269265017	9.856239999999994
308	2.337744735350376	3.4948495580181707	9.856239999999994
308	2.340926536954823	3.4947878116748843	9.856239999999994
308	2.344110702237579	3.494775391420505	9.856239999999994
308	2.347296652114066	3.494812658440384	9.856239999999994
308	2.3504838074997094	3.4948999739198623	9.856239999999994
308	2.353671589309932	3.495037699044291	9.856239999999994
308	2.356859418460156	3.49522619499902	9.856239999999994
308	2.360046714594556	3.495465821004884	9.856239999999994
308	2.3632327645299878	3.495756731019684	9.856239999999994
308	2.3664166076977344	3.4960986967070182	9.856239999999994
308	2.369597256529631	3.496491448007225	9.856239999999994
308	2.372773723457511	3.49693471486064	9.856239999999994
308	2.3759450209132105	3.497428227207598	9.856239999999994
308	2.379110161328561	3.497971714988436	9.856239999999994
308	2.3822681571353974	3.498564908143491	9.856239999999994
308	2.385418020765555	3.499207536613101	9.856239999999994
308	2.388558764650868	3.4998993303375947	9.856239999999994
308	2.3916894012231684	3.5006400192573164	9.856239999999994
308	2.3948089429142927	3.5014293333125988	9.856239999999994
308	2.3979164021560737	3.5022670024437783	9.856239999999994
308	2.4010107913803465	3.5031527565911897	9.856239999999994
308	2.404091123018945	3.504086325695173	9.856239999999994
308	2.407156409503702	3.5050674396960595	9.856239999999994
308	2.410205663266453	3.5060958285341908	9.856239999999994
308	2.413237896739032	3.507171222149898	9.856239999999994
308	2.4162521223532742	3.50829335048352	9.856239999999994
308	2.419247352541012	3.509461943475393	9.856239999999994
308	2.42222259973408	3.5106767310658524	9.856239999999994
308	2.425176876364312	3.511937443195235	9.856239999999994
308	2.428109194863544	3.513243809803876	9.856239999999994
308	2.431018567663608	3.514595560832114	9.856239999999994
308	2.433904007196339	3.515992426220281	9.856239999999994
308	2.436764525893573	3.517434135908717	9.856239999999994
308	2.43959913618714	3.518920419837758	9.856239999999994
308	2.442406850508878	3.520451007947737	9.856239999999994
308	2.445186681290619	3.5220256301789927	9.856239999999994
308	2.447937640964198	3.5236440164718603	9.856239999999994
308	2.4506587419614494	3.52530589676668	9.856239999999994
308	2.4533489967142077	3.527011001003779	9.856239999999994
308	2.456007417654305	3.5287590591235025	9.856239999999994
308	2.458633017213577	3.530549801066184	9.856239999999994
308	2.4612248078238586	3.532382956772155	9.856239999999994
308	2.4637818019169826	3.534258256181759	9.856239999999994
308	2.4663030119247837	3.536175429235328	9.856239999999994
308	2.468787450279096	3.5381342058732	9.856239999999994
308	2.471234129411753	3.540134316035707	9.856239999999994
308	2.47364206175459	3.5421754896631885	9.856239999999994
308	2.47601025973944	3.5442574566959824	9.856239999999994
308	2.4783377357981387	3.5463799470744237	9.856239999999994
308	2.48062350236252	3.548542690738844	9.856239999999994
308	2.482866571864416	3.550745417629586	9.856239999999994
308	2.4850659567356623	3.5529878576869853	9.856239999999994
308	2.4872206694080936	3.555269740851374	9.856239999999994
308	2.489329722313544	3.5575907970630904	9.856239999999994
308	2.4913921278838465	3.55995075626247	9.856239999999994
308	2.493406907660317	3.5623493432934943	9.856239999999994
308	2.4953735431996167	3.5647860256416823	9.856239999999994
308	2.497292183322512	3.5672598974874807	9.856239999999994
308	2.499163029214825	3.56977002371538	9.856239999999994
308	2.500986282062372	3.5723154692098724	9.856239999999994
308	2.502762143050975	3.5748952988554468	9.856239999999994
308	2.5044908133664534	3.5775085775365936	9.856239999999994
308	2.5061724941946264	3.580154370137806	9.856239999999994
308	2.507807386721314	3.58283174154357	9.856239999999994
308	2.5093956921323364	3.5855397566383798	9.856239999999994
308	2.5109376116135147	3.588277480306724	9.856239999999994
308	2.512433346350665	3.5910439774330936	9.856239999999994
308	2.513883097529612	3.593838312901979	9.856239999999994
308	2.5152870663361693	3.596659551597873	9.856239999999994
308	2.5166454539561625	3.5995067584052647	9.856239999999994
308	2.517958461575408	3.602378998208644	9.856239999999994
308	2.5192262903797267	3.6052753358925	9.856239999999994
308	2.520449141554939	3.608194836341327	9.856239999999994
308	2.521627216286864	3.611136564439613	9.856239999999994
308	2.522760715761321	3.614099585071851	9.856239999999994
308	2.52384984116413	3.617082963122529	9.856239999999994
308	2.524894793681112	3.620085763476137	9.856239999999994
308	2.525895774498085	3.623107051017167	9.856239999999994
308	2.5268529848008705	3.626145890630111	9.856239999999994
308	2.5277666257752864	3.629201347199457	9.856239999999994
308	2.5286368986071546	3.632272485609697	9.856239999999994
308	2.529464004482292	3.6353583707453208	9.856239999999994
308	2.5302481445865217	3.638458067490821	9.856239999999994
308	2.5309895201056625	3.641570640730684	9.856239999999994
308	2.531688332225532	3.644695155349404	9.856239999999994
308	2.5323447821319527	3.647830676231471	9.856239999999994
308	2.532959071010743	3.650976268261375	9.856239999999994
308	2.5335314000477225	3.654130996323605	9.856239999999994
308	2.534061970428712	3.657293925302654	9.856239999999994
308	2.534550983339531	3.660464120083012	9.856239999999994
308	2.534998639965999	3.6636406455491697	9.856239999999994
308	2.535405141493935	3.666822566585618	9.856239999999994
308	2.5357706891091607	3.6700089480768447	9.856239999999994
308	2.536095483997495	3.6731988549073407	9.856239999999994
308	2.536379727344757	3.676391351961601	9.856239999999994
308	2.5366236203367665	3.6795855041241134	9.856239999999994
308	2.536827364159345	3.682780376279368	9.856239999999994
308	2.5369911599983097	3.685975033311856	9.856239999999994
308	2.5371152090394826	3.689168540106066	9.856239999999994
308	2.537199712468683	3.692359961546491	9.856239999999994
308	2.5372448714717297	3.695548362517623	9.856239999999994
308	2.5372508872344426	3.698732807903948	9.856239999999994
308	2.537217960942643	3.701912362589961	9.856239999999994
308	2.537146295144943	3.7050860956209046	9.856239999999994
308	2.5370361963061283	3.708253393309452	9.856239999999994
308	2.5368881461805404	3.711414177146417	9.856239999999994
308	2.536702643395017	3.714568420136192	9.856239999999994
308	2.5364801865763957	3.717716095283168	9.856239999999994
308	2.5362212743515125	3.720857175591732	9.856239999999994
308	2.535926405347205	3.72399163406628	9.856239999999994
308	2.535596078190313	3.7271194437111967	9.856239999999994
308	2.535230791507671	3.7302405775308767	9.856239999999994
308	2.534831043926117	3.733355008529703	9.856239999999994
308	2.534397334072489	3.7364627097120753	9.856239999999994
308	2.533930160573624	3.739563654082379	9.856239999999994
308	2.5334300220563604	3.7426578146450016	9.856239999999994
308	2.532897417147533	3.7457451644043385	9.856239999999994
308	2.5323328444739808	3.7488256763647794	9.856239999999994
308	2.5317368026625413	3.751899323530711	9.856239999999994
308	2.531109790340052	3.754966078906525	9.856239999999994
308	2.5304523061333493	3.7580259154966136	9.856239999999994
308	2.5297648486692705	3.761078806305365	9.856239999999994
308	2.529047916574654	3.7641247243371714	9.856239999999994
308	2.528302008476337	3.767163642596418	9.856239999999994
308	2.527527623001156	3.7701955340875024	9.856239999999994
308	2.526725258775949	3.7732203718148094	9.856239999999994
308	2.525895414427551	3.776238128782734	9.856239999999994
308	2.525038588582804	3.7792487779956607	9.856239999999994
308	2.5241552798685416	3.782252292457984	9.856239999999994
308	2.5232459869116024	3.785248645174091	9.856239999999994
308	2.522311208338824	3.788237809148376	9.856239999999994
308	2.521351442777043	3.7912197573852255	9.856239999999994
308	2.520367188853097	3.794194462889029	9.856239999999994
308	2.519358945193824	3.797161898664182	9.856239999999994
308	2.5183272104260603	3.800122037715071	9.856239999999994
308	2.5172724831766438	3.803074853046087	9.856239999999994
308	2.516195262072411	3.80602031766162	9.856239999999994
308	2.515096045740201	3.8089584045660594	9.856239999999994
308	2.51397533280685	3.811889086763798	9.856239999999994
308	2.512833621899196	3.814812337259222	9.856239999999994
308	2.511671411644074	3.817728129056728	9.856239999999994
308	2.510489200668324	3.8206364351607	9.856239999999994
308	2.5092874875987827	3.823537228575529	9.856239999999994
308	2.508066771062288	3.826430482305608	9.856239999999994
308	2.506827549685675	3.829316169355327	9.856239999999994
308	2.5055703220957835	3.8321942627290735	9.856239999999994
308	2.5042955869194485	3.835064735431243	9.856239999999994
308	2.50300384278351	3.837927560466218	9.856239999999994
308	2.5016955883148038	3.840782710838397	9.856239999999994
308	2.500371322140167	3.843630159552164	9.856239999999994
308	2.4990315428864376	3.846469879611912	9.856239999999994
308	2.497676749180452	3.849301844022031	9.856239999999994
308	2.496307439649049	3.852126025786912	9.856239999999994
308	2.4949241129190654	3.854942397910941	9.856239999999994
308	2.493527267617339	3.8577509333985134	9.856239999999994
308	2.492117402370705	3.8605516052540194	9.856239999999994
308	2.4906950158060024	3.863344386481846	9.856239999999994
308	2.4892606065500686	3.866129250086384	9.856239999999994
308	2.48781467322974	3.8689061690720257	9.856239999999994
308	2.4863577144718554	3.87167511644316	9.856239999999994
308	2.4848902251108758	3.874436064444393	9.856239999999994
308	2.483412405685165	3.8771889263595063	9.856239999999994
308	2.4819239573834544	3.879933515429961	9.856239999999994
308	2.48042453296231	3.882669635194065	9.856239999999994
308	2.478913785178301	3.885397089190128	9.856239999999994
308	2.4773913667879963	3.8881156809564494	9.856239999999994
308	2.475856930547964	3.8908252140313406	9.856239999999994
308	2.474310129214774	3.893525491953108	9.856239999999994
308	2.4727506155449923	3.89621631826006	9.856239999999994
308	2.4711780422951897	3.898897496490502	9.856239999999994
308	2.469592062221934	3.901568830182741	9.856239999999994
308	2.467992328081793	3.904230122875082	9.856239999999994
308	2.466378492631335	3.906881178105837	9.856239999999994
308	2.4647502086271302	3.9095217994133096	9.856239999999994
308	2.4631071288257456	3.912151790335805	9.856239999999994
308	2.46144890598375	3.914770954411633	9.856239999999994
308	2.4597751928577134	3.9173790951791	9.856239999999994
308	2.458085642204202	3.9199760161765145	9.856239999999994
308	2.4563799067797847	3.92256152094218	9.856239999999994
308	2.454657639341031	3.925135413014406	9.856239999999994
308	2.452918492644509	3.927697495931498	9.856239999999994
308	2.451162119446788	3.930247573231762	9.856239999999994
308	2.449388172504434	3.93278544845351	9.856239999999994
308	2.447596304574018	3.935310925135042	9.856239999999994
308	2.4457861684121083	3.937823806814671	9.856239999999994
308	2.4439574167752727	3.940323897030699	9.856239999999994
308	2.442109702420078	3.942810999321437	9.856239999999994
308	2.4402426781030964	3.94528491722519	9.856239999999994
308	2.438355996580894	3.947745454280264	9.856239999999994
308	2.43644931061004	3.950192414024966	9.856239999999994
308	2.4345222729471026	3.9526255999976057	9.856239999999994
308	2.43257453634865	3.955044815736488	9.856239999999994
308	2.43060575357125	3.957449864779921	9.856239999999994
308	2.428615577371474	3.95984055066621	9.856239999999994
308	2.426603660505888	3.962216676933664	9.856239999999994
308	2.4245696557310605	3.964578047120587	9.856239999999994
308	2.4225132158035625	3.966924464765289	9.856239999999994
308	2.4204339934799592	3.969255733406075	9.856239999999994
308	2.418331641516821	3.971571656581253	9.856239999999994
308	2.416205812670716	3.973872037829128	9.856239999999994
308	2.4140561596982124	3.976156680688008	9.856239999999994
308	2.41188233535588	3.978425388696202	9.856239999999994
308	2.409683992400285	3.9806779653920152	9.856239999999994
308	2.407460783587997	3.9829142143137535	9.856239999999994
308	2.405212361675586	3.985133938999727	9.856239999999994
308	2.402938379419618	3.987336942988239	9.856239999999994
308	2.4006384895766635	3.989523029817597	9.856239999999994
308	2.3983123449032897	3.991692003026112	9.856239999999994
308	2.395959598156066	3.9938436661520855	9.856239999999994
308	2.3935799020915605	3.995977822733828	9.856239999999994
308	2.391172909466341	3.998094276309645	9.856239999999994
308	2.388738273036977	4.000192830417844	9.856239999999994
308	2.3862756455600365	4.002273288596731	9.856239999999994
308	2.383784679792089	4.004335454384615	9.856239999999994
308	2.3812650284897017	4.006379131319799	9.856239999999994
308	2.3787163444094435	4.008404122940595	9.856239999999994
308	2.376138280307883	4.010410232785307	9.856239999999994
308	2.3735306152133706	4.012397126182896	9.856239999999994
308	2.370893989343158	4.014363525857785	9.856239999999994
308	2.368229402411362	4.016307761051185	9.856239999999994
308	2.3655378553316675	4.018228159691332	9.856239999999994
308	2.3628203490177646	4.020123049706453	9.856239999999994
308	2.360077884383343	4.02199075902478	9.856239999999994
308	2.3573114623420897	4.023829615574546	9.856239999999994
308	2.354522083807693	4.025637947283983	9.856239999999994
308	2.351710749693844	4.027414082081322	9.856239999999994
308	2.348878460914229	4.029156347894793	9.856239999999994
308	2.346026218382538	4.030863072652629	9.856239999999994
308	2.343155023012459	4.032532584283062	9.856239999999994
308	2.340265875717681	4.034163210714323	9.856239999999994
308	2.337359777411893	4.035753279874643	9.856239999999994
308	2.3344377290087825	4.037301119692255	9.856239999999994
308	2.3315007314220395	4.038805058095389	9.856239999999994
308	2.328549785565352	4.040263423012277	9.856239999999994
308	2.3255858923524078	4.041674542371149	9.856239999999994
308	2.3226100526968967	4.043036744100242	9.856239999999994
308	2.319623267512507	4.044348356127781	9.856239999999994
308	2.3166265377129265	4.045607706382001	9.856239999999994
308	2.3136208642118463	4.046813122791132	9.856239999999994
308	2.3106072479229525	4.047962933283409	9.856239999999994
308	2.307586689759934	4.04905546578706	9.856239999999994
308	2.3045601906364817	4.050089048230317	9.856239999999994
308	2.301528751466282	4.051062008541413	9.856239999999994
308	2.298493373163026	4.051972674648575	9.856239999999994
308	2.2954550566403986	4.052819374480042	9.856239999999994
308	2.292414802812091	4.053600435964041	9.856239999999994
308	2.2893736125917914	4.0543141870288055	9.856239999999994
308	2.2863324868931887	4.054958955602563	9.856239999999994
308	2.283292426629971	4.05553306961355	9.856239999999994
308	2.280254432715827	4.056034856989997	9.856239999999994
308	2.2772195060644465	4.0564626456601305	9.856239999999994
308	2.2741886475895163	4.05681476355219	9.856239999999994
308	2.271162858204727	4.0570895385944	9.856239999999994
308	2.2681431388237647	4.057285298714998	9.856239999999994
308	2.2651304903603204	4.0574003718422125	9.856239999999994
308	2.2621259137280822	4.0574330859042735	9.856239999999994
308	2.259130409840738	4.057381768829416	9.856239999999994
308	2.256144979611977	4.05724474854587	9.856239999999994
308	2.253170623955489	4.057020352981865	9.856239999999994
308	2.2502083437849603	4.056706910065635	9.856239999999994
308	2.247259140014081	4.056302747725412	9.856239999999994
