466	3.7641590595235854	3.4944879627218937	14.801649999999988
466	3.761523691433845	3.4860943180764608	14.801649999999988
466	3.76183760516804	3.4771180094099554	14.801649999999988
466	3.764990521406301	3.4676088197941723	14.801649999999988
466	3.770872160828755	3.4576165323009054	14.801649999999988
466	3.7793722441155313	3.447190930001952	14.801649999999988
466	3.79038049194676	3.436381795969103	14.801649999999988
466	3.803786625002569	3.425238913274158	14.801649999999988
466	3.8194803639630863	3.413812064988906	14.801649999999988
466	3.837351429508441	3.402151034185147	14.801649999999988
466	3.8572895423187656	3.39030560393467	14.801649999999988
466	3.879184423074184	3.3783255573092745	14.801649999999988
466	3.902925792454827	3.3662606773807555	14.801649999999988
466	3.928403371140823	3.354160747220904	14.801649999999988
466	3.955506879812301	3.3420755499015167	14.801649999999988
466	3.984126039149391	3.3300548684943863	14.801649999999988
466	4.014150569832221	3.318148486071311	14.801649999999988
466	4.04547019254092	3.306406185704084	14.801649999999988
466	4.077974627955615	3.294877750464499	14.801649999999988
466	4.111553596756439	3.28361296342435	14.801649999999988
466	4.146096819623517	3.2726616076554347	14.801649999999988
466	4.181494017236978	3.262073466229544	14.801649999999988
466	4.217634910276954	3.251898322218476	14.801649999999988
466	4.254409219423571	3.242185958694024	14.801649999999988
466	4.291706665356959	3.2329861587279822	14.801649999999988
466	4.329416968757245	3.2243487053921465	14.801649999999988
466	4.367429850304561	3.2163233817583103	14.801649999999988
466	4.405635030679035	3.208959970898268	14.801649999999988
466	4.443922230560793	3.202308255883815	14.801649999999988
466	4.482181170629969	3.196418019786746	14.801649999999988
466	4.5203015715666846	3.1913390456788573	14.801649999999988
466	4.558173154051076	3.187121116631941	14.801649999999988
466	4.595685638763269	3.1838140157177914	14.801649999999988
466	4.63272874638339	3.1814675260082064	14.801649999999988
466	4.669192197591572	3.180131430574977	14.801649999999988
466	4.70496899764588	3.179853546365649	14.801649999999988
466	4.740013650203325	3.1806448778374063	14.801649999999988
466	4.774335238115145	3.18248375874226	14.801649999999988
466	4.80794473878647	3.18534738876616	14.801649999999988
466	4.840853129622436	3.18921296759505	14.801649999999988
466	4.873071388028172	3.194057694914882	14.801649999999988
466	4.904610491408805	3.199858770411605	14.801649999999988
466	4.935481417169474	3.2065933937711657	14.801649999999988
466	4.965695142715307	3.2142387646795125	14.801649999999988
466	4.995262645451436	3.222772082822595	14.801649999999988
466	5.024194902782992	3.232170547886361	14.801649999999988
466	5.052502892115108	3.242411359556762	14.801649999999988
466	5.080197590852914	3.2534717175197416	14.801649999999988
466	5.107289976401543	3.265328821461252	14.801649999999988
466	5.133791026166126	3.27795987106724	14.801649999999988
466	5.159711717551795	3.2913420660236543	14.801649999999988
466	5.185063027963679	3.305452606016444	14.801649999999988
466	5.209855934806911	3.3202686907315595	14.801649999999988
466	5.234101415486624	3.335767519854948	14.801649999999988
466	5.25781044740795	3.3519262930725557	14.801649999999988
466	5.2809940079760205	3.368722210070332	14.801649999999988
466	5.303663074595962	3.3861324705342284	14.801649999999988
466	5.32582862467291	3.4041342741501905	14.801649999999988
466	5.347501635612	3.4227048206041677	14.801649999999988
466	5.3686930848183545	3.441821309582111	14.801649999999988
466	5.389413949697112	3.4614609407699657	14.801649999999988
466	5.409675207653404	3.481600913853679	14.801649999999988
466	5.429487836092357	3.502218428519204	14.801649999999988
466	5.448862812419107	3.5232906844524887	14.801649999999988
466	5.467811114038785	3.5447948813394783	14.801649999999988
466	5.486343718356521	3.566708218866122	14.801649999999988
466	5.504471602777447	3.589007896718371	14.801649999999988
466	5.522205744706695	3.611671114582173	14.801649999999988
466	5.539557121549398	3.634675072143475	14.801649999999988
466	5.556536710710684	3.657996969088228	14.801649999999988
466	5.573155489595689	3.681614005102377	14.801649999999988
466	5.58942443560954	3.7055033798718737	14.801649999999988
466	5.605354526157372	3.729642293082665	14.801649999999988
466	5.620956738644315	3.754007944420701	14.801649999999988
466	5.636242050475502	3.778577533571928	14.801649999999988
466	5.6512214390560604	3.8033282602222975	14.801649999999988
466	5.665905881791128	3.8282373240577554	14.801649999999988
466	5.680306152299544	3.853282190261372	14.801649999999988
466	5.694425859753217	3.878449658010438	14.801649999999988
466	5.708259722529464	3.903738109599004	14.801649999999988
466	5.721801904897528	3.929146649224922	14.801649999999988
466	5.735046571126655	3.9546743810860487	14.801649999999988
466	5.74798788548609	3.9803204093802407	14.801649999999988
466	5.760620012245082	4.006083838305354	14.801649999999988
466	5.772937115672869	4.031963772059243	14.801649999999988
466	5.784933360038697	4.057959314839768	14.801649999999988
466	5.796602909611814	4.08406957084478	14.801649999999988
466	5.807939928661464	4.110293644272139	14.801649999999988
466	5.818938581456891	4.1366306393197005	14.801649999999988
466	5.82959303226734	4.16307966018532	14.801649999999988
466	5.839897445362054	4.1896398110668525	14.801649999999988
466	5.84984598501028	4.216310196162157	14.801649999999988
466	5.859432815481264	4.243089919669086	14.801649999999988
466	5.868652101044246	4.269978085785501	14.801649999999988
466	5.877498005968474	4.296973798709255	14.801649999999988
466	5.885964694523197	4.324076162638201	14.801649999999988
466	5.894046330977651	4.3512842817702015	14.801649999999988
466	5.901737079601087	4.378597260303107	14.801649999999988
466	5.909031104662749	4.406014202434777	14.801649999999988
466	5.915922570431878	4.433534212363069	14.801649999999988
466	5.9224056411777255	4.461156394285833	14.801649999999988
466	5.92847448116953	4.488879852400933	14.801649999999988
466	5.934123254676538	4.516703690906221	14.801649999999988
466	5.9393461259679965	4.544627013999553	14.801649999999988
466	5.944137259313149	4.572648925878784	14.801649999999988
466	5.9484908189812415	4.600768530741772	14.801649999999988
466	5.952400969241515	4.628984932786374	14.801649999999988
466	5.955861874363218	4.657297236210446	14.801649999999988
466	5.958867698615594	4.685704545211842	14.801649999999988
466	5.9614126062678885	4.71420596398842	14.801649999999988
466	5.963490761589345	4.7428005967380376	14.801649999999988
466	5.965096328849208	4.771487547658547	14.801649999999988
466	5.966223472316726	4.800265920947807	14.801649999999988
466	5.96686675819204	4.829134209548736	14.801649999999988
466	5.967025013335548	4.858084426808879	14.801649999999988
466	5.966699629735472	4.887104685039448	14.801649999999988
466	5.965892034588731	4.91618304300641	14.801649999999988
466	5.964603655092244	4.945307559475735	14.801649999999988
466	5.962835918442925	4.974466293213393	14.801649999999988
466	5.960590251837693	5.003647302985355	14.801649999999988
466	5.957868082473461	5.03283864755759	14.801649999999988
466	5.954670837547154	5.062028385696067	14.801649999999988
466	5.950999944255681	5.091204576166756	14.801649999999988
466	5.946856829795964	5.120355277735629	14.801649999999988
466	5.94224292136492	5.149468549168654	14.801649999999988
466	5.937159646159465	5.178532449231801	14.801649999999988
466	5.931608431376515	5.207535036691041	14.801649999999988
466	5.925590704212988	5.236464370312342	14.801649999999988
466	5.919107891865802	5.265308508861675	14.801649999999988
466	5.912161421531872	5.294055511105009	14.801649999999988
466	5.904752720408119	5.322693435808315	14.801649999999988
466	5.896883215691457	5.351210341737561	14.801649999999988
466	5.888554334578801	5.379594287658721	14.801649999999988
466	5.879767504267073	5.407833332337759	14.801649999999988
466	5.870524151953189	5.43591553454065	14.801649999999988
466	5.860825704834062	5.463828953033361	14.801649999999988
466	5.850673590106615	5.491561646581863	14.801649999999988
466	5.840069234967762	5.519101673952124	14.801649999999988
466	5.82901406661442	5.546437093910116	14.801649999999988
466	5.817509512243506	5.573555965221807	14.801649999999988
466	5.805556999051937	5.60044634665317	14.801649999999988
466	5.793157954236634	5.627096296970172	14.801649999999988
466	5.780313804994508	5.653493874938784	14.801649999999988
466	5.767025978522479	5.679627139324974	14.801649999999988
466	5.753295902017465	5.7054841488947154	14.801649999999988
466	5.7391250026763805	5.731052962413974	14.801649999999988
466	5.724514707696148	5.756321638648723	14.801649999999988
466	5.709466444273677	5.78127823636493	14.801649999999988
466	5.693981639605891	5.805910814328566	14.801649999999988
466	5.678061720889704	5.830207431305601	14.801649999999988
466	5.661708115322034	5.854156146062004	14.801649999999988
466	5.644922250099797	5.877745017363745	14.801649999999988
466	5.627705552419911	5.900962103976795	14.801649999999988
466	5.6100594494792935	5.923795464667123	14.801649999999988
466	5.59198536847486	5.946233158200699	14.801649999999988
466	5.573484736603531	5.968263243343492	14.801649999999988
466	5.554558981062219	5.989873778861472	14.801649999999988
466	5.535209529047847	6.011052823520609	14.801649999999988
466	5.515437807757326	6.031788436086876	14.801649999999988
466	5.495245244387576	6.052068675326238	14.801649999999988
466	5.474633266135514	6.071881600004667	14.801649999999988
466	5.453603300198058	6.091215268888133	14.801649999999988
466	5.432156773772124	6.110057740742606	14.801649999999988
466	5.410295143011954	6.128397103444187	14.801649999999988
466	5.388023221935606	6.146224820452058	14.801649999999988
466	5.365352268958622	6.163538833629621	14.801649999999988
466	5.342294272272315	6.180337818467033	14.801649999999988
466	5.318861220067996	6.1966204504544535	14.801649999999988
466	5.2950651005369735	6.212385405082042	14.801649999999988
466	5.270917901870564	6.227631357839956	14.801649999999988
466	5.246431612260079	6.242356984218354	14.801649999999988
466	5.2216182198968255	6.256560959707394	14.801649999999988
466	5.1964897129721175	6.270241959797236	14.801649999999988
466	5.171058079677268	6.283398659978039	14.801649999999988
466	5.145335308203587	6.296029735739959	14.801649999999988
466	5.1193333867423885	6.308133862573156	14.801649999999988
466	5.093064303484983	6.3197097159677895	14.801649999999988
466	5.066540046622681	6.330755971414016	14.801649999999988
466	5.039772604346796	6.341271304401995	14.801649999999988
466	5.012773964848636	6.351254390421886	14.801649999999988
466	4.985556116319516	6.360703904963846	14.801649999999988
466	4.958131046950749	6.369618523518035	14.801649999999988
466	4.930510744933644	6.37799692157461	14.801649999999988
466	4.902707198459511	6.385837774623731	14.801649999999988
466	4.874732395719666	6.393139758155556	14.801649999999988
466	4.846598324905418	6.399901547660243	14.801649999999988
466	4.818316974208081	6.406121818627952	14.801649999999988
466	4.789900331818962	6.411799246548839	14.801649999999988
466	4.761360385929378	6.4169325069130645	14.801649999999988
466	4.73270912473064	6.421520275210787	14.801649999999988
466	4.703958536414056	6.425561226932164	14.801649999999988
466	4.675120609170938	6.429054037567355	14.801649999999988
466	4.646207331192601	6.43199738260652	14.801649999999988
466	4.617230690670356	6.434389937539812	14.801649999999988
466	4.588202675795513	6.436230377857396	14.801649999999988
466	4.5591352747593845	6.437517379049428	14.801649999999988
466	4.530040475753282	6.4382496166060665	14.801649999999988
466	4.500930196991997	6.438425842383452	14.801649999999988
466	4.471815079546191	6.438046201996202	14.801649999999988
466	4.442704648527042	6.437112058915197	14.801649999999988
466	4.413608391490191	6.435624817596002	14.801649999999988
466	4.384535795991278	6.433585882494189	14.801649999999988
466	4.355496349585938	6.430996658065324	14.801649999999988
466	4.326499539829814	6.427858548764974	14.801649999999988
466	4.297554854278543	6.42417295904871	14.801649999999988
466	4.2686717804877645	6.419941293372098	14.801649999999988
466	4.239859806013116	6.415164956190709	14.801649999999988
466	4.2111284184102376	6.409845351960108	14.801649999999988
466	4.182487105234769	6.403983885135865	14.801649999999988
466	4.153945354042348	6.397581960173548	14.801649999999988
466	4.125512652388612	6.390640981528726	14.801649999999988
466	4.097198487829203	6.3831623536569655	14.801649999999988
466	4.069012347919758	6.375147481013836	14.801649999999988
466	4.040963720215917	6.3665977680549055	14.801649999999988
466	4.013062092273318	6.357514619235741	14.801649999999988
466	3.985316951647599	6.347899439011913	14.801649999999988
466	3.9577377858944014	6.337753631838988	14.801649999999988
466	3.930334082569364	6.327078602172534	14.801649999999988
466	3.9031153292281218	6.31587575446812	14.801649999999988
466	3.8760910134263193	6.304146493181315	14.801649999999988
466	3.84927062271959	6.291892222767686	14.801649999999988
466	3.822663644663577	6.2791143476828015	14.801649999999988
466	3.796279566813917	6.26581427238223	14.801649999999988
466	3.77012787672625	6.25199340132154	14.801649999999988
466	3.744218061956214	6.237653138956299	14.801649999999988
466	3.718559610059448	6.222794889742076	14.801649999999988
466	3.693162008591592	6.207420058134439	14.801649999999988
466	3.668034745108284	6.1915300485889535	14.801649999999988
466	3.643187307165163	6.175126265561193	14.801649999999988
466	3.618629182317868	6.158210113506721	14.801649999999988
466	3.594369858122037	6.140782996881109	14.801649999999988
466	3.570418822133311	6.122846320139923	14.801649999999988
466	3.546785561907327	6.104401487738733	14.801649999999988
466	3.523479564999725	6.085449904133106	14.801649999999988
466	3.5005103189661435	6.065992973778611	14.801649999999988
466	3.477887311362222	6.046032101130814	14.801649999999988
466	3.455620029743599	6.025568690645287	14.801649999999988
466	3.4337179616659124	6.004604146777595	14.801649999999988
466	3.4121905946848017	5.983139873983308	14.801649999999988
466	3.391047416355907	5.961177276717994	14.801649999999988
466	3.370297914234867	5.938717759437221	14.801649999999988
466	3.3499515758773186	5.915762726596556	14.801649999999988
466	3.330017888838902	5.892313582651569	14.801649999999988
466	3.3105063406752566	5.868371732057829	14.801649999999988
466	3.2914264189420206	5.843938579270902	14.801649999999988
466	3.272787611194833	5.819015528746355	14.801649999999988
466	3.254599404989334	5.793603984939761	14.801649999999988
466	3.23687128788116	5.767705352306685	14.801649999999988
466	3.219612747425952	5.741321035302695	14.801649999999988
466	3.202833271179348	5.71445243838336	14.801649999999988
466	3.186542346696987	5.687100966004248	14.801649999999988
466	3.170749461534508	5.659268022620928	14.801649999999988
466	3.1554641032475508	5.630955012688967	14.801649999999988
466	3.140695759391753	5.602163340663934	14.801649999999988
466	3.126453917522754	5.572894411001398	14.801649999999988
466	3.112748065196192	5.543149628156927	14.801649999999988
466	3.0995876899677075	5.512930396586086	14.801649999999988
466	3.0869822793929376	5.482238120744447	14.801649999999988
466	3.074941321027523	5.451074205087577	14.801649999999988
466	3.0634743024271014	5.419440054071044	14.801649999999988
466	3.052590711147312	5.387337072150417	14.801649999999988
466	3.0423000347437936	5.354766663781264	14.801649999999988
466	3.032611760772186	5.321730233419152	14.801649999999988
466	3.0235353767881263	5.288229185519651	14.801649999999988
466	3.015080370347255	5.254264924538327	14.801649999999988
466	3.0072562290052103	5.219838854930751	14.801649999999988
466	3.000072440317631	5.18495238115249	14.801649999999988
466	2.993538491840157	5.149606907659111	14.801649999999988
466	2.9876638711284262	5.113803838906184	14.801649999999988
466	2.982458065738079	5.077544579349274	14.801649999999988
466	2.977930563224752	5.0408305334439545	14.801649999999988
466	2.9740908511440853	5.00366310564579	14.801649999999988
466	2.970948417051717	4.96604370041035	14.801649999999988
466	2.9685127485032887	4.927973722193203	14.801649999999988
466	2.966793333054436	4.889454575449915	14.801649999999988
466	2.96579883610678	4.850491076203642	14.801649999999988
466	2.9655283984846066	4.811127563168533	14.801649999999988
466	2.96597503173966	4.77143380876948	14.801649999999988
466	2.9671316459684456	4.73148000642476	14.801649999999988
466	2.968991151267467	4.691336349552648	14.801649999999988
466	2.971546457733231	4.651073031571419	14.801649999999988
466	2.974790475462242	4.610760245899344	14.801649999999988
466	2.978716114551006	4.570468185954704	14.801649999999988
466	2.983316285096028	4.530267045155768	14.801649999999988
466	2.988583897193813	4.490227016920818	14.801649999999988
466	2.9945118609408654	4.45041829466812	14.801649999999988
466	3.001093086433692	4.410911071815956	14.801649999999988
466	3.0083204837687973	4.371775541782599	14.801649999999988
466	3.0161869630426854	4.333081897986324	14.801649999999988
466	3.024685434351864	4.294900333845404	14.801649999999988
466	3.033808807792836	4.257301042778117	14.801649999999988
466	3.043549993462108	4.220354218202735	14.801649999999988
466	3.053901901456185	4.184130053537532	14.801649999999988
466	3.064857441871572	4.148698742200787	14.801649999999988
466	3.076409524804775	4.114130477610771	14.801649999999988
466	3.088551060352297	4.080495453185762	14.801649999999988
466	3.1012749586106465	4.047863862344034	14.801649999999988
466	3.1145741296763254	4.016305898503861	14.801649999999988
466	3.128441483645841	3.985891755083518	14.801649999999988
466	3.142869930615699	3.95669162550128	14.801649999999988
466	3.1578523806824035	3.92877570317542	14.801649999999988
466	3.173381743942459	3.9022141815242186	14.801649999999988
466	3.189450930492373	3.877077253965945	14.801649999999988
466	3.206052850428648	3.853435113918877	14.801649999999988
466	3.223180413847792	3.831357954801288	14.801649999999988
466	3.240826530846308	3.810915970031454	14.801649999999988
466	3.2589841115207028	3.7921793530276497	14.801649999999988
466	3.27764606596748	3.7752182972081503	14.801649999999988
466	3.296805304283146	3.7601029959912298	14.801649999999988
466	3.3164547365642068	3.7469036427951625	14.801649999999988
466	3.3365872729071664	3.735690431038224	14.801649999999988
466	3.3571958234085293	3.726533554138692	14.801649999999988
466	3.3782732981648023	3.7195032055148367	14.801649999999988
466	3.399812607272489	3.714669578584937	14.801649999999988
466	3.421806660828097	3.712102866767265	14.801649999999988
466	3.44424836892813	3.7118732634800944	14.801649999999988
466	3.467130641669093	3.714050962141704	14.801649999999988
466	3.4904463891474924	3.7187061561703674	14.801649999999988
466	3.5141885214598325	3.725909038984359	14.801649999999988
466	3.538349948702617	3.735729804001953	14.801649999999988
466	3.5629046837536773	3.748229228419083	14.801649999999988
466	3.5873850675240657	3.763248010407757	14.801649999999988
466	3.61087782437664	3.780404803585762	14.801649999999988
466	3.632449992519732	3.799308452232745	14.801649999999988
466	3.651168610161679	3.819567800628344	14.801649999999988
466	3.666275777222624	3.840842848607452	14.801649999999988
466	3.677796366418972	3.863022333497645	14.801649999999988
466	3.685973950065764	3.8860588998011982	14.801649999999988
466	3.691052110496971	3.909905194948068	14.801649999999988
466	3.693274430046572	3.934513866368203	14.801649999999988
466	3.692884491048539	3.9598375614915655	14.801649999999988
466	3.690125875836848	3.9858289277481047	14.801649999999988
466	3.685242166745472	4.012440612567774	14.801649999999988
466	3.678476946108387	4.039625263380533	14.801649999999988
466	3.670073796259569	4.067335527616333	14.801649999999988
466	3.660276299532991	4.095524052705128	14.801649999999988
466	3.6493280382626274	4.124143486076872	14.801649999999988
466	3.637472594782455	4.153146475161521	14.801649999999988
466	3.6249535514264446	4.182485667389027	14.801649999999988
466	3.612014490528576	4.212113710189349	14.801649999999988
466	3.59889899442282	4.241983250992436	14.801649999999988
466	3.585850645443153	4.272046937228244	14.801649999999988
466	3.5731130259235497	4.3022574163267295	14.801649999999988
466	3.5609297181979827	4.332567335717847	14.801649999999988
466	3.549544304600432	4.362929342831545	14.801649999999988
466	3.539200367464866	4.393296085097784	14.801649999999988
466	3.530141489125264	4.423620209946516	14.801649999999988
466	3.522611251915597	4.453854364807697	14.801649999999988
466	3.5168532376112496	4.483951197134101	14.801649999999988
466	3.513057187881568	4.513865554086757	14.801649999999988
466	3.511211410236484	4.543560512683863	14.801649999999988
466	3.511257112806661	4.573001074250619	14.801649999999988
466	3.5131355037227583	4.602152240112225	14.801649999999988
466	3.51678779111544	4.630979011593887	14.801649999999988
466	3.522155183115365	4.659446390020804	14.801649999999988
466	3.529178887853195	4.68751937671818	14.801649999999988
466	3.537800113459592	4.715162973011217	14.801649999999988
466	3.547960068065217	4.742342180225115	14.801649999999988
466	3.559599959800731	4.769021999685076	14.801649999999988
466	3.5726609967967944	4.795167432716305	14.801649999999988
466	3.58708438718407	4.820743480644	14.801649999999988
466	3.602811339093218	4.845715144793365	14.801649999999988
466	3.619783060654901	4.8700474264896005	14.801649999999988
466	3.6379407599997786	4.893705327057911	14.801649999999988
466	3.657225645258512	4.916653847823498	14.801649999999988
466	3.677578924561765	4.938857990111559	14.801649999999988
466	3.698941806040197	4.960282755247301	14.801649999999988
466	3.721255497824467	4.9808931445559255	14.801649999999988
466	3.744461834105401	5.000655358359395	14.801649999999988
466	3.768512042735639	5.01955358721577	14.801649999999988
466	3.793364596120755	5.03758589606141	14.801649999999988
466	3.81897815379085	5.054750708203505	14.801649999999988
466	3.8453113752760255	5.071046446949244	14.801649999999988
466	3.872322920106379	5.086471535605819	14.801649999999988
466	3.899971447812013	5.101024397480417	14.801649999999988
466	3.928215617923028	5.114703455880232	14.801649999999988
466	3.9570140899695234	5.127507134112454	14.801649999999988
466	3.9863255234816	5.139433855484271	14.801649999999988
466	4.016108577989359	5.150482043302876	14.801649999999988
466	4.046321913022901	5.160650120875456	14.801649999999988
466	4.076924188112323	5.169936511509205	14.801649999999988
466	4.107874062787731	5.178339638511311	14.801649999999988
466	4.139130196579222	5.185857925188964	14.801649999999988
466	4.170651249016896	5.192489794849356	14.801649999999988
466	4.202395879630856	5.198233670799676	14.801649999999988
466	4.2343227479512	5.203087976347115	14.801649999999988
466	4.26639051350803	5.207051134798864	14.801649999999988
466	4.298557835831446	5.21012156946211	14.801649999999988
466	4.330783374451547	5.212297703644047	14.801649999999988
466	4.363025788898437	5.213577960651864	14.801649999999988
466	4.395243738702212	5.213960763792752	14.801649999999988
466	4.427395883392975	5.213444536373899	14.801649999999988
466	4.459440882500827	5.212027701702499	14.801649999999988
466	4.491337395555867	5.209708683085738	14.801649999999988
466	4.523044082088198	5.206485903830808	14.801649999999988
466	4.554519601627915	5.202357787244903	14.801649999999988
466	4.585722613705125	5.1973227566352085	14.801649999999988
466	4.616611777849923	5.191379235308916	14.801649999999988
466	4.647145753592412	5.184525646573217	14.801649999999988
466	4.677283200462694	5.1767604137353	14.801649999999988
466	4.706982777990867	5.168081960102357	14.801649999999988
466	4.736203145707032	5.158488708981578	14.801649999999988
466	4.764902963141288	5.147979083680152	14.801649999999988
466	4.79304088982374	5.13655150750527	14.801649999999988
466	4.820575585284483	5.124204403764123	14.801649999999988
466	4.847465709053621	5.110936195763902	14.801649999999988
466	4.873669920661252	5.096745306811796	14.801649999999988
466	4.899146879637479	5.081630160214995	14.801649999999988
466	4.923855245512401	5.065589179280689	14.801649999999988
466	4.947753677816119	5.04862078731607	14.801649999999988
466	4.970800836078734	5.030723407628327	14.801649999999988
466	4.992955379830344	5.011895463524651	14.801649999999988
466	5.0141759686010525	4.992135378312231	14.801649999999988
466	5.034421261920957	4.971441575298258	14.801649999999988
466	5.05364991932016	4.9498124777899255	14.801649999999988
466	5.071820713915463	4.92724663343759	14.801649999999988
466	5.088907728272807	4.903759349119616	14.801649999999988
466	5.104915659736312	4.8793994456601375	14.801649999999988
466	5.11985284932952	4.85421973261295	14.801649999999988
466	5.133727638075969	4.828273019531859	14.801649999999988
466	5.146548366999199	4.801612115970666	14.801649999999988
466	5.158323377122748	4.774289831483172	14.801649999999988
466	5.169061009470152	4.74635897562318	14.801649999999988
466	5.178769605064953	4.717872357944492	14.801649999999988
466	5.187457504930688	4.68888278800091	14.801649999999988
466	5.195133050090896	4.659443075346236	14.801649999999988
466	5.201804581569115	4.629606029534274	14.801649999999988
466	5.207480440388884	4.599424460118824	14.801649999999988
466	5.212168967573743	4.568951176653688	14.801649999999988
466	5.215878504147228	4.538238988692669	14.801649999999988
466	5.21861739113288	4.507340705789568	14.801649999999988
466	5.220393969554237	4.476309137498189	14.801649999999988
466	5.221216580434837	4.445197093372332	14.801649999999988
466	5.22109356479822	4.414057382965801	14.801649999999988
466	5.220033263667923	4.382942815832396	14.801649999999988
466	5.218044018067485	4.351906201525921	14.801649999999988
466	5.215134169020446	4.321000349600176	14.801649999999988
466	5.211312057550344	4.2902780696089655	14.801649999999988
466	5.206586024680715	4.259792171106091	14.801649999999988
466	5.200964411435101	4.229595463645355	14.801649999999988
466	5.194455558837038	4.199740756780557	14.801649999999988
466	5.1870678079100685	4.1702808600655015	14.801649999999988
466	5.178809499677729	4.141268583053989	14.801649999999988
466	5.169688975163556	4.112756735299824	14.801649999999988
466	5.159714575391091	4.084798126356806	14.801649999999988
466	5.1488946413838725	4.057445565778738	14.801649999999988
466	5.137237514165437	4.030751863119423	14.801649999999988
466	5.124751534759326	4.004769827932661	14.801649999999988
466	5.111445044189075	3.979552269772258	14.801649999999988
466	5.097326383478227	3.9551519981920102	14.801649999999988
466	5.082403893650313	3.9316218227457274	14.801649999999988
466	5.066685915428775	3.909014550921123	14.801649999999988
466	5.050178661874009	3.887368342288849	14.801649999999988
466	5.032881124043788	3.8666716364714064	14.801649999999988
466	5.014790762112247	3.84690233370781	14.801649999999988
466	4.9959050362535145	3.828038334237085	14.801649999999988
466	4.97622140664173	3.810057538298248	14.801649999999988
466	4.95573733345102	3.792937846130328	14.801649999999988
466	4.9344502768555225	3.7766571579723385	14.801649999999988
466	4.912357697029367	3.761193374063306	14.801649999999988
466	4.889457054146688	3.7465243946422495	14.801649999999988
466	4.865745808381621	3.73262811994819	14.801649999999988
466	4.841221419908293	3.719482450220152	14.801649999999988
466	4.8158813489008425	3.707065285697152	14.801649999999988
466	4.7897230555334	3.695354526618213	14.801649999999988
466	4.7627439999801	3.68432807322236	14.801649999999988
466	4.734941642415073	3.673963825748608	14.801649999999988
466	4.706313443012453	3.6642396844359846	14.801649999999988
466	4.676856861946375	3.655133549523507	14.801649999999988
466	4.646569359390969	3.646623321250198	14.801649999999988
466	4.61544839552037	3.6386868998550783	14.801649999999988
466	4.583491430508711	3.6313021855771694	14.801649999999988
466	4.550695924530125	3.6244470786554928	14.801649999999988
466	4.517059337758743	3.618099479329068	14.801649999999988
466	4.482603501644028	3.612234089915368	14.801649999999988
466	4.447448322419147	3.606812743669404	14.801649999999988
466	4.411738373324451	3.601794037119638	14.801649999999988
466	4.375618227600482	3.5971365667945063	14.801649999999988
466	4.339232458487788	3.5927989292224467	14.801649999999988
466	4.30272563922691	3.5887397209319003	14.801649999999988
466	4.266242343058399	3.5849175384512986	14.801649999999988
466	4.229927143222792	3.5812909783090827	14.801649999999988
466	4.193924612960639	3.5778186370336904	14.801649999999988
466	4.158379325512483	3.5744591111535566	14.801649999999988
466	4.123435854118871	3.5711709971971217	14.801649999999988
466	4.089238772020345	3.56791289169282	14.801649999999988
466	4.055932652457453	3.5646433911690902	14.801649999999988
466	4.023662068670739	3.56132109215437	14.801649999999988
466	3.992571593900748	3.557904591177097	14.801649999999988
466	3.962805801388024	3.554352484765709	14.801649999999988
466	3.934509264373112	3.5506233694486413	14.801649999999988
466	3.907826556096559	3.5466758417543334	14.801649999999988
466	3.8829022497989074	3.542468498211221	14.801649999999988
466	3.859880918720704	3.537959935347745	14.801649999999988
466	3.838907136102492	3.533108749692339	14.801649999999988
466	3.8201254751848186	3.5278735377734414	14.801649999999988
466	3.803680509208228	3.5222128961194894	14.801649999999988
466	3.789716811413264	3.516085421258921	14.801649999999988
466	3.778378955040473	3.509449709720175	14.801649999999988
466	3.7698115133303984	3.5022643580316863	14.801649999999988
466	3.7641590595235854	3.4944879627218928	14.801649999999988
487	4.573172349928652	3.618087215422668	15.503669999999984
487	4.6039977925393085	3.622874060082387	15.503669999999984
487	4.6344267744853305	3.629191890195699	15.503669999999984
487	4.664438515650169	3.6369969405787312	15.503669999999984
487	4.694012235917278	3.6462454460476152	15.503669999999984
487	4.723127155170102	3.656893641418488	15.503669999999984
487	4.751762493292099	3.668897761507477	15.503669999999984
487	4.7798974701667145	3.682214041130714	15.503669999999984
487	4.8075113056774015	3.696798715104333	15.503669999999984
487	4.834583219707614	3.712608018244461	15.503669999999984
487	4.861092432140797	3.7295981853672338	15.503669999999984
487	4.8870181628604055	3.747725451288781	15.503669999999984
487	4.912339631749889	3.7669460508252346	15.503669999999984
487	4.937036058692702	3.787216218792726	15.503669999999984
487	4.961086663572291	3.8084921900073887	15.503669999999984
487	4.984470666272107	3.830730199285352	15.503669999999984
487	5.007167286675605	3.853886481442747	15.503669999999984
487	5.029155744666231	3.8779172712957086	15.503669999999984
487	5.050415260127441	3.902778803660362	15.503669999999984
487	5.070925052942681	3.928427313352847	15.503669999999984
487	5.090664342995408	3.954819035189289	15.503669999999984
487	5.109612350169065	3.9819102039858247	15.503669999999984
487	5.12774829434711	4.00965705455858	15.503669999999984
487	5.14505139541299	4.03801582172369	15.503669999999984
487	5.161500873250159	4.066942740297283	15.503669999999984
487	5.177075947742065	4.096394045095495	15.503669999999984
487	5.191755838772161	4.126325970934455	15.503669999999984
487	5.205519766223897	4.156694752630296	15.503669999999984
487	5.218346949980722	4.1874566249991485	15.503669999999984
487	5.230216609926093	4.218567822857144	15.503669999999984
487	5.241107965943455	4.249984581020414	15.503669999999984
487	5.251000237916261	4.281663134305092	15.503669999999984
487	5.259872645727963	4.313559717527308	15.503669999999984
487	5.267704409262011	4.345630565503191	15.503669999999984
487	5.274474748401855	4.377831913048879	15.503669999999984
487	5.280162883030949	4.410119994980497	15.503669999999984
487	5.284750344138042	4.442451867312332	15.503669999999984
487	5.288234572573037	4.474790239262149	15.503669999999984
487	5.290619706398295	4.507100199748241	15.503669999999984
487	5.291909907012449	4.5393468459809085	15.503669999999984
487	5.292109335814141	4.571495275170447	15.503669999999984
487	5.291222154202004	4.603510584527154	15.503669999999984
487	5.289252523574677	4.635357871261332	15.503669999999984
487	5.286204605330795	4.667002232583277	15.503669999999984
487	5.282082560868997	4.698408765703288	15.503669999999984
487	5.2768905515879165	4.729542567831665	15.503669999999984
487	5.270632738886196	4.760368736178706	15.503669999999984
487	5.263313284162464	4.790852367954709	15.503669999999984
487	5.254936348815366	4.820958560369973	15.503669999999984
487	5.245506094243533	4.850652410634797	15.503669999999984
487	5.235026681845601	4.87989901595948	15.503669999999984
487	5.22350227302021	4.908663473554321	15.503669999999984
487	5.210937029165996	4.9369108806296165	15.503669999999984
487	5.197335111681597	4.964606334395667	15.503669999999984
487	5.182700681965645	4.99171493206277	15.503669999999984
487	5.167037901416782	5.018201770841227	15.503669999999984
487	5.150350931433643	5.044031947941335	15.503669999999984
487	5.132643933414862	5.06917056057339	15.503669999999984
487	5.1139210687590815	5.093582705947693	15.503669999999984
487	5.094186498864933	5.117233481274544	15.503669999999984
487	5.073444385131056	5.14008798376424	15.503669999999984
487	5.051701742543915	5.162108568459709	15.503669999999984
487	5.028992586294727	5.1832316444421735	15.503669999999984
487	5.005365807423855	5.2033793257823	15.503669999999984
487	4.980870452144053	5.222473577437174	15.503669999999984
487	4.955555566668077	5.240436364363887	15.503669999999984
487	4.929470197208689	5.257189651519526	15.503669999999984
487	4.902663389978641	5.272655403861178	15.503669999999984
487	4.87518419119069	5.286755586345933	15.503669999999984
487	4.847081647057591	5.2994121639308815	15.503669999999984
487	4.818404803792106	5.310547101573106	15.503669999999984
487	4.789202707606987	5.3200823642297	15.503669999999984
487	4.759524404714992	5.327939916857752	15.503669999999984
487	4.7294189413288805	5.334041724414346	15.503669999999984
487	4.698935353752105	5.338310958268608	15.503669999999984
487	4.668121888933968	5.340766890074518	15.503669999999984
487	4.637025442828325	5.341593269046548	15.503669999999984
487	4.605692778879553	5.340989976826035	15.503669999999984
487	4.574170660532038	5.339156895054323	15.503669999999984
487	4.542505851230156	5.336293905372754	15.503669999999984
487	4.510745114418292	5.332600889422665	15.503669999999984
487	4.478935213540824	5.328277728845401	15.503669999999984
487	4.447122912042135	5.323524305282302	15.503669999999984
487	4.415354973366606	5.318540500374708	15.503669999999984
487	4.383678160958617	5.313526195763961	15.503669999999984
487	4.352139238262547	5.308681273091403	15.503669999999984
487	4.320784968722781	5.304205613998373	15.503669999999984
487	4.289662115783698	5.300299100126212	15.503669999999984
487	4.2588174428896775	5.297161613116264	15.503669999999984
487	4.228297713485103	5.294993034609869	15.503669999999984
487	4.198149691014353	5.293993246248365	15.503669999999984
487	4.168420138921809	5.2943621296730985	15.503669999999984
487	4.139155820651855	5.296299566525406	15.503669999999984
487	4.110403499648868	5.30000543844663	15.503669999999984
487	4.082209939357229	5.3056796270781135	15.503669999999984
487	4.054621903221324	5.313522014061195	15.503669999999984
487	4.027686154685526	5.323732481037217	15.503669999999984
487	4.001449457194222	5.336510909647519	15.503669999999984
487	3.975978577772435	5.35199480839534	15.503669999999984
487	3.951433653281972	5.370030549420468	15.503669999999984
487	3.928002041098875	5.390379628613607	15.503669999999984
487	3.905871101776792	5.41280353195735	15.503669999999984
487	3.885228195869373	5.437063745434298	15.503669999999984
487	3.866260683930272	5.462921755027038	15.503669999999984
487	3.849155926513135	5.49013904671817	15.503669999999984
487	3.8341012841716178	5.518477106490288	15.503669999999984
487	3.821284117459368	5.547697420325984	15.503669999999984
487	3.810891786930037	5.577561474207856	15.503669999999984
487	3.803111653137276	5.607830754118499	15.503669999999984
487	3.798131076634735	5.638266746040506	15.503669999999984
487	3.7960930687175343	5.668653013394537	15.503669999999984
487	3.796916744530036	5.698884577009243	15.503669999999984
487	3.800450725272825	5.7288915501979965	15.503669999999984
487	3.80654360603687	5.758604059271764	15.503669999999984
487	3.815043981913143	5.787952230541513	15.503669999999984
487	3.825800447992614	5.816866190318203	15.503669999999984
487	3.838661599366257	5.845276064912802	15.503669999999984
487	3.853476031125041	5.873111980636276	15.503669999999984
487	3.870092338359938	5.900304063799585	15.503669999999984
487	3.888359116161919	5.926782440713698	15.503669999999984
487	3.908124959621955	5.9524772376895765	15.503669999999984
487	3.929238463831017	5.977318581038188	15.503669999999984
487	3.951548223880077	6.001236597070495	15.503669999999984
487	3.974902834860104	6.024161412097464	15.503669999999984
487	3.999150891862072	6.046023152430058	15.503669999999984
487	4.024143550619713	6.06675375553192	15.503669999999984
487	4.049788653028414	6.086325253211312	15.503669999999984
487	4.076049526623576	6.10474892248746	15.503669999999984
487	4.102891819444555	6.122037681681135	15.503669999999984
487	4.130281179530701	6.138204449113115	15.503669999999984
487	4.158183254921364	6.153262143104172	15.503669999999984
487	4.186563693655901	6.167223681975079	15.503669999999984
487	4.2153881437736604	6.180101984046614	15.503669999999984
487	4.244622253313995	6.191909967639548	15.503669999999984
487	4.274231670316258	6.202660551074655	15.503669999999984
487	4.304182042819799	6.212366652672711	15.503669999999984
487	4.334439018863973	6.221041190754489	15.503669999999984
487	4.364968246488129	6.228697083640766	15.503669999999984
487	4.395735373731622	6.23534724965231	15.503669999999984
487	4.426706048633801	6.2410046071099	15.503669999999984
487	4.45784591923402	6.245682074334309	15.503669999999984
487	4.489120633571631	6.249392569646311	15.503669999999984
487	4.520495839685986	6.25214901136668	15.503669999999984
487	4.551937185616436	6.253964317816191	15.503669999999984
487	4.583410319402335	6.254851407315616	15.503669999999984
487	4.614880889083031	6.254823198185733	15.503669999999984
487	4.646314542697882	6.253892608747312	15.503669999999984
487	4.677676928286235	6.25207255732113	15.503669999999984
487	4.708933693887443	6.24937596222796	15.503669999999984
487	4.74005048754086	6.245815741788576	15.503669999999984
487	4.770992957285837	6.241404814323752	15.503669999999984
487	4.801726751161727	6.236156098154263	15.503669999999984
487	4.83221751720788	6.230082511600882	15.503669999999984
487	4.862430903463649	6.223196972984384	15.503669999999984
487	4.892332557968385	6.215512400625544	15.503669999999984
487	4.921890867204927	6.207041596784649	15.503669999999984
487	4.951096190271906	6.197796432480391	15.503669999999984
487	4.979949456333143	6.18778833075183	15.503669999999984
487	5.00845166199092	6.177028711779855	15.503669999999984
487	5.03660380384752	6.165528995745355	15.503669999999984
487	5.064406878505227	6.153300602829217	15.503669999999984
487	5.091861882566324	6.140354953212331	15.503669999999984
487	5.11896981263309	6.126703467075584	15.503669999999984
487	5.145731665307813	6.112357564599868	15.503669999999984
487	5.172148437192776	6.097328665966066	15.503669999999984
487	5.198221124890262	6.081628191355071	15.503669999999984
487	5.2239507250025525	6.065267560947768	15.503669999999984
487	5.249338234131931	6.048258194925048	15.503669999999984
487	5.2743846430976085	6.030611514978596	15.503669999999984
487	5.299089406970622	6.0123393440064135	15.503669999999984
487	5.323448388089927	5.993454443489284	15.503669999999984
487	5.347456935814522	5.97396970892137	15.503669999999984
487	5.37111039950342	5.953898035796824	15.503669999999984
487	5.394404128515622	5.93325231960981	15.503669999999984
487	5.417333472210138	5.912045455854484	15.503669999999984
487	5.439893779945967	5.890290340025004	15.503669999999984
487	5.462080401082118	5.8679998676155325	15.503669999999984
487	5.483888684977599	5.845186934120224	15.503669999999984
487	5.50531398099141	5.821864435033238	15.503669999999984
487	5.526351638482559	5.798045265848735	15.503669999999984
487	5.546997006810053	5.773742322060871	15.503669999999984
487	5.567245435332896	5.748968499163806	15.503669999999984
487	5.587092273410091	5.7237366926517	15.503669999999984
487	5.606532870400645	5.6980597980187095	15.503669999999984
487	5.625562575663566	5.671950710758996	15.503669999999984
487	5.644176738557857	5.645422326366715	15.503669999999984
487	5.662370708442523	5.618487540336025	15.503669999999984
487	5.680139834676569	5.591159248161088	15.503669999999984
487	5.697479466619004	5.56345034533606	15.503669999999984
487	5.7143849536288265	5.5353737273551005	15.503669999999984
487	5.730851645065052	5.506942289712367	15.503669999999984
487	5.746874890286674	5.478168927902021	15.503669999999984
487	5.762450038652707	5.449066537418219	15.503669999999984
487	5.777572439522152	5.419648013755118	15.503669999999984
487	5.792237442254017	5.389926252406882	15.503669999999984
487	5.8064403962073055	5.359914148867664	15.503669999999984
487	5.820176650741023	5.329624598631625	15.503669999999984
487	5.833441555214176	5.299070497192925	15.503669999999984
487	5.846230458985767	5.268264740045721	15.503669999999984
487	5.858538711414805	5.237220222684171	15.503669999999984
487	5.870361661860295	5.205949840602436	15.503669999999984
487	5.881694659681241	5.174466489294672	15.503669999999984
487	5.892533054236647	5.142783064255039	15.503669999999984
487	5.902872194885521	5.110912460977696	15.503669999999984
487	5.912707430986867	5.078867574956801	15.503669999999984
487	5.922034111899692	5.046661301686513	15.503669999999984
487	5.930847586983	5.014306536660991	15.503669999999984
487	5.939143205595796	4.981816175374392	15.503669999999984
487	5.946916317097085	4.949203113320877	15.503669999999984
487	5.954162270845874	4.916480245994604	15.503669999999984
487	5.960876416201169	4.8836604688897305	15.503669999999984
487	5.967054102521973	4.850756677500416	15.503669999999984
487	5.972690679167293	4.8177817673208185	15.503669999999984
487	5.977781495496132	4.784748633845099	15.503669999999984
487	5.9823219008675	4.751670172567412	15.503669999999984
487	5.9863072446404	4.718559278981918	15.503669999999984
487	5.989732876173833	4.685428848582779	15.503669999999984
487	5.9925941448268105	4.652291776864148	15.503669999999984
487	5.994886399958336	4.619160959320189	15.503669999999984
487	5.996604990927415	4.5860492914450575	15.503669999999984
487	5.997745267093053	4.552969668732912	15.503669999999984
487	5.998302577814253	4.519934986677912	15.503669999999984
487	5.998272272450023	4.486958140774217	15.503669999999984
487	5.997649700359368	4.454052026515984	15.503669999999984
487	5.996430210901291	4.421229539397372	15.503669999999984
487	5.994609153434802	4.388503574912542	15.503669999999984
487	5.992181877318903	4.355887028555648	15.503669999999984
487	5.989143731912601	4.323392795820852	15.503669999999984
487	5.985490066574901	4.291033772202312	15.503669999999984
487	5.9812162306648045	4.2588228531941885	15.503669999999984
487	5.9763175735413245	4.226772934290636	15.503669999999984
487	5.970789444563459	4.194896910985818	15.503669999999984
487	5.964627193090219	4.1632076787738885	15.503669999999984
487	5.957826168480605	4.13171813314901	15.503669999999984
487	5.950381720093626	4.100441169605339	15.503669999999984
487	5.942289197288287	4.069389683637034	15.503669999999984
487	5.933543949423593	4.038576570738255	15.503669999999984
487	5.924141325858547	4.00801472640316	15.503669999999984
487	5.914076675952157	3.977717046125908	15.503669999999984
487	5.903345349063428	3.947696425400656	15.503669999999984
487	5.891942694551366	3.917965759721565	15.503669999999984
487	5.879864061774973	3.888537944582793	15.503669999999984
487	5.86710480009326	3.8594258754784967	15.503669999999984
487	5.853660258968048	3.830642447879491	15.503669999999984
487	5.8395290412087855	3.802199818524916	15.503669999999984
487	5.824721550261359	3.774107464605088	15.503669999999984
487	5.809250864321525	3.7463742559597737	15.503669999999984
487	5.793130061585039	3.71900906242875	15.503669999999984
487	5.776372220247658	3.6920207538517857	15.503669999999984
487	5.75899041850514	3.665418200068656	15.503669999999984
487	5.7409977345532415	3.639210270919129	15.503669999999984
487	5.722407246587718	3.613405836242979	15.503669999999984
487	5.703232032804329	3.588013765879979	15.503669999999984
487	5.683485171398828	3.5630429296699	15.503669999999984
487	5.663179740566974	3.538502197452514	15.503669999999984
487	5.6423288185045255	3.514400439067592	15.503669999999984
487	5.620945483407236	3.4907465243549085	15.503669999999984
487	5.599042813470862	3.467549323154236	15.503669999999984
487	5.576633886891162	3.4448177053053444	15.503669999999984
487	5.553731781863894	3.4225605406480053	15.503669999999984
487	5.530349576584811	3.4007866990219933	15.503669999999984
487	5.506500349249674	3.37950505026708	15.503669999999984
487	5.4821971780542365	3.358724464223036	15.503669999999984
487	5.457453141194257	3.338453810729634	15.503669999999984
487	5.432281316865492	3.3187019596266465	15.503669999999984
487	5.406694783263698	3.2994777807538487	15.503669999999984
487	5.380706618584632	3.2807901439510063	15.503669999999984
487	5.3543299010240535	3.262647919057894	15.503669999999984
487	5.3275777087777145	3.245059975914285	15.503669999999984
487	5.300463120041373	3.2280351843599533	15.503669999999984
487	5.272999213010786	3.211582414234668	15.503669999999984
487	5.245199065881712	3.1957105353782014	15.503669999999984
487	5.217075756849908	3.180428417630326	15.503669999999984
487	5.1886423641111294	3.165744930830813	15.503669999999984
487	5.1599119658611325	3.1516689448194377	15.503669999999984
487	5.130897640295674	3.13820932943597	15.503669999999984
487	5.101612465610513	3.125374954520181	15.503669999999984
487	5.072069520001404	3.113174689911844	15.503669999999984
487	5.042281881664105	3.101617405450731	15.503669999999984
487	5.012262628794372	3.090711970976616	15.503669999999984
487	4.982024839587964	3.080467256329268	15.503669999999984
487	4.9515815922406325	3.07089213134846	15.503669999999984
487	4.920945964948139	3.0619954658739648	15.503669999999984
487	4.890131035906241	3.0537861297455544	15.503669999999984
487	4.859149883310692	3.046272992803001	15.503669999999984
487	4.82801558535725	3.039464924886077	15.503669999999984
487	4.796741220241671	3.0333707958345526	15.503669999999984
487	4.765339866159715	3.027999475488202	15.503669999999984
487	4.733824601307134	3.023359833686796	15.503669999999984
487	4.702208503879691	3.019460740270109	15.503669999999984
487	4.670504652073136	3.016311065077911	15.503669999999984
487	4.63872612408323	3.013919677949974	15.503669999999984
487	4.606885998105727	3.012295448726072	15.503669999999984
487	4.574997352336387	3.011447247245973	15.503669999999984
487	4.543073268129549	3.011383894383858	15.503669999999984
487	4.51112725508892	3.012107572121092	15.503669999999984
487	4.479173680544837	3.0136071656183843	15.503669999999984
487	4.447227014103622	3.015869974513234	15.503669999999984
487	4.415301725371597	3.018883298443135	15.503669999999984
487	4.383412283955087	3.0226344370455847	15.503669999999984
487	4.351573159460411	3.0271106899580804	15.503669999999984
487	4.319798821493892	3.0322993568181147	15.503669999999984
487	4.288103739661854	3.038187737263187	15.503669999999984
487	4.256502383570618	3.044763130930792	15.503669999999984
487	4.225009222826508	3.0520128374584266	15.503669999999984
487	4.193638727035844	3.059924156483585	15.503669999999984
487	4.162405365804951	3.068484387643764	15.503669999999984
487	4.13132360874015	3.077680830576462	15.503669999999984
487	4.1004079254477634	3.087500784919172	15.503669999999984
487	4.069672785534113	3.097931550309389	15.503669999999984
487	4.039132658605523	3.1089604263846136	15.503669999999984
487	4.008802014268315	3.1205747127823398	15.503669999999984
487	3.9786953221288086	3.1327617091400635	15.503669999999984
487	3.94882705179333	3.145508715095281	15.503669999999984
487	3.919211672868201	3.1588030302854886	15.503669999999984
487	3.889863654959742	3.172631954348182	15.503669999999984
487	3.860797467674279	3.186982786920855	15.503669999999984
487	3.8320275806181296	3.20184282764101	15.503669999999984
487	3.80356846339762	3.2171993761461364	15.503669999999984
487	3.7754345856190703	3.2330397320737347	15.503669999999984
487	3.747640416888805	3.2493511950612994	15.503669999999984
487	3.720200426813144	3.266121064746324	15.503669999999984
487	3.693129084998412	3.2833366407663087	15.503669999999984
487	3.66644086105093	3.300985222758748	15.503669999999984
487	3.640150224577021	3.3190541103611384	15.503669999999984
487	3.614271645183008	3.3375306032109737	15.503669999999984
487	3.5888195924752115	3.356402000945756	15.503669999999984
487	3.5638085360599563	3.375655603202972	15.503669999999984
487	3.539252945543562	3.3952787096201265	15.503669999999984
487	3.515167290532354	3.4152586198347104	15.503669999999984
487	3.491566040632652	3.4355826334842225	15.503669999999984
487	3.468463665450781	3.4562380502061574	15.503669999999984
487	3.44587463459306	3.477212169638012	15.503669999999984
487	3.4238134176658157	3.498492291417281	15.503669999999984
487	3.4022944842753664	3.520065715181464	15.503669999999984
487	3.381332304028037	3.5419197405680523	15.503669999999984
487	3.36094134653015	3.5640416672145445	15.503669999999984
487	3.3411360813880253	3.5864187947584387	15.503669999999984
487	3.321930978207989	3.6090384228372256	15.503669999999984
487	3.3033405065963604	3.631887851088408	15.503669999999984
487	3.285379136159463	3.6549543791494754	15.503669999999984
487	3.268061336503618	3.6782253066579296	15.503669999999984
487	3.251401577235151	3.7016879332512618	15.503669999999984
487	3.235414327960383	3.725329558566971	15.503669999999984
487	3.2201139674732078	3.749137652190688	15.503669999999984
487	3.205508497180815	3.773111618473174	15.503669999999984
487	3.1915954590150526	3.797270435830129	15.503669999999984
487	3.1783714244984416	3.821634898720079	15.503669999999984
487	3.165832965153505	3.846225801601548	15.503669999999984
487	3.1539766525027675	3.8710639389330623	15.503669999999984
487	3.142799058068748	3.8961701051731454	15.503669999999984
487	3.1322967533739696	3.921565094780328	15.503669999999984
487	3.122466309940956	3.947269702213128	15.503669999999984
487	3.113304299292228	3.973304721930079	15.503669999999984
487	3.104807292950309	3.999690948389701	15.503669999999984
487	3.09697186243772	4.026449176050523	15.503669999999984
487	3.089794579276984	4.053600199371069	15.503669999999984
487	3.083272014990623	4.081164812809865	15.503669999999984
487	3.0774007411011595	4.109163810825436	15.503669999999984
487	3.072177329131115	4.137617987876308	15.503669999999984
487	3.067598350603013	4.166548138421007	15.503669999999984
487	3.0636603770393767	4.195975056918057	15.503669999999984
487	3.060359979962725	4.225919537825985	15.503669999999984
487	3.0576937308955823	4.256402375603317	15.503669999999984
487	3.055658201360472	4.287444364708578	15.503669999999984
487	3.0542499628799136	4.319066299600293	15.503669999999984
487	3.053465586976431	4.351288974736987	15.503669999999984
487	3.0533016451725463	4.384133184577189	15.503669999999984
487	3.0537547089907817	4.417619723579422	15.503669999999984
487	3.0548213499536594	4.45176938620221	15.503669999999984
487	3.0564981395837023	4.486602966904082	15.503669999999984
487	3.0587816494034312	4.522141260143562	15.503669999999984
487	3.06166845093537	4.558405060379176	15.503669999999984
487	3.06515511570204	4.595415162069448	15.503669999999984
487	3.069238215225964	4.633192359672905	15.503669999999984
487	3.073914321029664	4.671757447648074	15.503669999999984
487	3.079180003545219	4.711131208745645	15.503669999999984
487	3.085029016655251	4.751304185077889	15.503669999999984
487	3.091446201228399	4.792171221792601	15.503669999999984
487	3.09841463926444	4.833608279470466	15.503669999999984
487	3.1059174127631484	4.87549131869217	15.503669999999984
487	3.1139376037243007	4.917696300038398	15.503669999999984
487	3.122458294147675	4.960099184089834	15.503669999999984
487	3.1314625660330475	5.002575931427163	15.503669999999984
487	3.1409335013801947	5.045002502631071	15.503669999999984
487	3.1508541821888927	5.087254858282245	15.503669999999984
487	3.161207690458919	5.129208958961365	15.503669999999984
487	3.171977108190049	5.170740765249119	15.503669999999984
487	3.18314551738206	5.211726237726191	15.503669999999984
487	3.1946960000347286	5.252041336973269	15.503669999999984
487	3.206611638147832	5.291562023571036	15.503669999999984
487	3.2188755137211458	5.330164258100174	15.503669999999984
487	3.2314707087544474	5.367724001141372	15.503669999999984
487	3.2443803052475126	5.404117213275315	15.503669999999984
487	3.257587385200118	5.439219855082685	15.503669999999984
487	3.271075030612041	5.472907887144169	15.503669999999984
487	3.284826323483059	5.505057270040453	15.503669999999984
487	3.2988243458129456	5.535543964352222	15.503669999999984
487	3.31305217960148	5.564243930660158	15.503669999999984
487	3.327492906848437	5.5910331295449485	15.503669999999984
487	3.3421296095535964	5.6157875215872775	15.503669999999984
487	3.356945369716732	5.63838306736783	15.503669999999984
487	3.371923269337618	5.658695727467293	15.503669999999984
487	3.387046390416037	5.676601462466349	15.503669999999984
487	3.4022978149517624	5.691976232945684	15.503669999999984
487	3.4176606249445705	5.704695999485985	15.503669999999984
487	3.4331179023942378	5.714636722667933	15.503669999999984
487	3.4486527293005422	5.721674363072216	15.503669999999984
487	3.46424818766326	5.725684881279516	15.503669999999984
487	3.479887359482167	5.726544237870523	15.503669999999984
487	3.49555332675704	5.724128393425918	15.503669999999984
487	3.511229171487656	5.718313308526387	15.503669999999984
487	3.526897975673791	5.708974943752616	15.503669999999984
487	3.542530918704763	5.696041714668446	15.503669999999984
487	3.5580380569903456	5.679711406727074	15.503669999999984
487	3.5733098807862325	5.660268033716767	15.503669999999984
487	3.588236871539608	5.637995648245003	15.503669999999984
487	3.602709510697659	5.613178302919261	15.503669999999984
487	3.616618279707576	5.586100050347014	15.503669999999984
487	3.629853660016544	5.557044943135741	15.503669999999984
487	3.64230613307175	5.52629703389292	15.503669999999984
487	3.653866180320381	5.494140375226028	15.503669999999984
487	3.664424283209625	5.460859019742541	15.503669999999984
487	3.673870923186669	5.426737020049938	15.503669999999984
487	3.682096581698701	5.392058428755693	15.503669999999984
487	3.688991740192905	5.357107298467287	15.503669999999984
487	3.694446880116472	5.322167681792196	15.503669999999984
487	3.698355984572855	5.287518667251007	15.503669999999984
487	3.700709186745899	5.2533030371947245	15.503669999999984
487	3.701602337043172	5.219513705042699	15.503669999999984
487	3.701136706355955	5.1861358999214655	15.503669999999984
487	3.699413565575531	5.153154850957552	15.503669999999984
487	3.696534185593179	5.120555787277498	15.503669999999984
487	3.692599837300182	5.088323938007833	15.503669999999984
487	3.687711791587824	5.056444532275088	15.503669999999984
487	3.681971319347383	5.024902799205798	15.503669999999984
487	3.67547969147014	4.993683967926497	15.503669999999984
487	3.668338178847382	4.962773267563714	15.503669999999984
487	3.660648052370386	4.9321559272439846	15.503669999999984
487	3.652510582930434	4.901817176093841	15.503669999999984
487	3.644027041418811	4.871742243239814	15.503669999999984
487	3.6352986987267952	4.84191635780844	15.503669999999984
487	3.62642682574567	4.812324748926248	15.503669999999984
487	3.617512693366717	4.782952645719775	15.503669999999984
487	3.6086575724812167	4.753785277315551	15.503669999999984
487	3.599962733980451	4.724807872840108	15.503669999999984
487	3.591529448755704	4.696005661419979	15.503669999999984
487	3.5834589876982537	4.667363872181699	15.503669999999984
487	3.5758526216993847	4.638867734251799	15.503669999999984
487	3.568811621650376	4.610502476756814	15.503669999999984
487	3.5624372584425124	4.582253328823271	15.503669999999984
487	3.556830802967073	4.554105519577711	15.503669999999984
487	3.552093526115341	4.526044278146659	15.503669999999984
487	3.548326698778597	4.498054833656653	15.503669999999984
487	3.5456315918481227	4.470122415234224	15.503669999999984
487	3.5441094762152003	4.442232252005903	15.503669999999984
487	3.543861622771112	4.4143695730982255	15.503669999999984
487	3.544989302407138	4.386519607637724	15.503669999999984
487	3.547593786014561	4.358667584750931	15.503669999999984
487	3.551776039295012	4.330798842320864	15.503669999999984
487	3.557591559577356	4.3029149212062725	15.503669999999984
487	3.565002524927672	4.275050617244194	15.503669999999984
487	3.5739596572055583	4.247244808771754	15.503669999999984
487	3.584413678270613	4.219536374126077	15.503669999999984
487	3.5963153099824337	4.191964191644288	15.503669999999984
487	3.609615274200623	4.164567139663506	15.503669999999984
487	3.6242642927847744	4.13738409652086	15.503669999999984
487	3.6402130875944896	4.110453940553468	15.503669999999984
487	3.657412380489366	4.08381555009846	15.503669999999984
487	3.675812893329002	4.057507803492954	15.503669999999984
487	3.695365347972997	4.031569579074076	15.503669999999984
487	3.71602046628095	4.006039755178949	15.503669999999984
487	3.737728970112459	3.980957210144698	15.503669999999984
487	3.760441581327122	3.956360822308445	15.503669999999984
487	3.784109021784538	3.932289470007316	15.503669999999984
487	3.808682013344308	3.908782031578428	15.503669999999984
487	3.834111277866025	3.8858773853589135	15.503669999999984
487	3.8603475372092912	3.86361440968589	15.503669999999984
487	3.887341513233705	3.8420319828964846	15.503669999999984
487	3.9150439277988665	3.8211689833278166	15.503669999999984
487	3.943405502764368	3.801064289317017	15.503669999999984
487	3.9723769599898167	3.781756779201202	15.503669999999984
487	4.001909021334807	3.7632853313174968	15.503669999999984
487	4.031952408658937	3.745688824003025	15.503669999999984
487	4.062457843821806	3.729006135594915	15.503669999999984
487	4.093376048683013	3.713276144430284	15.503669999999984
487	4.124657745102155	3.698537728846259	15.503669999999984
487	4.1562536549388325	3.684829767179963	15.503669999999984
487	4.188114500052644	3.672191137768518	15.503669999999984
487	4.220191002303186	3.660660718949051	15.503669999999984
487	4.252433883550058	3.650277389058683	15.503669999999984
487	4.28479386565286	3.6410800264345378	15.503669999999984
487	4.317221670471189	3.633107509413741	15.503669999999984
487	4.349668019864646	3.6263987163334113	15.503669999999984
487	4.382083635692826	3.62099252553068	15.503669999999984
487	4.41441923981533	3.616927815342661	15.503669999999984
487	4.446625554091756	3.614243464106487	15.503669999999984
487	4.478653300381703	3.6129783501592767	15.503669999999984
487	4.510453200544768	3.6131713518381545	15.503669999999984
487	4.541975976440551	3.614861347480243	15.503669999999984
487	4.57317234992865	3.618087215422669	15.503669999999984
510	5.112514543532033	5.269822683333018	16.27240999999999
510	5.11659381949367	5.246127443735881	16.27240999999999
510	5.120988382197058	5.2223946268466745	16.27240999999999
510	5.125672971656203	5.198621378741985	16.27240999999999
510	5.130622327885124	5.174804845498391	16.27240999999999
510	5.1358111908978215	5.150942173192483	16.27240999999999
510	5.141214300708317	5.127030507900841	16.27240999999999
510	5.1468063973306135	5.103066995700049	16.27240999999999
510	5.152562220778728	5.079048782666691	16.27240999999999
510	5.158456511066669	5.054973014877351	16.27240999999999
510	5.164464008208447	5.030836838408614	16.27240999999999
510	5.170559452218076	5.006637399337061	16.27240999999999
510	5.176717583109563	4.982371843739279	16.27240999999999
510	5.182913140896925	4.958037317691848	16.27240999999999
510	5.18912086559417	4.933630967271355	16.27240999999999
510	5.195315497215307	4.909149938554383	16.27240999999999
510	5.201471775774352	4.884591377617515	16.27240999999999
510	5.20756444128531	4.859952430537336	16.27240999999999
510	5.213568233762199	4.835230243390429	16.27240999999999
510	5.219457893219025	4.810421962253378	16.27240999999999
510	5.225208159669804	4.785524733202766	16.27240999999999
510	5.230793773128544	4.760535702315178	16.27240999999999
510	5.236189473609256	4.735452015667199	16.27240999999999
510	5.241370001125953	4.710270819335407	16.27240999999999
510	5.246310095692643	4.684989259396394	16.27240999999999
510	5.250984497323344	4.659604481926737	16.27240999999999
510	5.25536794603206	4.634113633003024	16.27240999999999
510	5.259435181832803	4.608513858701837	16.27240999999999
510	5.263160944739589	4.58280230509976	16.27240999999999
510	5.2665199747664255	4.556976118273377	16.27240999999999
510	5.269487011927325	4.531032444299272	16.27240999999999
510	5.272036796236299	4.504968429254026	16.27240999999999
510	5.274144067707357	4.478781219214229	16.27240999999999
510	5.275783566354511	4.452467960256458	16.27240999999999
510	5.276930032191774	4.4260257984573	16.27240999999999
510	5.277559166068535	4.399454010894229	16.27240999999999
510	5.277656001764802	4.372772573802738	16.27240999999999
510	5.2772108232613855	4.34601310764252	16.27240999999999
510	5.276213973118703	4.319207362794756	16.27240999999999
510	5.274655793897167	4.292387089640637	16.27240999999999
510	5.272526628157194	4.265584038561346	16.27240999999999
510	5.2698168184591925	4.238829959938072	16.27240999999999
510	5.26651670736358	4.212156604152005	16.27240999999999
510	5.262616637430772	4.185595721584327	16.27240999999999
510	5.258106951221179	4.1591790626162295	16.27240999999999
510	5.252977991295216	4.132938377628896	16.27240999999999
510	5.247220100213301	4.106905417003515	16.27240999999999
510	5.240823620535841	4.081111931121274	16.27240999999999
510	5.233778894823258	4.055589670363358	16.27240999999999
510	5.226076265635959	4.030370385110958	16.27240999999999
510	5.217706075534359	4.005485825745258	16.27240999999999
510	5.208658667078874	3.9809677426474455	16.27240999999999
510	5.198924382829919	3.956847886198708	16.27240999999999
510	5.1884935653479065	3.933158006780231	16.27240999999999
510	5.177356557193249	3.909929854773204	16.27240999999999
510	5.165503700926363	3.887195180558812	16.27240999999999
510	5.152925339107663	3.8649857345182417	16.27240999999999
510	5.13961181429756	3.8433332670326834	16.27240999999999
510	5.125553469056469	3.8222695284833215	16.27240999999999
510	5.110740645944803	3.801826269251343	16.27240999999999
510	5.09516368752298	3.7820352397179366	16.27240999999999
510	5.078812936351409	3.762928190264288	16.27240999999999
510	5.061678734990509	3.744536871271583	16.27240999999999
510	5.04375142600069	3.726893033121012	16.27240999999999
510	5.025021351942367	3.710028426193758	16.27240999999999
510	5.005484253912193	3.6939711910692177	16.27240999999999
510	4.985167393466964	3.678728391759261	16.27240999999999
510	4.964109439480625	3.664299464624096	16.27240999999999
510	4.942349076543628	3.650683835514883	16.27240999999999
510	4.919924989246431	3.6378809302827833	16.27240999999999
510	4.896875862179479	3.625890174778962	16.27240999999999
510	4.873240379933229	3.614710994854577	16.27240999999999
510	4.849057227098131	3.604342816360792	16.27240999999999
510	4.824365088264635	3.5947850651487707	16.27240999999999
510	4.7992026480232	3.5860371670696694	16.27240999999999
510	4.773608590964271	3.578098547974653	16.27240999999999
510	4.747621601678303	3.5709686337148856	16.27240999999999
510	4.721280364755748	3.564646850141525	16.27240999999999
510	4.694623564787057	3.559132623105735	16.27240999999999
510	4.667689886362687	3.5544253784586743	16.27240999999999
510	4.640518014073083	3.5505245420515097	16.27240999999999
510	4.613146632508704	3.5474295397354005	16.27240999999999
510	4.585614426259996	3.5451397973615064	16.27240999999999
510	4.557960079917415	3.5436547407809917	16.27240999999999
510	4.5302222780714105	3.5429737958450174	16.27240999999999
510	4.502439705312439	3.543096388404746	16.27240999999999
510	4.474651046230948	3.5440219443113383	16.27240999999999
510	4.446894985417392	3.545749889415954	16.27240999999999
510	4.419210207462221	3.54827964956976	16.27240999999999
510	4.391635396955891	3.551610650623912	16.27240999999999
510	4.364209238488852	3.5557423184295764	16.27240999999999
510	4.336970416651554	3.5606740788379136	16.27240999999999
510	4.3099576160344535	3.5664053577000834	16.27240999999999
510	4.283209521227999	3.5729355808672514	16.27240999999999
510	4.256764816822644	3.5802641741905754	16.27240999999999
510	4.230662187408841	3.5883905635212177	16.27240999999999
510	4.204940317577041	3.5973141747103448	16.27240999999999
510	4.1796378919176975	3.607034433609112	16.27240999999999
510	4.154793595021261	3.617550766068684	16.27240999999999
510	4.130446111478187	3.6288625979402216	16.27240999999999
510	4.106634125878923	3.640969355074887	16.27240999999999
510	4.083396322813925	3.653870463323844	16.27240999999999
510	4.060771386873643	3.667565348538252	16.27240999999999
510	4.038798002648529	3.682053436569271	16.27240999999999
510	4.0175110463472805	3.69733138135004	16.27240999999999
510	3.9969143211748417	3.713373220431013	16.27240999999999
510	3.976996469540239	3.730141956627633	16.27240999999999
510	3.957746031536703	3.747600518285136	16.27240999999999
510	3.939151547257466	3.7657118337487487	16.27240999999999
510	3.921201556795759	3.784438831363711	16.27240999999999
510	3.903884600244811	3.8037444394752544	16.27240999999999
510	3.887189217697856	3.8235915864286136	16.27240999999999
510	3.8711039492481234	3.8439432005690186	16.27240999999999
510	3.8556173349888447	3.864762210241703	16.27240999999999
510	3.840717915013252	3.886011543791901	16.27240999999999
510	3.8263942294145736	3.907654129564847	16.27240999999999
510	3.812634818286043	3.9296528959057735	16.27240999999999
510	3.7994282217208895	3.951970771159912	16.27240999999999
510	3.7867629798123454	3.974570683672499	16.27240999999999
510	3.774627632653643	3.997415561788765	16.27240999999999
510	3.763010720338013	4.020468333853941	16.27240999999999
510	3.751900782958684	4.043691928213267	16.27240999999999
510	3.7412863606088886	4.067049273211972	16.27240999999999
510	3.731155993381858	4.09050329719529	16.27240999999999
510	3.721498221370823	4.114016928508453	16.27240999999999
510	3.712301584669015	4.137553095496696	16.27240999999999
510	3.703554623369664	4.161074726505252	16.27240999999999
510	3.6952458775660033	4.184544749879352	16.27240999999999
510	3.687363887351262	4.207926093964231	16.27240999999999
510	3.679897014711848	4.231188643831642	16.27240999999999
510	3.672832102649761	4.254361615009539	16.27240999999999
510	3.666155225084363	4.277504262849534	16.27240999999999
510	3.659852449957786	4.300676076169627	16.27240999999999
510	3.6539098452121617	4.323936543787827	16.27240999999999
510	3.64831347878962	4.347345154522134	16.27240999999999
510	3.643049418632294	4.370961397190553	16.27240999999999
510	3.638103732682316	4.394844760611083	16.27240999999999
510	3.633462488881817	4.4190547336017305	16.27240999999999
510	3.6291117551729264	4.443650804980499	16.27240999999999
510	3.6250375994977806	4.468692463565389	16.27240999999999
510	3.6212260897985074	4.494239198174406	16.27240999999999
510	3.61766329401724	4.520350497625554	16.27240999999999
510	3.614335280096108	4.547085850736834	16.27240999999999
510	3.6112281159772457	4.574504746326251	16.27240999999999
510	3.608327869602784	4.6026666732118064	16.27240999999999
510	3.605620044800282	4.631627431378907	16.27240999999999
510	3.603074603048413	4.661341186985244	16.27240999999999
510	3.6006443870823777	4.691650164072312	16.27240999999999
510	3.5982813593212217	4.722390830157877	16.27240999999999
510	3.5959374821839933	4.753399652759708	16.27240999999999
510	3.5935647180897377	4.7845130993955705	16.27240999999999
510	3.591115029457504	4.815567637583229	16.27240999999999
510	3.588540378706337	4.846399734840454	16.27240999999999
510	3.585792728255286	4.876845858685011	16.27240999999999
510	3.582824040523396	4.9067424766346655	16.27240999999999
510	3.579586277929715	4.935926056207188	16.27240999999999
510	3.5760314028932907	4.9642330649203394	16.27240999999999
510	3.572111377833169	4.991499970291891	16.27240999999999
510	3.567778165168396	5.01756323983961	16.27240999999999
510	3.562983727318021	5.042259341081261	16.27240999999999
510	3.55768002670109	5.065424741534611	16.27240999999999
510	3.5518190257366498	5.086895908717429	16.27240999999999
510	3.5453526868437466	5.106509310147478	16.27240999999999
510	3.538232972441429	5.124101413342527	16.27240999999999
510	3.5304118449487425	5.139508685820345	16.27240999999999
510	3.5218412667847363	5.152567595098695	16.27240999999999
510	3.5124732003684542	5.163114608695347	16.27240999999999
510	3.5022602294061027	5.170987762014878	16.27240999999999
510	3.49119318621705	5.176121615065028	16.27240999999999
510	3.479322753866698	5.178601767826764	16.27240999999999
510	3.466704830525264	5.178526981174526	16.27240999999999
510	3.453395314362967	5.17599601598274	16.27240999999999
510	3.439450103550021	5.171107633125843	16.27240999999999
510	3.4249250962566444	5.163960593478268	16.27240999999999
510	3.409876190653057	5.154653657914441	16.27240999999999
510	3.394359284909475	5.143285587308803	16.27240999999999
510	3.3784302771961165	5.129955142535781	16.27240999999999
510	3.3621450656831966	5.11476108446981	16.27240999999999
510	3.345559548540935	5.097802173985322	16.27240999999999
510	3.3287296239395485	5.079177171956749	16.27240999999999
510	3.311711190049255	5.058984839258523	16.27240999999999
510	3.294560145040272	5.037323936765079	16.27240999999999
510	3.277332387082815	5.014293225350848	16.27240999999999
510	3.260083814347105	4.989991465890261	16.27240999999999
510	3.242870325003357	4.964517419257753	16.27240999999999
510	3.225747817221789	4.937969846327756	16.27240999999999
510	3.208772189172618	4.910447507974702	16.27240999999999
510	3.1919993390260637	4.882049165073025	16.27240999999999
510	3.175485164952341	4.852873578497155	16.27240999999999
510	3.159285565121668	4.823019509121528	16.27240999999999
510	3.143456437704262	4.792585717820573	16.27240999999999
510	3.1280536808703427	4.761670965468724	16.27240999999999
510	3.113133192790124	4.730374012940414	16.27240999999999
510	3.098750871633828	4.6987936211100765	16.27240999999999
510	3.084962615571668	4.667028550852141	16.27240999999999
510	3.071824322773862	4.635177563041043	16.27240999999999
510	3.059391891410629	4.603339418551212	16.27240999999999
510	3.0477212196521863	4.571612878257085	16.27240999999999
510	3.036868205668751	4.540096703033092	16.27240999999999
510	3.0268887476305406	4.508889653753665	16.27240999999999
510	3.0178367982411367	4.478087663298641	16.27240999999999
510	3.009728179798379	4.44773123692989	16.27240999999999
510	3.00254393313596	4.417810320423513	16.27240999999999
510	2.9962638251841027	4.388313007767413	16.27240999999999
510	2.990867622873027	4.359227392949503	16.27240999999999
510	2.986335093132957	4.33054156995769	16.27240999999999
510	2.9826460028941137	4.3022436327798825	16.27240999999999
510	2.97978011908672	4.274321675403991	16.27240999999999
510	2.9777172086409966	4.246763791817921	16.27240999999999
510	2.976437038487164	4.219558076009586	16.27240999999999
510	2.9759193755554474	4.192692621966891	16.27240999999999
510	2.9761439867760657	4.1661555236777446	16.27240999999999
510	2.9770906390792438	4.1399348751300575	16.27240999999999
510	2.978739099395201	4.114018770311734	16.27240999999999
510	2.9810691346541605	4.088395303210689	16.27240999999999
510	2.984060511786342	4.063052567814828	16.27240999999999
510	2.9876929977219704	4.037978658112061	16.27240999999999
510	2.991946359391267	4.013161668090293	16.27240999999999
510	2.996800363724452	3.988589691737437	16.27240999999999
510	3.0022347776517484	3.9642508230413993	16.27240999999999
510	3.008229368103379	3.9401331559900887	16.27240999999999
510	3.0147639020095625	3.916224784571417	16.27240999999999
510	3.0218181463005247	3.8925138027732897	16.27240999999999
510	3.029371867906485	3.868988304583614	16.27240999999999
510	3.037404833757667	3.8456363839903007	16.27240999999999
510	3.04589681078429	3.822446134981261	16.27240999999999
510	3.054827565916579	3.7994056515444	16.27240999999999
510	3.064176866084753	3.7765030276676272	16.27240999999999
510	3.073924478219036	3.753726357338853	16.27240999999999
510	3.0840501692496494	3.731063734545983	16.27240999999999
510	3.094533706106814	3.708503253276928	16.27240999999999
510	3.105354855720752	3.6860330075195966	16.27240999999999
510	3.116493385021687	3.663641091261898	16.27240999999999
510	3.12792906093984	3.6413155984917385	16.27240999999999
510	3.1396416504054314	3.619044623197029	16.27240999999999
510	3.1516109203486846	3.5968162593656787	16.27240999999999
510	3.163816637699821	3.574618600985594	16.27240999999999
510	3.1762385693890627	3.552439742044683	16.27240999999999
510	3.1888564823466314	3.5302677765308585	16.27240999999999
510	3.2016501435027496	3.5080907984320264	16.27240999999999
510	3.214599319787638	3.485896901736096	16.27240999999999
510	3.227683778131518	3.463674180430976	16.27240999999999
510	3.240883502944252	3.441410965688537	16.27240999999999
510	3.254188982075499	3.4191070437643853	16.27240999999999
510	3.267605667796128	3.3967785211579207	16.27240999999999
510	3.281140157244799	3.3744427529648604	16.27240999999999
510	3.2947990475601743	3.3521170942809366	16.27240999999999
510	3.3085889358809144	3.329818900201867	16.27240999999999
510	3.3225164193456798	3.3075655258233807	16.27240999999999
510	3.3365880950931297	3.2853743262411994	16.27240999999999
510	3.350810560261926	3.263262656551052	16.27240999999999
510	3.3651904119907297	3.241247871848656	16.27240999999999
510	3.379734247418201	3.21934732722974	16.27240999999999
510	3.394448663683001	3.1975783777900286	16.27240999999999
510	3.4093402579237884	3.175958378625248	16.27240999999999
510	3.4244156272792265	3.154504684831119	16.27240999999999
510	3.4396813688879737	3.1332346515033693	16.27240999999999
510	3.4551440798886914	3.112165633737722	16.27240999999999
510	3.470810357420041	3.091314986629904	16.27240999999999
510	3.486686798620682	3.0707000652756324	16.27240999999999
510	3.502780000629276	3.050338224770641	16.27240999999999
510	3.5190965605844835	3.0302468202106496	16.27240999999999
510	3.5356430756249644	3.0104432066913827	16.27240999999999
510	3.5524261428893777	2.990944739308568	16.27240999999999
510	3.569452359516388	2.971768773157925	16.27240999999999
510	3.586728322644653	2.952932663335183	16.27240999999999
510	3.6042606294128343	2.934453764936064	16.27240999999999
510	3.6220558769595934	2.9163494330562925	16.27240999999999
510	3.640120662423589	2.898637022791595	16.27240999999999
510	3.658461582943483	2.881333889237694	16.27240999999999
510	3.677085235657935	2.864457387490316	16.27240999999999
510	3.695998217705607	2.848024872645184	16.27240999999999
510	3.7152071262251583	2.832053699798021	16.27240999999999
510	3.734718558355251	2.8165612240445546	16.27240999999999
510	3.754539111234545	2.8015648004805094	16.27240999999999
510	3.7746753820016994	2.787081784201608	16.27240999999999
510	3.7951339677953766	2.7731295303035752	16.27240999999999
510	3.815921465754237	2.759725393882138	16.27240999999999
510	3.837044473016941	2.746886730033018	16.27240999999999
510	3.8585095867221497	2.73463089385194	16.27240999999999
510	3.8803234040085233	2.7229752404346304	16.27240999999999
510	3.902491452839804	2.7119359684945588	16.27240999999999
510	3.9250066569891215	2.701515644492808	16.27240999999999
510	3.947853724602612	2.6917079491552043	16.27240999999999
510	3.971017223080448	2.6825064109816736	16.27240999999999
510	3.99448171982281	2.673904558472133	16.27240999999999
510	4.018231782229876	2.665895920126502	16.27240999999999
510	4.04225197770182	2.658474024444708	16.27240999999999
510	4.0665268736388205	2.651632399926664	16.27240999999999
510	4.0910410374410535	2.6453645750722945	16.27240999999999
510	4.115779036508698	2.639664078381521	16.27240999999999
510	4.140725438241931	2.634524438354263	16.27240999999999
510	4.165864810040929	2.6299391834904418	16.27240999999999
510	4.1911817193058685	2.625901842289976	16.27240999999999
510	4.216660733436928	2.6224059432527884	16.27240999999999
510	4.242286419834282	2.6194450148787984	16.27240999999999
510	4.268043345898112	2.617012585667929	16.27240999999999
510	4.293916079028591	2.615102184120099	16.27240999999999
510	4.319889186625898	2.61370733873523	16.27240999999999
510	4.3459472360902085	2.612821578013243	16.27240999999999
510	4.372074794821703	2.6124384304540555	16.27240999999999
510	4.398256430220555	2.6125514245575925	16.27240999999999
510	4.424476709686943	2.613154088823774	16.27240999999999
510	4.450720200621046	2.6142399517525163	16.27240999999999
510	4.476971470423038	2.6158025418437454	16.27240999999999
510	4.503215086493097	2.617835387597381	16.27240999999999
510	4.529436395780831	2.6203324035375037	16.27240999999999
510	4.555624920733936	2.6232895718481464	16.27240999999999
510	4.581771575952707	2.6267035640917458	16.27240999999999
510	4.607867276997214	2.6305710523060064	16.27240999999999
510	4.6339029394275215	2.6348887085286297	16.27240999999999
510	4.659869478803702	2.639653204797316	16.27240999999999
510	4.685757810685818	2.644861213149772	16.27240999999999
510	4.711558850633938	2.650509405623698	16.27240999999999
510	4.737263514208131	2.6565944542567976	16.27240999999999
510	4.762862716968463	2.6631130310867723	16.27240999999999
510	4.788347374475003	2.670061808151326	16.27240999999999
510	4.813708402287817	2.67743745748816	16.27240999999999
510	4.838936715966972	2.6852366511349777	16.27240999999999
510	4.864023231072537	2.693456061129482	16.27240999999999
510	4.88895886316458	2.7020923595093755	16.27240999999999
510	4.9137345278031646	2.711142218312361	16.27240999999999
510	4.938341140548363	2.7206023095761367	16.27240999999999
510	4.962769616960242	2.730469305338411	16.27240999999999
510	4.987010872598863	2.7407398776368863	16.27240999999999
510	5.011055823024301	2.751410698509262	16.27240999999999
510	5.03489538379662	2.7624784399932425	16.27240999999999
510	5.058520470475886	2.773939774126533	16.27240999999999
510	5.081921998622169	2.7857913729468304	16.27240999999999
510	5.105090883795538	2.7980299084918405	16.27240999999999
510	5.128018041556056	2.8106520527992664	16.27240999999999
510	5.150694387463794	2.8236544779068087	16.27240999999999
510	5.173110837078817	2.837033855852173	16.27240999999999
510	5.195258305961195	2.8507868586730583	16.27240999999999
510	5.217127709670992	2.864910158407172	16.27240999999999
510	5.238709963768279	2.8794004270922127	16.27240999999999
510	5.25999598381312	2.8942543367658846	16.27240999999999
510	5.280976685365585	2.90946855946589	16.27240999999999
510	5.30164298398574	2.925039767229931	16.27240999999999
510	5.321985795233655	2.940964632095711	16.27240999999999
510	5.3419960346693935	2.957239826100933	16.27240999999999
510	5.361664617853026	2.9738620212832974	16.27240999999999
510	5.380982460344619	2.990827889680509	16.27240999999999
510	5.39994047770424	3.00813410333027	16.27240999999999
510	5.418529585491955	3.025777334270284	16.27240999999999
510	5.436740699267834	3.0437542545382508	16.27240999999999
510	5.454564734591943	3.062061536171876	16.27240999999999
510	5.471992607024348	3.080695851208861	16.27240999999999
510	5.48901523212512	3.0996538716869075	16.27240999999999
510	5.505623525454325	3.11893226964372	16.27240999999999
510	5.52180840257203	3.1385277171169994	16.27240999999999
510	5.537560779038301	3.1584368861444494	16.27240999999999
510	5.552871570413205	3.178656448763774	16.27240999999999
510	5.56773186728081	3.19918301563626	16.27240999999999
510	5.582139913465536	3.2200106889659	16.27240999999999
510	5.596103452314648	3.2411302397184976	16.27240999999999
510	5.609630883325374	3.262532208764948	16.27240999999999
510	5.622730605994933	3.28420713697615	16.27240999999999
510	5.635411019820548	3.3061455652230025	16.27240999999999
510	5.647680524299443	3.328338034376407	16.27240999999999
510	5.659547518928838	3.350775085307258	16.27240999999999
510	5.671020403205958	3.373447258886456	16.27240999999999
510	5.682107576628026	3.3963450959848998	16.27240999999999
510	5.692817438692265	3.4194591374734866	16.27240999999999
510	5.703158388895896	3.442779924223116	16.27240999999999
510	5.713138826736144	3.466297997104685	16.27240999999999
510	5.722767151710227	3.490003896989098	16.27240999999999
510	5.732051763315374	3.513888164747245	16.27240999999999
510	5.741001061048805	3.537941341250029	16.27240999999999
510	5.749623444407743	3.5621539673683493	16.27240999999999
510	5.757927312889409	3.5865165839731032	16.27240999999999
510	5.765921065991028	3.6110197319351895	16.27240999999999
510	5.773613103209821	3.635653952125508	16.27240999999999
510	5.781011824043013	3.660409785414955	16.27240999999999
510	5.788125627987825	3.6852777726744295	16.27240999999999
510	5.79496291454148	3.7102484547748302	16.27240999999999
510	5.801532083201202	3.7353123725870567	16.27240999999999
510	5.807841533464212	3.760460066982008	16.27240999999999
510	5.8138996648277335	3.78568207883058	16.27240999999999
510	5.819714876788989	3.810968949003672	16.27240999999999
510	5.825295568845204	3.8363112183721855	16.27240999999999
510	5.830650140493595	3.861699427807017	16.27240999999999
510	5.835786991231389	3.887124118179067	16.27240999999999
510	5.840714520555809	3.912575830359229	16.27240999999999
510	5.845441127964079	3.938045105218405	16.27240999999999
510	5.849975212953416	3.963522483627494	16.27240999999999
510	5.85432517502105	3.988998506457393	16.27240999999999
510	5.8584994136642	4.014463714579003	16.27240999999999
510	5.862506328380089	4.039908648863219	16.27240999999999
510	5.866354318665937	4.0653238501809446	16.27240999999999
510	5.870051784018974	4.090699859403072	16.27240999999999
510	5.8736071239364165	4.116027217400505	16.27240999999999
510	5.877028737915487	4.14129646504414	16.27240999999999
510	5.880325025453413	4.166498143204874	16.27240999999999
510	5.883504386047412	4.191622792753611	16.27240999999999
510	5.886575219194711	4.216660954561244	16.27240999999999
510	5.889545924392531	4.241603169498672	16.27240999999999
510	5.892424901138096	4.2664399784367975	16.27240999999999
510	5.895220548928626	4.291161922246516	16.27240999999999
510	5.897941267261346	4.315759541798727	16.27240999999999
510	5.90059463309482	4.340224023149272	16.27240999999999
510	5.903175055915305	4.364556880689084	16.27240999999999
510	5.905666350265346	4.3887679392977255	16.27240999999999
510	5.9080520302874575	4.412867259483288	16.27240999999999
510	5.910315610124157	4.436864901753869	16.27240999999999
510	5.912440603917956	4.460770926617561	16.27240999999999
510	5.91441052581137	4.48459539458246	16.27240999999999
510	5.916208889946913	4.50834836615666	16.27240999999999
510	5.9178192104671	4.532039901848258	16.27240999999999
510	5.919225001514443	4.5556800621653455	16.27240999999999
510	5.920409777231463	4.579278907616018	16.27240999999999
510	5.9213570517606655	4.602846498708373	16.27240999999999
510	5.922050339244569	4.626392895950501	16.27240999999999
510	5.922473153825692	4.6499281598505	16.27240999999999
510	5.922609009646542	4.673462350916463	16.27240999999999
510	5.922441420849639	4.697005529656486	16.27240999999999
510	5.921953901577492	4.720567756578661	16.27240999999999
510	5.921129965972619	4.744159092191086	16.27240999999999
510	5.919953128177535	4.767789597001854	16.27240999999999
510	5.918406902334753	4.79146933151906	16.27240999999999
510	5.916474802586789	4.8152083562508	16.27240999999999
510	5.914140343076154	4.839016731705165	16.27240999999999
510	5.911387037945367	4.862904518390254	16.27240999999999
510	5.908198401336936	4.88688177681416	16.27240999999999
510	5.904557947393381	4.910958567484977	16.27240999999999
510	5.900449190257215	4.935144950910801	16.27240999999999
510	5.895855644070954	4.959450987599725	16.27240999999999
510	5.890760822977111	4.983886738059845	16.27240999999999
510	5.8851482411181975	5.008462262799256	16.27240999999999
510	5.87900141263673	5.033187622326052	16.27240999999999
510	5.872303851675224	5.058072877148327	16.27240999999999
510	5.865039072376196	5.0831280877741785	16.27240999999999
510	5.857190588882156	5.108363314711699	16.27240999999999
510	5.84874191533562	5.133788618468982	16.27240999999999
510	5.839676565879102	5.159414059554124	16.27240999999999
510	5.829978054655117	5.1852496984752205	16.27240999999999
510	5.819629895806181	5.211305595740365	16.27240999999999
510	5.808615603474806	5.237591811857651	16.27240999999999
510	5.796918691803508	5.264118407335176	16.27240999999999
510	5.784522674934799	5.290895442681034	16.27240999999999
510	5.771411067011194	5.317932978403318	16.27240999999999
510	5.757567382175212	5.345241075010124	16.27240999999999
510	5.742975134569364	5.372829793009545	16.27240999999999
510	5.727617838336163	5.400709192909679	16.27240999999999
510	5.7114790076181245	5.428889335218618	16.27240999999999
510	5.6945421565577625	5.457380280444459	16.27240999999999
510	5.676792612172871	5.486189379534267	16.27240999999999
510	5.658259732732627	5.515258173412651	16.27240999999999
510	5.639018245496397	5.544460393569565	16.27240999999999
510	5.619144958221726	5.5736666619392015	16.27240999999999
510	5.598716678666154	5.602747600455752	16.27240999999999
510	5.577810214587225	5.6315738310534105	16.27240999999999
510	5.556502373742476	5.66001597566637	16.27240999999999
510	5.534869963889451	5.687944656228826	16.27240999999999
510	5.512989792785691	5.715230494674968	16.27240999999999
510	5.490938668188734	5.741744112938992	16.27240999999999
510	5.468793397856129	5.767356132955086	16.27240999999999
510	5.4466307895454085	5.79193717665745	16.27240999999999
510	5.424527651014119	5.815357865980273	16.27240999999999
510	5.402560790019802	5.83748882285775	16.27240999999999
510	5.380807014319996	5.858200669224073	16.27240999999999
510	5.3593431316722455	5.877364027013433	16.27240999999999
510	5.338245949834088	5.8948495181600284	16.27240999999999
510	5.317592276563066	5.910527764598047	16.27240999999999
510	5.297458919616724	5.924269388261686	16.27240999999999
510	5.277922686752601	5.935945011085135	16.27240999999999
510	5.259060385728236	5.94542525500259	16.27240999999999
510	5.240948824301174	5.952580741948243	16.27240999999999
510	5.2236648102289545	5.957282093856286	16.27240999999999
510	5.2072851512691205	5.959399932660913	16.27240999999999
510	5.191886655179209	5.958804880296318	16.27240999999999
510	5.177546129716766	5.955367558696695	16.27240999999999
510	5.164340382639331	5.9489585897962325	16.27240999999999
510	5.152346221704445	5.939448595529129	16.27240999999999
510	5.14163811394342	5.926714878348777	16.27240999999999
510	5.132219140742737	5.910838477978354	16.27240999999999
510	5.124009627220222	5.892136623591625	16.27240999999999
510	5.1169252680578	5.87093975979761	16.27240999999999
510	5.110881757937405	5.847578331205319	16.27240999999999
510	5.105794791540967	5.822382782423768	16.27240999999999
510	5.101580063550415	5.795683558061973	16.27240999999999
510	5.098153268647678	5.767811102728945	16.27240999999999
510	5.095430101514689	5.739095861033703	16.27240999999999
510	5.093326256833376	5.709868277585258	16.27240999999999
510	5.091757429285671	5.680458796992625	16.27240999999999
510	5.090639313553502	5.651197863864821	16.27240999999999
510	5.089887815541301	5.62241499001869	16.27240999999999
510	5.0894459162780885	5.594320119213878	16.27240999999999
510	5.08931001716248	5.566887282359921	16.27240999999999
510	5.089482775623715	5.540062882739937	16.27240999999999
510	5.089966849091039	5.513793323637038	16.27240999999999
510	5.090764894993688	5.48802500833434	16.27240999999999
510	5.091879570760908	5.462704340114957	16.27240999999999
510	5.093313533821934	5.437777722262005	16.27240999999999
510	5.095069441606014	5.413191558058598	16.27240999999999
510	5.097149951542382	5.388892250787849	16.27240999999999
510	5.099557721060284	5.364826203732876	16.27240999999999
510	5.10229540758896	5.340939820176791	16.27240999999999
510	5.105365668557648	5.317179503402711	16.27240999999999
510	5.10877116139559	5.293491656693748	16.27240999999999
510	5.112514543532033	5.269822683333018	16.27240999999999
