568	4.72275553643584	3.60790432244448	18.545019999999965
568	4.71223296868999	3.607263875903752	18.545019999999965
568	4.701713085996525	3.606756526832134	18.545019999999965
568	4.691196417497112	3.606381261627962	18.545019999999965
568	4.680683492333412	3.606137066689575	18.545019999999965
568	4.67017483964709	3.606022928415308	18.545019999999965
568	4.659670988579809	3.606037833203496	18.545019999999965
568	4.649172468273236	3.60618076745248	18.545019999999965
568	4.638679807869035	3.606450717560592	18.545019999999965
568	4.628193536508866	3.6068466699261688	18.545019999999965
568	4.617714183334395	3.607367610947549	18.545019999999965
568	4.607242277487292	3.6080125270230656	18.545019999999965
568	4.596778348109215	3.608780404551055	18.545019999999965
568	4.586322924341829	3.6096702299298578	18.545019999999965
568	4.575876535326796	3.610680989557808	18.545019999999965
568	4.565439710205787	3.611811669833239	18.545019999999965
568	4.555012978120463	3.6130612571544902	18.545019999999965
568	4.544596868212486	3.6144287379198983	18.545019999999965
568	4.534191909623522	3.615913098527799	18.545019999999965
568	4.523798631495235	3.617513325376529	18.545019999999965
568	4.51341756296929	3.6192284048644217	18.545019999999965
568	4.50304923318735	3.621057323389816	18.545019999999965
568	4.492694171291079	3.622999067351048	18.545019999999965
568	4.482352906422143	3.6250526231464537	18.545019999999965
568	4.472025967722206	3.6272169771743688	18.545019999999965
568	4.46171388433293	3.6294911158331296	18.545019999999965
568	4.451417185395982	3.631874025521074	18.545019999999965
568	4.441136400053024	3.634364692636536	18.545019999999965
568	4.430872057445721	3.636962103577855	18.545019999999965
568	4.420624686715737	3.639665244743364	18.545019999999965
568	4.410394817004737	3.642473102531404	18.545019999999965
568	4.400182977454384	3.645384663340304	18.545019999999965
568	4.389989697206345	3.648398913568406	18.545019999999965
568	4.37981550540228	3.6515148396140447	18.545019999999965
568	4.369660931183857	3.654731427875556	18.545019999999965
568	4.359526503692737	3.658047664751278	18.545019999999965
568	4.349412752070585	3.661462536639545	18.545019999999965
568	4.33932020545907	3.664975029938692	18.545019999999965
568	4.329249392999849	3.66858413104706	18.545019999999965
568	4.319200843834589	3.6722888263629834	18.545019999999965
568	4.309175087104957	3.676088102284793	18.545019999999965
568	4.299172651952612	3.6799809452108336	18.545019999999965
568	4.289194067519225	3.683966341539435	18.545019999999965
568	4.279239862946453	3.688043277668939	18.545019999999965
568	4.269310567375964	3.6922107399976776	18.545019999999965
568	4.259406709949423	3.696467714923988	18.545019999999965
568	4.249528819808494	3.7008131888462072	18.545019999999965
568	4.239677426094837	3.705246148162673	18.545019999999965
568	4.229853057950122	3.709765579271719	18.545019999999965
568	4.22005624451601	3.7143704685716825	18.545019999999965
568	4.210287514934165	3.719059802460899	18.545019999999965
568	4.200547398346253	3.7238325673377073	18.545019999999965
568	4.190836423893938	3.72868774960044	18.545019999999965
568	4.1811551207188815	3.733624335647437	18.545019999999965
568	4.171504017962752	3.738641311877032	18.545019999999965
568	4.161883882989696	3.74373778845003	18.545019999999965
568	4.152297162946222	3.748913748215676	18.545019999999965
568	4.142747027356596	3.7541695493163134	18.545019999999965
568	4.133236648547577	3.759505551350245	18.545019999999965
568	4.123769198845924	3.764922113915773	18.545019999999965
568	4.114347850578392	3.770419596611204	18.545019999999965
568	4.104975776071738	3.77599835903484	18.545019999999965
568	4.095656147652721	3.7816587607849854	18.545019999999965
568	4.086392137648098	3.787401161459946	18.545019999999965
568	4.077186918384629	3.793225920658025	18.545019999999965
568	4.0680436621890665	3.7991333979775286	18.545019999999965
568	4.058965541388171	3.805123953016757	18.545019999999965
568	4.0499557283087	3.811197945374019	18.545019999999965
568	4.041017395277413	3.817355734647613	18.545019999999965
568	4.032153714621063	3.823597680435848	18.545019999999965
568	4.02336785866641	3.829924142337025	18.545019999999965
568	4.014662999740213	3.836335479949452	18.545019999999965
568	4.006042310169225	3.8428320528714286	18.545019999999965
568	3.997508962280208	3.849414220701264	18.545019999999965
568	3.989066128399919	3.856082343037257	18.545019999999965
568	3.980716980855112	3.862836779477716	18.545019999999965
568	3.9724646919725486	3.8696778896209416	18.545019999999965
568	3.9643124340789857	3.876606033065241	18.545019999999965
568	3.9562633795011775	3.883621569408917	18.545019999999965
568	3.9483207005658856	3.890724858250272	18.545019999999965
568	3.9404875695998633	3.897916259187615	18.545019999999965
568	3.932767158929872	3.905196131819247	18.545019999999965
568	3.925162640882668	3.912564835743471	18.545019999999965
568	3.917677187785008	3.920022730558592	18.545019999999965
568	3.910313971963651	3.927570175862917	18.545019999999965
568	3.903076165745353	3.935207531254744	18.545019999999965
568	3.895966941456871	3.9429351563323847	18.545019999999965
568	3.888989471424965	3.950753410694138	18.545019999999965
568	3.88214692797639	3.958662653938309	18.545019999999965
568	3.875442483437906	3.966663245663203	18.545019999999965
568	3.868879310136268	3.974755545467123	18.545019999999965
568	3.862460580398236	3.982939912948376	18.545019999999965
568	3.856189466550565	3.991216707705262	18.545019999999965
568	3.850069140920015	3.999586289336088	18.545019999999965
568	3.844102775833341	4.008049017439156	18.545019999999965
568	3.838293543617302	4.016605251612773	18.545019999999965
568	3.8326446165986567	4.025255351455239	18.545019999999965
568	3.82715916710416	4.033999676564862	18.545019999999965
568	3.82184036746057	4.042838586539946	18.545019999999965
568	3.8166913899946455	4.051772440978792	18.545019999999965
568	3.811715407033144	4.060801599479706	18.545019999999965
568	3.80691542201235	4.069926313497209	18.545019999999965
568	3.802291977256004	4.0791452585886345	18.545019999999965
568	3.79784375371147	4.088455918436591	18.545019999999965
568	3.793569386323648	4.097855747267451	18.545019999999965
568	3.789467510037441	4.107342199307577	18.545019999999965
568	3.78553675979775	4.116912728783334	18.545019999999965
568	3.781775770549477	4.1265647899210895	18.545019999999965
568	3.778183177237525	4.136295836947209	18.545019999999965
568	3.7747576148067954	4.146103324088058	18.545019999999965
568	3.771497718202191	4.155984705569999	18.545019999999965
568	3.7684021223686095	4.165937435619401	18.545019999999965
568	3.76546946225096	4.175958968462632	18.545019999999965
568	3.7626983727941385	4.186046758326053	18.545019999999965
568	3.7600874889430487	4.196198259436032	18.545019999999965
568	3.757635445642594	4.206410926018933	18.545019999999965
568	3.7553408778376745	4.216682212301124	18.545019999999965
568	3.7532024204731926	4.227009572508968	18.545019999999965
568	3.751218708494051	4.237390460868832	18.545019999999965
568	3.749388376845151	4.247822331607083	18.545019999999965
568	3.747710060471394	4.258302638950086	18.545019999999965
568	3.7461823943176817	4.268828837124206	18.545019999999965
568	3.744804013328919	4.279398380355808	18.545019999999965
568	3.743573552450003	4.290008722871259	18.545019999999965
568	3.742489646625841	4.300657318896923	18.545019999999965
568	3.7415509308013295	4.311341622659169	18.545019999999965
568	3.740756039921376	4.322059088384359	18.545019999999965
568	3.7401036089308777	4.33280717029886	18.545019999999965
568	3.739592272774739	4.343583322629039	18.545019999999965
568	3.739220666397861	4.354384999601261	18.545019999999965
568	3.738987424745146	4.365209655441889	18.545019999999965
568	3.738891182761497	4.376054744377293	18.545019999999965
568	3.7389305753918127	4.386917720633837	18.545019999999965
568	3.7391042375809977	4.397796038437885	18.545019999999965
568	3.7394108042739527	4.408687152015804	18.545019999999965
568	3.739848910415581	4.4195885155939605	18.545019999999965
568	3.740417190950785	4.430497583398718	18.545019999999965
568	3.7411142808244646	4.441411809656444	18.545019999999965
568	3.741938814981521	4.452328648593504	18.545019999999965
568	3.742889428366859	4.463245554436263	18.545019999999965
568	3.74396475592538	4.474159981411085	18.545019999999965
568	3.7451634326019847	4.485069383744341	18.545019999999965
568	3.746484093341575	4.495971215662391	18.545019999999965
568	3.747925373089053	4.506862931391604	18.545019999999965
568	3.749485906789322	4.517741985158345	18.545019999999965
568	3.7511643293872816	4.528605831188979	18.545019999999965
568	3.752959275827835	4.539451923709872	18.545019999999965
568	3.754869381055885	4.550277716947389	18.545019999999965
568	3.756893280016332	4.561080665127897	18.545019999999965
568	3.75902960765408	4.571858222477761	18.545019999999965
568	3.761276998914028	4.582607843223347	18.545019999999965
568	3.76363408874108	4.59332698159102	18.545019999999965
568	3.766099648561399	4.604013122466213	18.545019999999965
568	3.768673514182775	4.614663989836393	18.545019999999965
568	3.7713560211739736	4.6252774199550215	18.545019999999965
568	3.774147507990625	4.635851249724071	18.545019999999965
568	3.777048313088359	4.646383316045509	18.545019999999965
568	3.7800587749228103	4.656871455821302	18.545019999999965
568	3.78317923194961	4.667313505953422	18.545019999999965
568	3.786410022624388	4.677707303343835	18.545019999999965
568	3.7897514854027774	4.688050684894511	18.545019999999965
568	3.7932039587404094	4.698341487507417	18.545019999999965
568	3.796767781092919	4.708577548084523	18.545019999999965
568	3.8004432909159327	4.718756703527797	18.545019999999965
568	3.804230826665085	4.728876790739208	18.545019999999965
568	3.808130726796005	4.7389356466207255	18.545019999999965
568	3.812143329764328	4.748931108074316	18.545019999999965
568	3.816268974025684	4.75886101200195	18.545019999999965
568	3.820507998035704	4.768723195305595	18.545019999999965
568	3.82486074025002	4.77851549488722	18.545019999999965
568	3.829327539124265	4.788235747648792	18.545019999999965
568	3.833908733114068	4.797881790492284	18.545019999999965
568	3.838604660675064	4.807451460319659	18.545019999999965
568	3.843415660262882	4.8169425940328905	18.545019999999965
568	3.848342070333156	4.826353028533944	18.545019999999965
568	3.8533842293415135	4.83568060072479	18.545019999999965
568	3.858542475743592	4.844923147507394	18.545019999999965
568	3.8638171479950176	4.854078505783729	18.545019999999965
568	3.8692085845514255	4.863144512455761	18.545019999999965
568	3.874717123868447	4.872119004425459	18.545019999999965
568	3.880343104401714	4.880999818594792	18.545019999999965
568	3.886086864606856	4.889784791865727	18.545019999999965
568	3.891948742939505	4.898471761140235	18.545019999999965
568	3.897929077855296	4.907058563320282	18.545019999999965
568	3.904028207809857	4.9155430353078415	18.545019999999965
568	3.9102464712588216	4.923923014004877	18.545019999999965
568	3.916584206657821	4.932196336313359	18.545019999999965
568	3.923041752462485	4.940360839135256	18.545019999999965
568	3.929619447128449	4.948414359372535	18.545019999999965
568	3.936317629111343	4.956354733927167	18.545019999999965
568	3.9431366368667966	4.96417979970112	18.545019999999965
568	3.950076808850445	4.971887393596363	18.545019999999965
568	3.957138483517917	4.979475352514865	18.545019999999965
568	3.964321999324847	4.986941513358591	18.545019999999965
568	3.971627694726863	4.994283713029514	18.545019999999965
568	3.979055905237714	5.001499791664967	18.545019999999965
568	3.98660623761263	5.008588390861735	18.545019999999965
568	3.994276617740119	5.015550000766528	18.545019999999965
568	4.002064735315477	5.022385371281905	18.545019999999965
568	4.009968280034001	5.029095252310421	18.545019999999965
568	4.017984941590986	5.035680393754633	18.545019999999965
568	4.026112409681729	5.042141545517094	18.545019999999965
568	4.034348374001526	5.04847945750036	18.545019999999965
568	4.042690524245676	5.054694879606988	18.545019999999965
568	4.051136550109472	5.060788561739532	18.545019999999965
568	4.059684141288215	5.066761253800548	18.545019999999965
568	4.068330987477196	5.072613705692591	18.545019999999965
568	4.077074778371716	5.078346667318215	18.545019999999965
568	4.085913203667069	5.083960888579979	18.545019999999965
568	4.094843953058551	5.089457119380436	18.545019999999965
568	4.103864716241462	5.09483610962214	18.545019999999965
568	4.112973182911096	5.10009860920765	18.545019999999965
568	4.122167042762749	5.105245368039519	18.545019999999965
568	4.131443985491718	5.110277136020303	18.545019999999965
568	4.140801700793301	5.1151946630525575	18.545019999999965
568	4.150237878362794	5.119998699038838	18.545019999999965
568	4.159750207895491	5.124689993881699	18.545019999999965
568	4.169336379086693	5.129269297483697	18.545019999999965
568	4.178994081631691	5.133737359747387	18.545019999999965
568	4.188721005225785	5.138094930575324	18.545019999999965
568	4.198514839564272	5.142342759870065	18.545019999999965
568	4.208373274342447	5.146481597534164	18.545019999999965
568	4.218293999255606	5.150512193470176	18.545019999999965
568	4.228274703999047	5.154435297580656	18.545019999999965
568	4.2383130782680665	5.158251659768162	18.545019999999965
568	4.24840681175796	5.161962029935248	18.545019999999965
568	4.258553594164024	5.165567157984468	18.545019999999965
568	4.268751115181558	5.16906779381838	18.545019999999965
568	4.278997064505852	5.172464687339538	18.545019999999965
568	4.289289131832208	5.175758588450496	18.545019999999965
568	4.299625006855922	5.1789502470538125	18.545019999999965
568	4.310002379272288	5.18204041305204	18.545019999999965
568	4.320418938776604	5.185029836347736	18.545019999999965
568	4.330872375064168	5.187919266843456	18.545019999999965
568	4.341360377830274	5.190709454441754	18.545019999999965
568	4.35188063677022	5.193401149045185	18.545019999999965
568	4.362430841579302	5.195995100556305	18.545019999999965
568	4.373008681952816	5.198492058877671	18.545019999999965
568	4.383611847586059	5.200892773911838	18.545019999999965
568	4.394238028174327	5.203197995561359	18.545019999999965
568	4.404884913412918	5.205408473728792	18.545019999999965
568	4.415550192997127	5.20752495831669	18.545019999999965
568	4.426231556622251	5.20954819922761	18.545019999999965
568	4.436926693983588	5.2114789463641085	18.545019999999965
568	4.447633294776432	5.213317949628738	18.545019999999965
568	4.458349154414881	5.215065802882962	18.545019999999965
568	4.469072803865682	5.216722014311523	18.545019999999965
568	4.479803086675272	5.218285630731115	18.545019999999965
568	4.490538847533076	5.219755697271378	18.545019999999965
568	4.501278931128522	5.221131259061947	18.545019999999965
568	4.512022182151038	5.222411361232462	18.545019999999965
568	4.522767445290051	5.223595048912561	18.545019999999965
568	4.533513565234988	5.224681367231882	18.545019999999965
568	4.544259386675275	5.22566936132006	18.545019999999965
568	4.555003754300341	5.226558076306736	18.545019999999965
568	4.565745512799612	5.227346557321548	18.545019999999965
568	4.576483506862516	5.228033849494132	18.545019999999965
568	4.587216581178479	5.228618997954128	18.545019999999965
568	4.5979435804369295	5.229101047831174	18.545019999999965
568	4.608663349327294	5.229479044254903	18.545019999999965
568	4.619374732538999	5.229752032354961	18.545019999999965
568	4.630076574761475	5.22991905726098	18.545019999999965
568	4.640767720684145	5.229979164102598	18.545019999999965
568	4.651447014996437	5.229931398009456	18.545019999999965
568	4.6621133023877785	5.229774804111191	18.545019999999965
568	4.672765427547599	5.229508427537441	18.545019999999965
568	4.683402235165323	5.229131313417842	18.545019999999965
568	4.694022569930378	5.228642506882033	18.545019999999965
568	4.704625276532193	5.228041053059653	18.545019999999965
568	4.715209199660192	5.227325997080339	18.545019999999965
568	4.725773184003806	5.226496384073728	18.545019999999965
568	4.736316074252459	5.22555125916946	18.545019999999965
568	4.746836715095581	5.224489667497171	18.545019999999965
568	4.757333951222596	5.223310654186502	18.545019999999965
568	4.767806627322934	5.222013264367087	18.545019999999965
568	4.778253588086019	5.220596543168566	18.545019999999965
568	4.788673678201282	5.219059535720575	18.545019999999965
568	4.79906574235815	5.217401287152756	18.545019999999965
568	4.809428625246046	5.215620842594744	18.545019999999965
568	4.8197611715544	5.213717247176176	18.545019999999965
568	4.83006222597264	5.211689546026692	18.545019999999965
568	4.84033063319019	5.209536784275931	18.545019999999965
568	4.850565237896481	5.207258007053527	18.545019999999965
568	4.860764884780936	5.204852259489121	18.545019999999965
568	4.870928418532987	5.202318586712348	18.545019999999965
568	4.881054683842059	5.19965603385285	18.545019999999965
568	4.891142525397578	5.196863646040264	18.545019999999965
568	4.901190787888972	5.193940468404225	18.545019999999965
568	4.91119831600567	5.190885546074371	18.545019999999965
568	4.921163954437097	5.187697924180345	18.545019999999965
568	4.931086547872678	5.1843766478517805	18.545019999999965
568	4.940964941001846	5.180920762218316	18.545019999999965
568	4.950797978514023	5.17732931240959	18.545019999999965
568	4.960584505098639	5.173601343555241	18.545019999999965
568	4.970323365318872	5.169735903145013	18.545019999999965
568	4.980013369904999	5.165732671129197	18.545019999999965
568	4.989653250294407	5.161592809732484	18.545019999999965
568	4.9992417265796405	5.157317693256193	18.545019999999965
568	5.008777518853241	5.152908696001633	18.545019999999965
568	5.018259347207748	5.148367192270122	18.545019999999965
568	5.027685931735707	5.143694556362974	18.545019999999965
568	5.037055992529659	5.138892162581504	18.545019999999965
568	5.0463682496821445	5.133961385227025	18.545019999999965
568	5.05562142328571	5.12890359860085	18.545019999999965
568	5.064814233432893	5.123720177004298	18.545019999999965
568	5.073945400216238	5.11841249473868	18.545019999999965
568	5.083013643728285	5.112981926105312	18.545019999999965
568	5.092017684061579	5.107429845405509	18.545019999999965
568	5.100956241308661	5.101757626940583	18.545019999999965
568	5.109828035562072	5.095966645011852	18.545019999999965
568	5.1186317869143565	5.090058273920626	18.545019999999965
568	5.127366215458054	5.084033887968223	18.545019999999965
568	5.136030041285711	5.077894861455958	18.545019999999965
568	5.144621984489862	5.071642568685143	18.545019999999965
568	5.153140765163056	5.065278383957093	18.545019999999965
568	5.161585103397834	5.058803681573124	18.545019999999965
568	5.169953719286736	5.05221983583455	18.545019999999965
568	5.178245332922305	5.0455282210426855	18.545019999999965
568	5.186458664397085	5.038730211498843	18.545019999999965
568	5.194592433803615	5.0318271815043385	18.545019999999965
568	5.202645361234439	5.024820505360488	18.545019999999965
568	5.210616166782099	5.017711557368603	18.545019999999965
568	5.218503570539138	5.010501711830001	18.545019999999965
568	5.226306292598096	5.003192343045994	18.545019999999965
568	5.2340230530515175	4.995784825317898	18.545019999999965
568	5.241652571991941	4.9882805329470274	18.545019999999965
568	5.249193569511915	4.980680840234696	18.545019999999965
568	5.256644765703974	4.972987121482219	18.545019999999965
568	5.264004880660666	4.96520075099091	18.545019999999965
568	5.271272634474531	4.957323103062084	18.545019999999965
568	5.278446747238112	4.949355551997055	18.545019999999965
568	5.285525939043948	4.94129947209714	18.545019999999965
568	5.292508929984585	4.933156237663651	18.545019999999965
568	5.299394440152565	4.924927222997901	18.545019999999965
568	5.306181189640427	4.9166138024012085	18.545019999999965
568	5.312867898540715	4.908217350174887	18.545019999999965
568	5.319453286945975	4.899739240620246	18.545019999999965
568	5.325936074948741	4.891180848038607	18.545019999999965
568	5.332314982641559	4.8825435467312825	18.545019999999965
568	5.338588730116976	4.873828710999585	18.545019999999965
568	5.344756037467527	4.865037715144829	18.545019999999965
568	5.35081564510035	4.8561719490590045	18.545019999999965
568	5.356766446945219	4.847232920456861	18.545019999999965
568	5.362607407088491	4.838222190895645	18.545019999999965
568	5.368337489977364	4.829141322209543	18.545019999999965
568	5.37395566005905	4.8199918762327405	18.545019999999965
568	5.379460881780752	4.810775414799418	18.545019999999965
568	5.384852119589675	4.801493499743765	18.545019999999965
568	5.390128337933021	4.792147692899965	18.545019999999965
568	5.395288501257998	4.782739556102202	18.545019999999965
568	5.400331574011808	4.773270651184661	18.545019999999965
568	5.4052565206416565	4.76374253998153	18.545019999999965
568	5.410062305594749	4.754156784326989	18.545019999999965
568	5.414747893318292	4.744514946055225	18.545019999999965
568	5.4193122482594855	4.734818587000423	18.545019999999965
568	5.423754334865538	4.725069268996769	18.545019999999965
568	5.428073117583652	4.715268553878445	18.545019999999965
568	5.432267560861033	4.705418003479639	18.545019999999965
568	5.436336629144886	4.695519179634535	18.545019999999965
568	5.440279286882413	4.685573644177317	18.545019999999965
568	5.444094498520824	4.67558295894217	18.545019999999965
568	5.44778122850732	4.6655486857632775	18.545019999999965
568	5.4513384412891055	4.655472386474828	18.545019999999965
568	5.454765101313387	4.645355622911004	18.545019999999965
568	5.458060173027368	4.63519995690599	18.545019999999965
568	5.461222620878253	4.625006950293972	18.545019999999965
568	5.464251409313247	4.614778164909136	18.545019999999965
568	5.467145502779556	4.604515162585664	18.545019999999965
568	5.469903865724385	4.594219505157743	18.545019999999965
568	5.472525462594933	4.583892754459557	18.545019999999965
568	5.475009257838412	4.573536472325291	18.545019999999965
568	5.477354215902023	4.56315222058913	18.545019999999965
568	5.47955930123297	4.552741561085258	18.545019999999965
568	5.481623478278461	4.542306055647861	18.545019999999965
568	5.483545711485697	4.531847266111124	18.545019999999965
568	5.485324965301885	4.521366754309231	18.545019999999965
568	5.4869602041742285	4.510866082076368	18.545019999999965
568	5.488450392549933	4.500346811246719	18.545019999999965
568	5.489794494876201	4.48981050365447	18.545019999999965
568	5.490991475600241	4.479258721133804	18.545019999999965
568	5.492040299169257	4.468693025518907	18.545019999999965
568	5.492939930030449	4.458114978643964	18.545019999999965
568	5.493689332631029	4.447526142343159	18.545019999999965
568	5.494287471418193	4.436928078450678	18.545019999999965
568	5.494733310839154	4.426322348800705	18.545019999999965
568	5.495025815341111	4.415710515227426	18.545019999999965
568	5.495163949371274	4.405094139565024	18.545019999999965
568	5.495146677376841	4.394474783647686	18.545019999999965
568	5.494972963805021	4.383854009309597	18.545019999999965
568	5.49464177310302	4.3732333783849375	18.545019999999965
568	5.4941522319819605	4.362614484081406	18.545019999999965
568	5.4935047379002535	4.351999165303947	18.545019999999965
568	5.49270028710867	4.341389376733199	18.545019999999965
568	5.491739879368857	4.330787073728616	18.545019999999965
568	5.490624514442454	4.320194211649659	18.545019999999965
568	5.4893551920911055	4.309612745855784	18.545019999999965
568	5.487932912076452	4.299044631706446	18.545019999999965
568	5.486358674160138	4.288491824561105	18.545019999999965
568	5.484633478103802	4.277956279779218	18.545019999999965
568	5.482758323669087	4.267439952720242	18.545019999999965
568	5.480734210617636	4.256944798743633	18.545019999999965
568	5.4785621387110925	4.24647277320885	18.545019999999965
568	5.476243107711096	4.236025831475349	18.545019999999965
568	5.47377811737929	4.225605928902588	18.545019999999965
568	5.471168167477316	4.215215020850023	18.545019999999965
568	5.468414257766814	4.204855062677114	18.545019999999965
568	5.46551738800943	4.194528009743317	18.545019999999965
568	5.462478557966805	4.184235817408089	18.545019999999965
568	5.459298767400579	4.173980441030887	18.545019999999965
568	5.455979016072397	4.163763835971169	18.545019999999965
568	5.452520303743898	4.15358795758839	18.545019999999965
568	5.448923630176727	4.143454761242012	18.545019999999965
568	5.445189995132524	4.133366202291486	18.545019999999965
568	5.44132039837293	4.123324236096276	18.545019999999965
568	5.437315839659591	4.113330818015835	18.545019999999965
568	5.433177318754146	4.10338790340962	18.545019999999965
568	5.42890583541824	4.093497447637091	18.545019999999965
568	5.424502389413512	4.083661406057704	18.545019999999965
568	5.419967980501604	4.073881734030914	18.545019999999965
568	5.415303608444159	4.064160386916184	18.545019999999965
568	5.410510273002821	4.054499320072965	18.545019999999965
568	5.405588973939229	4.044900488860718	18.545019999999965
568	5.4005407110150285	4.035365848638898	18.545019999999965
568	5.395366483991857	4.025897354766967	18.545019999999965
568	5.390067292631361	4.016496962604376	18.545019999999965
568	5.38464413669518	4.007166627510585	18.545019999999965
568	5.379098015944957	3.997908304845052	18.545019999999965
568	5.373429930142334	3.988723949967234	18.545019999999965
568	5.367640879048951	3.9796155182365887	18.545019999999965
568	5.361731862426455	3.970584965012569	18.545019999999965
568	5.355703880036483	3.9616342456546407	18.545019999999965
568	5.349557931640679	3.952765315522254	18.545019999999965
568	5.343295017000687	3.943980129974869	18.545019999999965
568	5.3369161358781465	3.935280644371941	18.545019999999965
568	5.330422288034699	3.92666881407293	18.545019999999965
568	5.323814473231987	3.918146594437294	18.545019999999965
568	5.317093691231657	3.909715940824486	18.545019999999965
568	5.310260941795347	3.901378808593965	18.545019999999965
568	5.303317224684699	3.89313715310519	18.545019999999965
568	5.296263539661355	3.884992929717616	18.545019999999965
568	5.289100886486959	3.876948093790703	18.545019999999965
568	5.281830264923151	3.8690046006839056	18.545019999999965
568	5.274452674731575	3.861164405756683	18.545019999999965
568	5.266969115673871	3.853429464368491	18.545019999999965
568	5.259380587511684	3.845801731878786	18.545019999999965
568	5.251688090006653	3.83828316364703	18.545019999999965
568	5.243892678150074	3.830875621893852	18.545019999999965
568	5.235995952983775	3.823580047984854	18.545019999999965
568	5.22799982703975	3.816396857991237	18.545019999999965
568	5.219906216481932	3.809326461859332	18.545019999999965
568	5.211717037474251	3.8023692695354656	18.545019999999965
568	5.203434206180639	3.795525690965969	18.545019999999965
568	5.195059638765036	3.788796136097166	18.545019999999965
568	5.186595251391366	3.7821810148753863	18.545019999999965
568	5.178042960223569	3.7756807372469607	18.545019999999965
568	5.169404681425575	3.769295713158215	18.545019999999965
568	5.1606823311613175	3.763026352555476	18.545019999999965
568	5.151877825594728	3.756873065385073	18.545019999999965
568	5.142993080889743	3.750836261593336	18.545019999999965
568	5.134030013210291	3.744916351126592	18.545019999999965
568	5.124990538720309	3.739113743931169	18.545019999999965
568	5.115876573583727	3.733428849953394	18.545019999999965
568	5.106690033964481	3.7278620791395936	18.545019999999965
568	5.097432836026499	3.722413841436103	18.545019999999965
568	5.088106895933721	3.717084546789244	18.545019999999965
568	5.078714129850075	3.711874605145346	18.545019999999965
568	5.069256453939495	3.706784426450741	18.545019999999965
568	5.059735784365914	3.7018144206517514	18.545019999999965
568	5.050154037293268	3.6969649976947063	18.545019999999965
568	5.040513128885486	3.6922365675259368	18.545019999999965
568	5.030814975306501	3.687629540091768	18.545019999999965
568	5.021061492720247	3.683144325338533	18.545019999999965
568	5.011254597290659	3.6787813332125534	18.545019999999965
568	5.001396205181667	3.674540973660165	18.545019999999965
568	4.991488232557206	3.670423656627687	18.545019999999965
568	4.98153259558121	3.666429792061455	18.545019999999965
568	4.971531210417607	3.662559789907792	18.545019999999965
568	4.961485993230334	3.6588140601130297	18.545019999999965
568	4.951398860183324	3.655193012623495	18.545019999999965
568	4.941271727440509	3.651697057385517	18.545019999999965
568	4.931106511165823	3.6483266043454208	18.545019999999965
568	4.920905127523199	3.6450820634495393	18.545019999999965
568	4.910669492676567	3.641963844644196	18.545019999999965
568	4.900401522789863	3.638972357875721	18.545019999999965
568	4.89010313402702	3.6361080130904417	18.545019999999965
568	4.879776242551969	3.633371220234688	18.545019999999965
568	4.869422764528644	3.6307623892547873	18.545019999999965
568	4.859044616120981	3.6282819300970655	18.545019999999965
568	4.848643713492908	3.625930252707856	18.545019999999965
568	4.83822197280836	3.6237077670334825	18.545019999999965
568	4.82778131023127	3.621614883020274	18.545019999999965
568	4.817323641925574	3.6196520106145584	18.545019999999965
568	4.8068508840552	3.6178195597626654	18.545019999999965
568	4.796364952784082	3.6161179404109225	18.545019999999965
568	4.785867764276156	3.614547562505658	18.545019999999965
568	4.775361234695352	3.6131088359932	18.545019999999965
568	4.764847280205606	3.611802170819873	18.545019999999965
568	4.754327816970848	3.610627976932012	18.545019999999965
568	4.743804761155013	3.6095866642759393	18.545019999999965
568	4.733280028922033	3.608678642797986	18.545019999999965
568	4.72275553643584	3.60790432244448	18.545019999999965
583	4.932733812330904	5.4496034145341445	19.04613999999996
583	4.945225401667866	5.445544754816716	19.04613999999996
583	4.957687302360439	5.441334611435834	19.04613999999996
583	4.970115317870621	5.436973134046729	19.04613999999996
583	4.982505251660416	5.432460472304622	19.04613999999996
583	4.994852907191819	5.4277967758647385	19.04613999999996
583	5.00715408792684	5.422982194382301	19.04613999999996
583	5.0194045973274735	5.4180168775125335	19.04613999999996
583	5.031600238855724	5.412900974910661	19.04613999999996
583	5.043736815973594	5.407634636231904	19.04613999999996
583	5.055810132143082	5.402218011131492	19.04613999999996
583	5.0678159908261895	5.396651249264643	19.04613999999996
583	5.0797501954849205	5.390934500286585	19.04613999999996
583	5.091608549581275	5.38506791385254	19.04613999999996
583	5.103386856577254	5.379051639617731	19.04613999999996
583	5.115080919934859	5.372885827237385	19.04613999999996
583	5.126686543116089	5.366570626366724	19.04613999999996
583	5.13819952958295	5.360106186660971	19.04613999999996
583	5.149615682797441	5.353492657775352	19.04613999999996
583	5.160930806221564	5.346730189365086	19.04613999999996
583	5.172140703317318	5.339818931085404	19.04613999999996
583	5.183241177546705	5.332759032591527	19.04613999999996
583	5.194228032371729	5.325550643538676	19.04613999999996
583	5.2050970712543885	5.318193913582078	19.04613999999996
583	5.215844097656688	5.3106889923769565	19.04613999999996
583	5.2264649150406255	5.303036029578534	19.04613999999996
583	5.2369553268682045	5.295235174842035	19.04613999999996
583	5.247311136601423	5.287286577822684	19.04613999999996
583	5.257528147702287	5.279190388175706	19.04613999999996
583	5.267602163632797	5.270946755556321	19.04613999999996
583	5.277528987854952	5.262555829619757	19.04613999999996
583	5.287304423830754	5.254017760021234	19.04613999999996
583	5.296924275022203	5.2453326964159785	19.04613999999996
583	5.306384344891304	5.236500788459215	19.04613999999996
583	5.315680436900057	5.227522185806164	19.04613999999996
583	5.324808354510462	5.218397038112054	19.04613999999996
583	5.33376390118452	5.209125495032106	19.04613999999996
583	5.342542880384234	5.199707706221544	19.04613999999996
583	5.351141095571607	5.190143821335592	19.04613999999996
583	5.359554350208636	5.180433990029473	19.04613999999996
583	5.367778447757327	5.1705783619584125	19.04613999999996
583	5.375809191679675	5.160577086777634	19.04613999999996
583	5.383642385437687	5.150430314142362	19.04613999999996
583	5.391273882251595	5.140138223413311	19.04613999999996
583	5.398701719866068	5.129702298104784	19.04613999999996
583	5.405926927659772	5.119125807726299	19.04613999999996
583	5.412950751210715	5.1084121508576334	19.04613999999996
583	5.419774436096901	5.097564726078568	19.04613999999996
583	5.426399227896336	5.086586931968885	19.04613999999996
583	5.432826372187033	5.075482167108365	19.04613999999996
583	5.43905711454699	5.0642538300767885	19.04613999999996
583	5.445092700554219	5.052905319453934	19.04613999999996
583	5.4509343757867255	5.041440033819585	19.04613999999996
583	5.456583385822517	5.029861371753519	19.04613999999996
583	5.462040976239599	5.01817273183552	19.04613999999996
583	5.467308392615977	5.006377512645367	19.04613999999996
583	5.472386880529661	4.994479112762839	19.04613999999996
583	5.477277685558656	4.982480930767717	19.04613999999996
583	5.481982053280967	4.9703863652397855	19.04613999999996
583	5.486501229274604	4.958198814758821	19.04613999999996
583	5.4908364591175705	4.945921677904606	19.04613999999996
583	5.494988988387874	4.93355835325692	19.04613999999996
583	5.498960062663523	4.921112239395543	19.04613999999996
583	5.502750927522524	4.9085867349002585	19.04613999999996
583	5.50636282854288	4.895985238350844	19.04613999999996
583	5.509797011302602	4.883311148327081	19.04613999999996
583	5.513054721379694	4.870567863408752	19.04613999999996
583	5.516137204352165	4.857758782175635	19.04613999999996
583	5.519045705798019	4.844887303207512	19.04613999999996
583	5.521781471295264	4.831956825084164	19.04613999999996
583	5.524345746421907	4.818970746385368	19.04613999999996
583	5.526739776755955	4.80593246569091	19.04613999999996
583	5.528964807875412	4.792845381580567	19.04613999999996
583	5.531022085358287	4.779712892634121	19.04613999999996
583	5.532912854782588	4.766538397431352	19.04613999999996
583	5.53463836172632	4.75332529455204	19.04613999999996
583	5.536199851767487	4.740076982575967	19.04613999999996
583	5.537598570484101	4.726796860082912	19.04613999999996
583	5.5388357634541645	4.713488325652657	19.04613999999996
583	5.539912676255687	4.700154777864982	19.04613999999996
583	5.540830554466672	4.68679961529967	19.04613999999996
583	5.54159064366513	4.673426236536495	19.04613999999996
583	5.542194189429064	4.6600380401552455	19.04613999999996
583	5.542642437336483	4.646638424735697	19.04613999999996
583	5.542936632965395	4.633230788857631	19.04613999999996
583	5.543078021893801	4.61981853110083	19.04613999999996
583	5.543067849699713	4.606405050045074	19.04613999999996
583	5.542907361961135	4.592993744270141	19.04613999999996
583	5.542597804256077	4.579588012355815	19.04613999999996
583	5.542140422162543	4.5661912528818736	19.04613999999996
583	5.541536461258541	4.552806864428098	19.04613999999996
583	5.540787167122074	4.539438245574272	19.04613999999996
583	5.539893785331154	4.526088794900172	19.04613999999996
583	5.538857561463782	4.512761910985582	19.04613999999996
583	5.53767974109797	4.499460992410279	19.04613999999996
583	5.536361569811723	4.486189437754047	19.04613999999996
583	5.534904220012643	4.472950469434661	19.04613999999996
583	5.533308260274577	4.459745856104921	19.04613999999996
583	5.531573961723146	4.446576650293708	19.04613999999996
583	5.529701593400361	4.433443899513476	19.04613999999996
583	5.527691424348223	4.420348651276683	19.04613999999996
583	5.525543723608749	4.407291953095782	19.04613999999996
583	5.523258760223939	4.394274852483228	19.04613999999996
583	5.520836803235808	4.381298396951477	19.04613999999996
583	5.5182781216863575	4.368363634012985	19.04613999999996
583	5.515582984617598	4.355471611180206	19.04613999999996
583	5.512751661071542	4.342623375965592	19.04613999999996
583	5.50978442009019	4.329819975881605	19.04613999999996
583	5.506681530715555	4.317062458440694	19.04613999999996
583	5.503443261989645	4.304351871155316	19.04613999999996
583	5.500069882954464	4.291689261537929	19.04613999999996
583	5.496561662652024	4.279075677100985	19.04613999999996
583	5.492918870124332	4.266512165356938	19.04613999999996
583	5.489141774413396	4.253999773818246	19.04613999999996
583	5.485230644561222	4.241539549997364	19.04613999999996
583	5.481185749609818	4.229132541406747	19.04613999999996
583	5.477007358601196	4.216779795558846	19.04613999999996
583	5.472695740577363	4.204482359966121	19.04613999999996
583	5.468251164580322	4.192241282141027	19.04613999999996
583	5.46367389965209	4.180057609596015	19.04613999999996
583	5.458964214834665	4.167932389843546	19.04613999999996
583	5.4541223791700615	4.15586667039607	19.04613999999996
583	5.449148661700286	4.143861498766044	19.04613999999996
583	5.444043331467346	4.131917922465922	19.04613999999996
583	5.438806657513249	4.120036989008162	19.04613999999996
583	5.433438908880006	4.108219745905216	19.04613999999996
583	5.42794035460962	4.096467240669542	19.04613999999996
583	5.422311263744104	4.0847805208135926	19.04613999999996
583	5.416551905325464	4.073160633849823	19.04613999999996
583	5.410662548395704	4.061608627290692	19.04613999999996
583	5.40464346199684	4.05012554864865	19.04613999999996
583	5.398494915170874	4.038712445436154	19.04613999999996
583	5.392217176959817	4.02737036516566	19.04613999999996
583	5.385810516405676	4.0161003553496215	19.04613999999996
583	5.379275202550457	4.004903463500494	19.04613999999996
583	5.37261150443617	3.9937807371307343	19.04613999999996
583	5.365819691104826	3.982733223752796	19.04613999999996
583	5.358900031598427	3.9717619708791343	19.04613999999996
583	5.351852794958985	3.960868026022205	19.04613999999996
583	5.344678250228508	3.950052436694461	19.04613999999996
583	5.337376666449002	3.939316250408361	19.04613999999996
583	5.329948312662475	3.928660514676357	19.04613999999996
583	5.322393457910937	3.9180862770109055	19.04613999999996
583	5.314712371236395	3.907594584924463	19.04613999999996
583	5.306905321680857	3.897186485929482	19.04613999999996
583	5.298972578286331	3.8868630275384186	19.04613999999996
583	5.290914410094825	3.876625257263728	19.04613999999996
583	5.282731086148347	3.8664742226178666	19.04613999999996
583	5.274422882930974	3.856410976654933	19.04613999999996
583	5.265990546350835	3.846436921980005	19.04613999999996
583	5.2574355634054974	3.836554013041481	19.04613999999996
583	5.248759486444372	3.826764252951232	19.04613999999996
583	5.23996386781687	3.817069644821121	19.04613999999996
583	5.231050259872404	3.807472191763022	19.04613999999996
583	5.222020214960386	3.797973896888799	19.04613999999996
583	5.212875285430227	3.78857676331032	19.04613999999996
583	5.203617023631339	3.7792827941394505	19.04613999999996
583	5.194246981913134	3.7700939924880617	19.04613999999996
583	5.184766712625022	3.761012361468019	19.04613999999996
583	5.175177768116415	3.752039904191192	19.04613999999996
583	5.165481700736725	3.743178623769448	19.04613999999996
583	5.155680062835366	3.7344305233146526	19.04613999999996
583	5.145774406761747	3.725797605938676	19.04613999999996
583	5.135766284865279	3.7172818747533833	19.04613999999996
583	5.125657249495378	3.708885332870644	19.04613999999996
583	5.115448853001451	3.700609983402325	19.04613999999996
583	5.105142647732911	3.692457829460293	19.04613999999996
583	5.094740186039169	3.684430874156419	19.04613999999996
583	5.084243020269639	3.676531120602567	19.04613999999996
583	5.073652702773731	3.668760571910607	19.04613999999996
583	5.062970785900856	3.661121231192405	19.04613999999996
583	5.052198822000428	3.653615101559829	19.04613999999996
583	5.041338363421854	3.646244186124748	19.04613999999996
583	5.030390962514552	3.6390104879990286	19.04613999999996
583	5.01935817162793	3.631916010294537	19.04613999999996
583	5.0082415431114	3.624962756123145	19.04613999999996
583	4.997042629314373	3.618152728596716	19.04613999999996
583	4.985762982586262	3.611487930827117	19.04613999999996
583	4.974404155276478	3.6049703659262216	19.04613999999996
583	4.962967699734433	3.598602037005892	19.04613999999996
583	4.951455168309537	3.5923849471779983	19.04613999999996
583	4.939868113351204	3.586321099554408	19.04613999999996
583	4.928208087208846	3.5804124972469857	19.04613999999996
583	4.916476642231872	3.574661143367603	19.04613999999996
583	4.904675330769694	3.5690690410281265	19.04613999999996
583	4.892805705171727	3.563638193340423	19.04613999999996
583	4.880869317787379	3.5583706034163605	19.04613999999996
583	4.868867720966063	3.553268274367808	19.04613999999996
583	4.856802467057191	3.5483332093066284	19.04613999999996
583	4.844675108410173	3.5435674113446964	19.04613999999996
583	4.832487197374423	3.538972883593873	19.04613999999996
583	4.820240286299353	3.53455162916603	19.04613999999996
583	4.807935927534369	3.530305651173035	19.04613999999996
583	4.795575673428891	3.5262369527267543	19.04613999999996
583	4.783161076332325	3.522347536939054	19.04613999999996
583	4.7706936885940845	3.518639406921806	19.04613999999996
583	4.75817506256358	3.5151145657868748	19.04613999999996
583	4.745606750590223	3.511775016646129	19.04613999999996
583	4.7329903147343	3.5086227282982687	19.04613999999996
583	4.720327662656918	3.505658448368692	19.04613999999996
583	4.707621133332604	3.502881400445814	19.04613999999996
583	4.694873092853481	3.500290712298593	19.04613999999996
583	4.6820859073116745	3.4978855116959817	19.04613999999996
583	4.6692619427993085	3.4956649264069384	19.04613999999996
583	4.656403565408505	3.4936280842004166	19.04613999999996
583	4.643513141231391	3.491774112845373	19.04613999999996
583	4.630593036360087	3.490102140110764	19.04613999999996
583	4.617645616886718	3.4886112937655467	19.04613999999996
583	4.604673248903411	3.4873007015786754	19.04613999999996
583	4.591678298502287	3.4861694913191057	19.04613999999996
583	4.578663131775469	3.4852167907557936	19.04613999999996
583	4.5656301148150815	3.484441727657698	19.04613999999996
583	4.55258161371325	3.4838434297937724	19.04613999999996
583	4.539519994562098	3.4834210249329702	19.04613999999996
583	4.5264476234537465	3.483173640844252	19.04613999999996
583	4.513366866480324	3.4831004052965726	19.04613999999996
583	4.500280089733951	3.483200446058886	19.04613999999996
583	4.487189659306751	3.483472890900148	19.04613999999996
583	4.47409794129085	3.483916867589315	19.04613999999996
583	4.4610073017783725	3.484531503895345	19.04613999999996
583	4.4479201068614405	3.4853159275871946	19.04613999999996
583	4.434838722632177	3.4862692664338164	19.04613999999996
583	4.421765515182709	3.4873906482041663	19.04613999999996
583	4.408702850605158	3.488679200667203	19.04613999999996
583	4.395653094991649	3.4901340515918795	19.04613999999996
583	4.382618614434304	3.491754328747155	19.04613999999996
583	4.3696017750252505	3.4935391599019816	19.04613999999996
583	4.356604942856609	3.495487672825319	19.04613999999996
583	4.3436304840205056	3.4975989952861197	19.04613999999996
583	4.330680764609062	3.499872255053342	19.04613999999996
583	4.317758150714405	3.502306579895941	19.04613999999996
583	4.304865008428655	3.5049010975828727	19.04613999999996
583	4.292003703843938	3.5076549358830924	19.04613999999996
583	4.279176603052378	3.510567222565558	19.04613999999996
583	4.266386072146099	3.513637085399224	19.04613999999996
583	4.253634477217224	3.516863652153046	19.04613999999996
583	4.240924184357877	3.52024605059598	19.04613999999996
583	4.2282575596601815	3.523783408496984	19.04613999999996
583	4.215636969216263	3.5274748536250105	19.04613999999996
583	4.203064779118246	3.531319513749016	19.04613999999996
583	4.19054335545825	3.5353165166379616	19.04613999999996
583	4.178075064328403	3.5394649900607966	19.04613999999996
583	4.165662271820828	3.5437640617864794	19.04613999999996
583	4.153307344027647	3.548212859583966	19.04613999999996
583	4.141012647040987	3.552810511222215	19.04613999999996
583	4.128780546952969	3.5575561444701758	19.04613999999996
583	4.11661340985572	3.562448887096809	19.04613999999996
583	4.10451360184136	3.567487866871072	19.04613999999996
583	4.092483474344953	3.572672207991846	19.04613999999996
583	4.0805248071790965	3.578000895425937	19.04613999999996
583	4.068638636538648	3.583472733014585	19.04613999999996
583	4.056825948814471	3.5890865124680973	19.04613999999996
583	4.045087730397434	3.5948410254967795	19.04613999999996
583	4.033424967678402	3.600735063810939	19.04613999999996
583	4.021838647048245	3.6067674191208834	19.04613999999996
583	4.010329754897827	3.612936883136921	19.04613999999996
583	3.998899277618015	3.6192422475693578	19.04613999999996
583	3.987548201599677	3.625682304128498	19.04613999999996
583	3.9762775132336783	3.6322558445246527	19.04613999999996
583	3.965088198910885	3.638961660468128	19.04613999999996
583	3.953981245022165	3.6457985436692297	19.04613999999996
583	3.942957637958384	3.652765285838268	19.04613999999996
583	3.932018364110409	3.659860678685544	19.04613999999996
583	3.921164409869106	3.667083513921372	19.04613999999996
583	3.910396761625344	3.6744325832560527	19.04613999999996
583	3.899716405769986	3.6819066783998977	19.04613999999996
583	3.8891243286939017	3.689504591063213	19.04613999999996
583	3.878621516787956	3.6972251129563034	19.04613999999996
583	3.868208956443016	3.7050670357894777	19.04613999999996
583	3.85788763404995	3.7130291512730422	19.04613999999996
583	3.8476585359996207	3.721110251117305	19.04613999999996
583	3.8375226486828975	3.7293091270325744	19.04613999999996
583	3.827480958490648	3.737624570729156	19.04613999999996
583	3.817534451813735	3.7460553739173568	19.04613999999996
583	3.807684115043029	3.7546003283074807	19.04613999999996
583	3.797930934569396	3.763258225609839	19.04613999999996
583	3.7882758967837016	3.772027857534739	19.04613999999996
583	3.7787199880768094	3.780908015792487	19.04613999999996
583	3.7692641948395926	3.789897492093387	19.04613999999996
583	3.759909503462913	3.798995078147751	19.04613999999996
583	3.750656900337639	3.808199565665884	19.04613999999996
583	3.741507371854637	3.81750974635809	19.04613999999996
583	3.732461904404775	3.8269244119346775	19.04613999999996
583	3.7235214843789146	3.83644235410596	19.04613999999996
583	3.7146870981679294	3.8460623645822354	19.04613999999996
583	3.705959732162681	3.855783235073816	19.04613999999996
583	3.6973403727540384	3.865603757291008	19.04613999999996
583	3.688830006332866	3.875522722944117	19.04613999999996
583	3.6804296192900336	3.8855389237434528	19.04613999999996
583	3.672140198016405	3.89565115139932	19.04613999999996
583	3.663962728902847	3.9058581976220266	19.04613999999996
583	3.655898198340228	3.9161588541218793	19.04613999999996
583	3.647947592719413	3.9265519126091855	19.04613999999996
583	3.6401118984312713	3.937036164794252	19.04613999999996
583	3.632392101866666	3.947610402387389	19.04613999999996
583	3.624789189416466	3.958273417098896	19.04613999999996
583	3.6173041474715375	3.969024000639087	19.04613999999996
583	3.6099379624227472	3.979860944718266	19.04613999999996
583	3.602691620660959	3.9907830410467424	19.04613999999996
583	3.595566109772029	4.001789080238028	19.04613999999996
583	3.588562571925527	4.012877711024147	19.04613999999996
583	3.581682455044981	4.024047301507131	19.04613999999996
583	3.574927242967282	4.035296186826674	19.04613999999996
583	3.568298419529324	4.046622702122462	19.04613999999996
583	3.561797468568003	4.058025182534181	19.04613999999996
583	3.555425873920213	4.069501963201522	19.04613999999996
583	3.549185119422849	4.0810513792641725	19.04613999999996
583	3.543076688912803	4.09267176586182	19.04613999999996
583	3.537102066226972	4.104361458134149	19.04613999999996
583	3.5312627352022488	4.116118791220855	19.04613999999996
583	3.5255601796755283	4.127942100261621	19.04613999999996
583	3.519995883483705	4.139829720396135	19.04613999999996
583	3.514571330463674	4.151779986764084	19.04613999999996
583	3.509288004452328	4.163791234505162	19.04613999999996
583	3.504147389286564	4.17586179875905	19.04613999999996
583	3.4991509688032743	4.187990014665439	19.04613999999996
583	3.494300226839354	4.200174217364017	19.04613999999996
583	3.489596647231696	4.212412741994473	19.04613999999996
583	3.4850417138171976	4.2247039236964925	19.04613999999996
583	3.480636910432752	4.237046097609763	19.04613999999996
583	3.4763837209152526	4.249437598873977	19.04613999999996
583	3.4722836291015926	4.26187676262882	19.04613999999996
583	3.4683381188286693	4.274361924013979	19.04613999999996
583	3.4645486739333777	4.286891418169143	19.04613999999996
583	3.4609167782526087	4.299463580233999	19.04613999999996
583	3.4574439156232604	4.312076745348236	19.04613999999996
583	3.454131569882223	4.324729248651542	19.04613999999996
583	3.450981224866394	4.3374194252836045	19.04613999999996
583	3.4479943644126685	4.350145610384111	19.04613999999996
583	3.445172472357938	4.362906139092751	19.04613999999996
583	3.4425170325390995	4.375699346549212	19.04613999999996
583	3.4400295287930462	4.388523567893181	19.04613999999996
583	3.437711444956672	4.401377138264346	19.04613999999996
583	3.4355642648668723	4.414258392802397	19.04613999999996
583	3.43358947236054	4.427165666647022	19.04613999999996
583	3.431788551274572	4.440097294937905	19.04613999999996
583	3.4301629854458606	4.453051612814737	19.04613999999996
583	3.428714258711301	4.466026955417206	19.04613999999996
583	3.427443854907789	4.479021657885	19.04613999999996
583	3.4263532578722145	4.492034055357807	19.04613999999996
583	3.4254439514414763	4.5050624829753145	19.04613999999996
583	3.424717419452469	4.518105275877209	19.04613999999996
583	3.4241751457420846	4.531160769203181	19.04613999999996
583	3.4238186141472173	4.544227298092919	19.04613999999996
583	3.4236493085047623	4.557303197686109	19.04613999999996
583	3.423668712651616	4.570386803122438	19.04613999999996
583	3.423878310424669	4.583476449541598	19.04613999999996
583	3.424279585660819	4.596570472083273	19.04613999999996
583	3.424874022196958	4.6096672058871535	19.04613999999996
583	3.425663103869983	4.622764986092925	19.04613999999996
583	3.426648092625745	4.6358620070717445	19.04613999999996
583	3.4278286068382067	4.648955420506403	19.04613999999996
583	3.429203526793545	4.6620419098339525	19.04613999999996
583	3.4307717292655555	4.675118156263177	19.04613999999996
583	3.4325320910280306	4.688180841002851	19.04613999999996
583	3.434483488854759	4.7012266452617615	19.04613999999996
583	3.4366247995195365	4.714252250248683	19.04613999999996
583	3.438954899796155	4.7272543371724005	19.04613999999996
583	3.441472666458408	4.740229587241691	19.04613999999996
583	3.444176976280086	4.753174681665336	19.04613999999996
583	3.447066706034984	4.766086301652117	19.04613999999996
583	3.450140732496892	4.778961128410812	19.04613999999996
583	3.453397932439604	4.791795843150203	19.04613999999996
583	3.456837182636912	4.80458712707907	19.04613999999996
583	3.460457359862609	4.817331661406191	19.04613999999996
583	3.464257340890487	4.830026127340352	19.04613999999996
583	3.4682360024943386	4.842667206090328	19.04613999999996
583	3.472392221447957	4.855251578864902	19.04613999999996
583	3.476724874525134	4.867775926872852	19.04613999999996
583	3.4812328384996625	4.880236931322962	19.04613999999996
583	3.4859149901453343	4.89263127342401	19.04613999999996
583	3.490770206235944	4.904955634384776	19.04613999999996
583	3.4957973635452806	4.917206695414042	19.04613999999996
583	3.5009953388471398	4.929381137720585	19.04613999999996
583	3.5063630089153124	4.941475642513192	19.04613999999996
583	3.511899250523592	4.953486891000636	19.04613999999996
583	3.517602940445771	4.9654115643917	19.04613999999996
583	3.523472955455641	4.977246343895167	19.04613999999996
583	3.529508172326996	4.988987910719812	19.04613999999996
583	3.5357074678336264	5.00063294607442	19.04613999999996
583	3.542069718749327	5.01217813116777	19.04613999999996
583	3.548593801847888	5.023620147208643	19.04613999999996
583	3.555278593903105	5.034955675405818	19.04613999999996
583	3.5621229716887672	5.046181396968075	19.04613999999996
583	3.56912581197867	5.057293993104196	19.04613999999996
583	3.5762859915466043	5.068290145022959	19.04613999999996
583	3.5836023871663625	5.079166533933147	19.04613999999996
583	3.5910738756117384	5.089919841043539	19.04613999999996
583	3.5986993336565227	5.100546747562915	19.04613999999996
583	3.60647763807451	5.111043934700057	19.04613999999996
583	3.614407665639492	5.121408083663743	19.04613999999996
583	3.62248829312526	5.131635875662756	19.04613999999996
583	3.630718397305607	5.141723991905876	19.04613999999996
583	3.639096854954327	5.15166911360188	19.04613999999996
583	3.647622542845212	5.161467921959551	19.04613999999996
583	3.656294337752053	5.171117098187668	19.04613999999996
583	3.665111116448646	5.180613323495014	19.04613999999996
583	3.67407175570878	5.189953279090368	19.04613999999996
583	3.683175132306248	5.199133646182508	19.04613999999996
583	3.692420119782776	5.208151115564938	19.04613999999996
583	3.7018051099854334	5.21700380650031	19.04613999999996
583	3.7113275060435895	5.225692770301135	19.04613999999996
583	3.7209845896952944	5.234219418266775	19.04613999999996
583	3.730773642678605	5.242585161696591	19.04613999999996
583	3.7406919467315767	5.250791411889945	19.04613999999996
583	3.750736783592265	5.258839580146198	19.04613999999996
583	3.7609054349987248	5.266731077764714	19.04613999999996
583	3.7711951826890098	5.27446731604485	19.04613999999996
583	3.781603308401176	5.282049706285974	19.04613999999996
583	3.792127093873279	5.289479659787444	19.04613999999996
583	3.802763820843375	5.296758587848621	19.04613999999996
583	3.813510771049517	5.303887901768867	19.04613999999996
583	3.8243652262297583	5.310869012847546	19.04613999999996
583	3.8353244681221583	5.317703332384019	19.04613999999996
583	3.846385778464772	5.324392271677644	19.04613999999996
583	3.85754643899565	5.330937242027787	19.04613999999996
583	3.868803731452851	5.337339654733809	19.04613999999996
583	3.880154937574429	5.343600921095071	19.04613999999996
583	3.89159733909844	5.3497224524109335	19.04613999999996
583	3.9031282177629394	5.35570565998076	19.04613999999996
583	3.91474485530598	5.361551955103912	19.04613999999996
583	3.926444533465619	5.3672627490797495	19.04613999999996
583	3.938224533979911	5.372839453207636	19.04613999999996
583	3.9500821385869087	5.3782834787869325	19.04613999999996
583	3.962014629024671	5.3835962371170005	19.04613999999996
583	3.9740192870312514	5.388779139497204	19.04613999999996
583	3.986093394344704	5.393833597226902	19.04613999999996
583	3.998234232703086	5.398761021605456	19.04613999999996
583	4.010439083844451	5.403562823932228	19.04613999999996
583	4.022705229506856	5.40824041550658	19.04613999999996
583	4.035029951428351	5.412795207627876	19.04613999999996
583	4.047410531346998	5.417228611595474	19.04613999999996
583	4.059844251000848	5.42154203870874	19.04613999999996
583	4.072328392127956	5.4257369002670295	19.04613999999996
583	4.084860236466378	5.42981460756971	19.04613999999996
583	4.097437065754169	5.433776571916139	19.04613999999996
583	4.110056161729385	5.437624204605682	19.04613999999996
583	4.12271480613008	5.441358916937698	19.04613999999996
583	4.13541028069431	5.444982120211551	19.04613999999996
583	4.148139867160128	5.4484952257266	19.04613999999996
583	4.160900847265591	5.451899644782207	19.04613999999996
583	4.173690502748755	5.455196788677736	19.04613999999996
583	4.186506115347672	5.458388068712546	19.04613999999996
583	4.1993449668004	5.461474896186001	19.04613999999996
583	4.212204338844993	5.464458682397461	19.04613999999996
583	4.225081513219505	5.4673408386462885	19.04613999999996
583	4.237973771661994	5.470122776231845	19.04613999999996
583	4.2508784030501205	5.472805897995929	19.04613999999996
583	4.263793375135798	5.475390802587552	19.04613999999996
583	4.276717884776914	5.477876632659763	19.04613999999996
583	4.289651258326126	5.48026237746642	19.04613999999996
583	4.302592822136091	5.4825470262613845	19.04613999999996
583	4.315541902559468	5.484729568298517	19.04613999999996
583	4.328497825948911	5.48680899283168	19.04613999999996
583	4.34145991865708	5.488784289114729	19.04613999999996
583	4.354427507036629	5.49065444640153	19.04613999999996
583	4.367399917440217	5.492418453945939	19.04613999999996
583	4.380376476220501	5.49407530100182	19.04613999999996
583	4.393356509730139	5.495623976823029	19.04613999999996
583	4.406339344321787	5.497063470663429	19.04613999999996
583	4.419324306348102	5.4983927717768815	19.04613999999996
583	4.43231072216174	5.499610869417245	19.04613999999996
583	4.445297918115361	5.50071675283838	19.04613999999996
583	4.458285220561617	5.501709411294148	19.04613999999996
583	4.471271955853172	5.502587834038408	19.04613999999996
583	4.484257450342677	5.503351010325021	19.04613999999996
583	4.497241030382793	5.503997929407849	19.04613999999996
583	4.510222022326175	5.504527580540749	19.04613999999996
583	4.523199752525481	5.504938952977584	19.04613999999996
583	4.536173547333368	5.505231035972215	19.04613999999996
583	4.549142733102491	5.505402818778499	19.04613999999996
583	4.562106636185512	5.5054532906503	19.04613999999996
583	4.575064582935083	5.505381440841475	19.04613999999996
583	4.588015899703863	5.505186258605887	19.04613999999996
583	4.600959912844509	5.504866733197398	19.04613999999996
583	4.613895948709679	5.504421853869863	19.04613999999996
583	4.626823333652029	5.503850609877146	19.04613999999996
583	4.639741394024217	5.503151990473106	19.04613999999996
583	4.652649456178897	5.502324984911605	19.04613999999996
583	4.665546846468731	5.501368582446503	19.04613999999996
583	4.678432891246373	5.500281772331658	19.04613999999996
583	4.691306916864479	5.499063543820935	19.04613999999996
583	4.70416824967571	5.497712886168189	19.04613999999996
583	4.717016216032719	5.496228788627285	19.04613999999996
583	4.729850142288167	5.494610240452079	19.04613999999996
583	4.742669354794707	5.492856230896438	19.04613999999996
583	4.755473179904999	5.490965749214214	19.04613999999996
583	4.768260943971698	5.4889377846592735	19.04613999999996
583	4.781031973347464	5.486771326485474	19.04613999999996
583	4.793785594384952	5.484465363946679	19.04613999999996
583	4.806521133436818	5.4820188862967445	19.04613999999996
583	4.81923791685572	5.479430882789535	19.04613999999996
583	4.831935270994318	5.476700342678907	19.04613999999996
583	4.8446125222052645	5.473826255218724	19.04613999999996
583	4.857268996841219	5.470807609662845	19.04613999999996
583	4.869904021254838	5.467643395265132	19.04613999999996
583	4.882516921798779	5.464332601279442	19.04613999999996
583	4.895107024825701	5.460874216959638	19.04613999999996
583	4.907673656688256	5.457267231559582	19.04613999999996
583	4.920216143739104	5.45351063433313	19.04613999999996
583	4.932733812330902	5.449603414534145	19.04613999999996
599	4.516990871428299	3.089981317519361	19.58093999999996
599	4.501612845686177	3.087943848198166	19.58093999999996
599	4.486207334268832	3.086099601349836	19.58093999999996
599	4.470777110240833	3.08444844744632	19.58093999999996
599	4.455324946666761	3.0829902569595617	19.58093999999996
599	4.439853616611182	3.0817249003615093	19.58093999999996
599	4.424365893138671	3.0806522481241103	19.58093999999996
599	4.408864549313801	3.079772170719309	19.58093999999996
599	4.393352358201145	3.079084538619054	19.58093999999996
599	4.377832092865275	3.0785892222952915	19.58093999999996
599	4.362306526370765	3.078286092219967	19.58093999999996
599	4.3467784317821865	3.0781750188650303	19.58093999999996
599	4.331250582164114	3.078255872702422	19.58093999999996
599	4.31572575058112	3.0785285242040903	19.58093999999996
599	4.300206710097776	3.078992843841985	19.58093999999996
599	4.284696233778656	3.0796487020880514	19.58093999999996
599	4.269197094688334	3.0804959694142324	19.58093999999996
599	4.2537120658913805	3.081534516292481	19.58093999999996
599	4.23824392045237	3.0827642131947366	19.58093999999996
599	4.222795431435876	3.084184930592952	19.58093999999996
599	4.207369371906467	3.0857965389590705	19.58093999999996
599	4.191968514928721	3.08759890876504	19.58093999999996
599	4.176595633567208	3.089591910482806	19.58093999999996
599	4.161253500886503	3.0917754145843146	19.58093999999996
599	4.145944889951178	3.094149291541512	19.58093999999996
599	4.130672573825805	3.096713411826345	19.58093999999996
599	4.115439325574958	3.099467645910762	19.58093999999996
599	4.100247918263211	3.1024118642667062	19.58093999999996
599	4.0851011249551314	3.10554593736613	19.58093999999996
599	4.070001718715299	3.1088697356809734	19.58093999999996
599	4.054952472608283	3.1123831296831863	19.58093999999996
599	4.039956159698658	3.116085989844712	19.58093999999996
599	4.025015553050993	3.1199781866375016	19.58093999999996
599	4.010133425729866	3.1240595905335	19.58093999999996
599	3.995312550799846	3.128330072004654	19.58093999999996
599	3.980555701325509	3.1327895015229066	19.58093999999996
599	3.9658656503714256	3.137437749560208	19.58093999999996
599	3.95124517100217	3.142274686588503	19.58093999999996
599	3.936697036282313	3.14730018307974	19.58093999999996
599	3.92222401927643	3.152514109505864	19.58093999999996
599	3.9078288930490905	3.1579163363388227	19.58093999999996
599	3.893514430664872	3.163506734050564	19.58093999999996
599	3.879283405188344	3.169285173113029	19.58093999999996
599	3.865138589684082	3.175251523998167	19.58093999999996
599	3.851082757216656	3.181405657177927	19.58093999999996
599	3.837118680850641	3.187747443124251	19.58093999999996
599	3.823249133650608	3.194276752309089	19.58093999999996
599	3.809476888681132	3.2009934552043875	19.58093999999996
599	3.795804719006784	3.207897422282092	19.58093999999996
599	3.782235397692137	3.2149885240141485	19.58093999999996
599	3.768771697801766	3.222266630872503	19.58093999999996
599	3.755416300059137	3.2297315133962456	19.58093999999996
599	3.742170767224117	3.2373817322483696	19.58093999999996
599	3.729035919082106	3.2452150440343326	19.58093999999996
599	3.716012562022749	3.253229190862526	19.58093999999996
599	3.703101502435699	3.261421914841333	19.58093999999996
599	3.6903035467106022	3.2697909580791444	19.58093999999996
599	3.677619501237108	3.278334062684352	19.58093999999996
599	3.665050172404863	3.2870489707653405	19.58093999999996
599	3.652596366603518	3.295933424430501	19.58093999999996
599	3.640258890222722	3.3049851657882208	19.58093999999996
599	3.628038549652122	3.3142019369468905	19.58093999999996
599	3.615936151281367	3.323581480014898	19.58093999999996
599	3.6039525015001046	3.333121537100633	19.58093999999996
599	3.592088406697985	3.342819850312484	19.58093999999996
599	3.580344673264658	3.352674161758838	19.58093999999996
599	3.5687221075897684	3.3626822135480845	19.58093999999996
599	3.557221516062968	3.372841747788613	19.58093999999996
599	3.545843705073905	3.3831505065888114	19.58093999999996
599	3.5345894810122265	3.3936062320570706	19.58093999999996
599	3.523459650267581	3.4042066663017767	19.58093999999996
599	3.5124550192296207	3.41494955143132	19.58093999999996
599	3.5015763942879903	3.425832629554088	19.58093999999996
599	3.49082458183234	3.4368536427784715	19.58093999999996
599	3.4802003882523165	3.448010333212859	19.58093999999996
599	3.469704619937572	3.4593004429656373	19.58093999999996
599	3.4593380832777534	3.4707217141451947	19.58093999999996
599	3.4491015846625084	3.482271888859924	19.58093999999996
599	3.4389959304814868	3.493948709218209	19.58093999999996
599	3.429021927124337	3.505749917328443	19.58093999999996
599	3.419180380980705	3.5176732552990133	19.58093999999996
599	3.409472098440244	3.5297164652383053	19.58093999999996
599	3.399897885892599	3.541877289254715	19.58093999999996
599	3.3904585497274216	3.5541534694566224	19.58093999999996
599	3.3811548963343583	3.5665427479524228	19.58093999999996
599	3.371987732103056	3.5790428668505045	19.58093999999996
599	3.362957863423168	3.591651568259252	19.58093999999996
599	3.3540660966843387	3.6043665942870575	19.58093999999996
599	3.34531323827622	3.617185687042309	19.58093999999996
599	3.336700094588458	3.630106588633394	19.58093999999996
599	3.328227472010702	3.6431270411687056	19.58093999999996
599	3.3198961769326023	3.656244786756627	19.58093999999996
599	3.311707015743805	3.669457567505552	19.58093999999996
599	3.30366079483396	3.682763125523864	19.58093999999996
599	3.295758320592715	3.6961592029199553	19.58093999999996
599	3.28800039940972	3.7096435418022136	19.58093999999996
599	3.2803878376746214	3.723213884279031	19.58093999999996
599	3.272921441777071	3.736867972458791	19.58093999999996
599	3.2656020181067147	3.750603548449885	19.58093999999996
599	3.2584303730532027	3.7644183543607017	19.58093999999996
599	3.251407313006184	3.77831013229963	19.58093999999996
599	3.2445336483500165	3.7922766279142905	19.58093999999996
599	3.237810341558396	3.806315721600408	19.58093999999996
599	3.2312385508399983	3.820425467170982	19.58093999999996
599	3.224819447301894	3.8346039298667143	19.58093999999996
599	3.21855420205115	3.848849174928316	19.58093999999996
599	3.2124439861948324	3.863159267596494	19.58093999999996
599	3.2064899708400083	3.877532273111961	19.58093999999996
599	3.2006933270937465	3.891966256715421	19.58093999999996
599	3.1950552260631127	3.906459283647584	19.58093999999996
599	3.1895768388551757	3.921009419149158	19.58093999999996
599	3.184259336577	3.9356147284608527	19.58093999999996
599	3.179103890335656	3.950273276823376	19.58093999999996
599	3.1741116712382103	3.964983129477434	19.58093999999996
599	3.1692838503917287	3.979742351663738	19.58093999999996
599	3.164621598903277	3.994549008622996	19.58093999999996
599	3.160126087879928	4.009401165595916	19.58093999999996
599	3.155798488428743	4.024296887823208	19.58093999999996
599	3.1516399716567944	4.039234240545576	19.58093999999996
599	3.147651708671144	4.054211289003734	19.58093999999996
599	3.143834870578864	4.069226098438387	19.58093999999996
599	3.14019062848702	4.084276734090242	19.58093999999996
599	3.136720153502677	4.099361261200013	19.58093999999996
599	3.1334246167329054	4.114477745008404	19.58093999999996
599	3.1303051892847717	4.129624250756124	19.58093999999996
599	3.1273630422653405	4.144798843683883	19.58093999999996
599	3.124599346781683	4.159999589032386	19.58093999999996
599	3.122015273940864	4.175224552042348	19.58093999999996
599	3.119611994849953	4.190471797954469	19.58093999999996
599	3.117390680616014	4.205739392009464	19.58093999999996
599	3.115352502346116	4.22102539944804	19.58093999999996
599	3.113498631147326	4.236327885510905	19.58093999999996
599	3.1118302381267124	4.2516449154387645	19.58093999999996
599	3.110348494391341	4.2669745544723305	19.58093999999996
599	3.1090545710482798	4.28231486785231	19.58093999999996
599	3.1079496392045947	4.297663920819413	19.58093999999996
599	3.1070348699673547	4.313019778614348	19.58093999999996
599	3.1063114344436262	4.32838050647782	19.58093999999996
599	3.1057805037404767	4.34374416965054	19.58093999999996
599	3.1054432489649737	4.359108833373218	19.58093999999996
599	3.1053008412241847	4.37447256288656	19.58093999999996
599	3.105354451625176	4.3898334234312735	19.58093999999996
599	3.105605251275014	4.405189480248071	19.58093999999996
599	3.1060544112807675	4.420538798577657	19.58093999999996
599	3.106703102749505	4.435879443660741	19.58093999999996
599	3.1075524967882906	4.451209480738031	19.58093999999996
599	3.108603764504194	4.466526975050238	19.58093999999996
599	3.109858077004282	4.481829991838067	19.58093999999996
599	3.11131660539562	4.49711659634223	19.58093999999996
599	3.1129805207852788	4.512384853803433	19.58093999999996
599	3.114850994280322	4.527632829462383	19.58093999999996
599	3.116929196987819	4.542858588559794	19.58093999999996
599	3.1192163000148363	4.558060196336368	19.58093999999996
599	3.121713474468441	4.5732357180328185	19.58093999999996
599	3.1244218843952942	4.588383214801209	19.58093999999996
599	3.1273419371536373	4.603500309599787	19.58093999999996
599	3.1304726202819397	4.618583803177481	19.58093999999996
599	3.1338127649298584	4.633630405719389	19.58093999999996
599	3.1373612022470545	4.648636827410602	19.58093999999996
599	3.1411167633831907	4.663599778436212	19.58093999999996
599	3.145078279487925	4.678515968981315	19.58093999999996
599	3.14924458171092	4.693382109231003	19.58093999999996
599	3.153614501201834	4.70819490937037	19.58093999999996
599	3.1581868691103296	4.72295107958451	19.58093999999996
599	3.162960516586066	4.737647330058514	19.58093999999996
599	3.167934274778704	4.752280370977477	19.58093999999996
599	3.1731069748379044	4.766846912526494	19.58093999999996
599	3.1784774479133286	4.781343664890654	19.58093999999996
599	3.1840445251546354	4.795767338255055	19.58093999999996
599	3.189807037711487	4.810114642804787	19.58093999999996
599	3.195763816733542	4.824382288724946	19.58093999999996
599	3.201913693370463	4.838566986200625	19.58093999999996
599	3.208255498771909	4.852665445416916	19.58093999999996
599	3.214788064087542	4.8666743765589136	19.58093999999996
599	3.2215102204670205	4.88059048981171	19.58093999999996
599	3.228420799060008	4.8944104953604	19.58093999999996
599	3.2355186310161623	4.908131103390074	19.58093999999996
599	3.242802547485145	4.9217490240858295	19.58093999999996
599	3.2502713796166165	4.935260967632758	19.58093999999996
599	3.257923958560238	4.948663644215953	19.58093999999996
599	3.265759115465669	4.9619537640205085	19.58093999999996
599	3.2737756814825705	4.975128037231517	19.58093999999996
599	3.2819724877606045	4.988183174034071	19.58093999999996
599	3.2903483654494283	5.001115884613266	19.58093999999996
599	3.2989021456987047	5.013922879154196	19.58093999999996
599	3.3076326596580943	5.026600867841949	19.58093999999996
599	3.3165387384772567	5.039146560861624	19.58093999999996
599	3.325619213305852	5.051556668398313	19.58093999999996
599	3.334872915293544	5.06382790063711	19.58093999999996
599	3.3442986755899877	5.075956967763108	19.58093999999996
599	3.35389532534485	5.087940579961397	19.58093999999996
599	3.3636616957077865	5.099775447417074	19.58093999999996
599	3.37359661782846	5.111458280315233	19.58093999999996
599	3.3836989228565297	5.122985788840964	19.58093999999996
599	3.393967441941657	5.134354683179366	19.58093999999996
599	3.404401006233504	5.145561673515527	19.58093999999996
599	3.4149984468817296	5.15660347003454	19.58093999999996
599	3.425758392027592	5.1674772128724165	19.58093999999996
599	3.436678442267751	5.178182218398955	19.58093999999996
599	3.447755873857353	5.188718489905917	19.58093999999996
599	3.4589879629276763	5.199086030947409	19.58093999999996
599	3.470371985609996	5.209284845077535	19.58093999999996
599	3.481905218035589	5.219314935850402	19.58093999999996
599	3.4935849363357345	5.229176306820119	19.58093999999996
599	3.505408416641705	5.238868961540789	19.58093999999996
599	3.51737293508478	5.248392903566522	19.58093999999996
599	3.529475767796237	5.257748136451422	19.58093999999996
599	3.5417141909073493	5.266934663749597	19.58093999999996
599	3.554085480549397	5.275952489015153	19.58093999999996
599	3.5665869128536545	5.284801615802196	19.58093999999996
599	3.5792157639513995	5.293482047664835	19.58093999999996
599	3.59196930997391	5.301993788157173	19.58093999999996
599	3.6048448270524607	5.310336840833319	19.58093999999996
599	3.617839591318329	5.3185112092473785	19.58093999999996
599	3.6309508789027913	5.326516896953461	19.58093999999996
599	3.644175965937127	5.334353907505667	19.58093999999996
599	3.657512128552608	5.342022244458107	19.58093999999996
599	3.6709566428805145	5.349521911364889	19.58093999999996
599	3.684506785052122	5.356852911780116	19.58093999999996
599	3.6981598311987054	5.364015249257898	19.58093999999996
599	3.711913057451545	5.3710089273523405	19.58093999999996
599	3.7257637399419177	5.377833949617546	19.58093999999996
599	3.739709154801097	5.384490319607628	19.58093999999996
599	3.7537465781603614	5.390978040876687	19.58093999999996
599	3.7678732861509854	5.397297116978835	19.58093999999996
599	3.782086554904251	5.403447551468172	19.58093999999996
599	3.796383660551428	5.409429347898811	19.58093999999996
599	3.8107618792237994	5.415242509824854	19.58093999999996
599	3.825218487052637	5.420887040800411	19.58093999999996
599	3.8397507601692222	5.426362944379584	19.58093999999996
599	3.854355974704827	5.431670224116486	19.58093999999996
599	3.8690314067907305	5.436808883565217	19.58093999999996
599	3.883774332558209	5.4417789262798895	19.58093999999996
599	3.8985820281385406	5.446580355814604	19.58093999999996
599	3.913451769663	5.451213175723472	19.58093999999996
599	3.9283808332628656	5.455677389560599	19.58093999999996
599	3.943366495069412	5.459973000880089	19.58093999999996
599	3.958406031213917	5.464100013236052	19.58093999999996
599	3.973496717827658	5.468058430182591	19.58093999999996
599	3.988635831041911	5.471848255273816	19.58093999999996
599	4.003820646987952	5.475469492063832	19.58093999999996
599	4.01904844179706	5.478922144106745	19.58093999999996
599	4.03431649160051	5.482206214956662	19.58093999999996
599	4.04962207252958	5.48532170816769	19.58093999999996
599	4.064962460715544	5.488268627293936	19.58093999999996
599	4.080334932289681	5.491046975889505	19.58093999999996
599	4.095736763383266	5.493656757508506	19.58093999999996
599	4.111165252374175	5.4960979642609225	19.58093999999996
599	4.126617980217246	5.498370442893176	19.58093999999996
599	4.142092722237496	5.500473940163556	19.58093999999996
599	4.157587257587196	5.50240820086153	19.58093999999996
599	4.17309936541861	5.504172969776575	19.58093999999996
599	4.188626824884006	5.505767991698157	19.58093999999996
599	4.204167415135651	5.507193011415751	19.58093999999996
599	4.219718915325814	5.508447773718824	19.58093999999996
599	4.235279104606758	5.509532023396851	19.58093999999996
599	4.250845762130754	5.510445505239303	19.58093999999996
599	4.266416667050069	5.511187964035648	19.58093999999996
599	4.281989598516968	5.511759144575361	19.58093999999996
599	4.297562335683719	5.512158791647911	19.58093999999996
599	4.313132657702589	5.51238665004277	19.58093999999996
599	4.328698343725846	5.512442464549407	19.58093999999996
599	4.344257172905755	5.512325979957298	19.58093999999996
599	4.3598069243945865	5.51203694105591	19.58093999999996
599	4.375345377344604	5.5115750926347165	19.58093999999996
599	4.390870310908076	5.510940179483187	19.58093999999996
599	4.406379504237272	5.510131946390794	19.58093999999996
599	4.421870736484455	5.5091501381470085	19.58093999999996
599	4.437341786801894	5.507994499541302	19.58093999999996
599	4.452790434341858	5.506664775363145	19.58093999999996
599	4.468214458256612	5.505160710402009	19.58093999999996
599	4.483611637698424	5.503482049447364	19.58093999999996
599	4.49897975181956	5.501628537288683	19.58093999999996
599	4.514316579772287	5.499599918715437	19.58093999999996
599	4.529619900708874	5.497395938517098	19.58093999999996
599	4.544887493781587	5.495016341483133	19.58093999999996
599	4.560117138142694	5.492460872403019	19.58093999999996
599	4.575306612944459	5.489729276066224	19.58093999999996
599	4.5904536973391545	5.486821297262219	19.58093999999996
599	4.605556170479043	5.483736680780476	19.58093999999996
599	4.620611811516394	5.4804751714104665	19.58093999999996
599	4.635618399603474	5.477036513941663	19.58093999999996
599	4.650573713892548	5.473420453163532	19.58093999999996
599	4.665475533535888	5.469626733865548	19.58093999999996
599	4.680321637685757	5.465655100837184	19.58093999999996
599	4.695109805494421	5.46150529886791	19.58093999999996
599	4.709837816114152	5.457177072747195	19.58093999999996
599	4.724503448697216	5.452670167264511	19.58093999999996
599	4.739104482395877	5.447984327209331	19.58093999999996
599	4.753638696362403	5.443119297371124	19.58093999999996
599	4.768103869749062	5.438074822539365	19.58093999999996
599	4.7824977817081225	5.43285064750352	19.58093999999996
599	4.796818211391851	5.427446517053063	19.58093999999996
599	4.811062937952512	5.4218621759774654	19.58093999999996
599	4.825229740542375	5.4160973690662	19.58093999999996
599	4.839316398313708	5.410151841108734	19.58093999999996
599	4.853320690418776	5.40402533689454	19.58093999999996
599	4.867240396009845	5.397717601213092	19.58093999999996
599	4.881073294239187	5.3912283788538575	19.58093999999996
599	4.894817164259064	5.384557414606309	19.58093999999996
599	4.908469785221746	5.37770445325992	19.58093999999996
599	4.922028936286678	5.370669239625144	19.58093999999996
599	4.935492529079685	5.363451905847099	19.58093999999996
599	4.948858946222375	5.356053961273043	19.58093999999996
599	4.962126674970945	5.348477221204142	19.58093999999996
599	4.97529420258161	5.340723500941562	19.58093999999996
599	4.988360016310571	5.332794615786469	19.58093999999996
599	5.001322603414032	5.324692381040029	19.58093999999996
599	5.014180451148198	5.3164186120034085	19.58093999999996
599	5.02693204676928	5.307975123977771	19.58093999999996
599	5.039575877533477	5.299363732264284	19.58093999999996
599	5.052110430696998	5.290586252164113	19.58093999999996
599	5.064534193516046	5.281644498978426	19.58093999999996
599	5.076845653246825	5.272540288008386	19.58093999999996
599	5.089043297145545	5.26327543455516	19.58093999999996
599	5.101125612468407	5.253851753919913	19.58093999999996
599	5.113091086471618	5.244271061403813	19.58093999999996
599	5.124938206411384	5.234535172308022	19.58093999999996
599	5.1366654595439085	5.224645901933711	19.58093999999996
599	5.148271333125397	5.21460506558204	19.58093999999996
599	5.159754314412056	5.204414478554179	19.58093999999996
599	5.171112890660089	5.194075956151295	19.58093999999996
599	5.1823455491257056	5.183591313674548	19.58093999999996
599	5.193450777065106	5.17296236642511	19.58093999999996
599	5.204427061734497	5.162190929704144	19.58093999999996
599	5.215272890390085	5.151278818812816	19.58093999999996
599	5.225986750288072	5.140227849052293	19.58093999999996
599	5.236567128684669	5.129039835723737	19.58093999999996
599	5.247012512836077	5.11771659412832	19.58093999999996
599	5.257321389998503	5.106259939567202	19.58093999999996
599	5.267492247428151	5.0946716873415525	19.58093999999996
599	5.2775235723812255	5.082953652752538	19.58093999999996
599	5.287413852113934	5.07110765110132	19.58093999999996
599	5.297161573882482	5.059135497689066	19.58093999999996
599	5.306765224943073	5.047039007816945	19.58093999999996
599	5.316223292551912	5.034819996786121	19.58093999999996
599	5.325534263965206	5.02248027989776	19.58093999999996
599	5.334696626439159	5.010021672453026	19.58093999999996
599	5.343708867229977	4.997445989753087	19.58093999999996
599	5.352569473593865	4.984755047099108	19.58093999999996
599	5.361276932787027	4.971950659792255	19.58093999999996
599	5.369829732065671	4.959034643133693	19.58093999999996
599	5.378226358686001	4.946008812424589	19.58093999999996
599	5.386465299904222	4.932874982966109	19.58093999999996
599	5.394545043238188	4.919634970380033	19.58093999999996
599	5.402464215906462	4.906290761471992	19.58093999999996
599	5.410221814519206	4.8928447956858285	19.58093999999996
599	5.417816896039239	4.879299586419191	19.58093999999996
599	5.425248517429381	4.865657647069728	19.58093999999996
599	5.432515735652444	4.8519214910350925	19.58093999999996
599	5.439617607671252	4.838093631712931	19.58093999999996
599	5.446553190448619	4.824176582500895	19.58093999999996
599	5.453321540947364	4.810172856796633	19.58093999999996
599	5.459921716130304	4.796084967997797	19.58093999999996
599	5.466352772960256	4.781915429502032	19.58093999999996
599	5.47261376840004	4.767666754706993	19.58093999999996
599	5.47870375941247	4.753341457010327	19.58093999999996
599	5.4846218029603655	4.738942049809684	19.58093999999996
599	5.490366956006545	4.724471046502716	19.58093999999996
599	5.495938275513825	4.709930960487069	19.58093999999996
599	5.501334818445024	4.695324305160395	19.58093999999996
599	5.506555641762956	4.680653593920344	19.58093999999996
599	5.511599802430443	4.665921340164563	19.58093999999996
599	5.516466357410301	4.651130057290707	19.58093999999996
599	5.521154363665349	4.63628225869642	19.58093999999996
599	5.525662878158401	4.621380457779354	19.58093999999996
599	5.52999095785228	4.606427167937159	19.58093999999996
599	5.534137659709797	4.591424902567487	19.58093999999996
599	5.538102040693774	4.576376175067984	19.58093999999996
599	5.54188315776703	4.561283498836301	19.58093999999996
599	5.5454800678923775	4.5461493872700895	19.58093999999996
599	5.548891828032638	4.530976353766995	19.58093999999996
599	5.552117495150628	4.515766911724673	19.58093999999996
599	5.555156126209164	4.500523574540768	19.58093999999996
599	5.558006778171067	4.485248855612935	19.58093999999996
599	5.560668507999151	4.469945268338815	19.58093999999996
599	5.563140372656235	4.454615326116068	19.58093999999996
599	5.565421429105137	4.439261542342338	19.58093999999996
599	5.567510734308675	4.4238864304152745	19.58093999999996
599	5.569407345229662	4.40849250373253	19.58093999999996
599	5.571110318830923	4.393082275691754	19.58093999999996
599	5.572618712075269	4.377658259690593	19.58093999999996
599	5.573931581925524	4.3622229691267	19.58093999999996
599	5.575047985344501	4.346778917397721	19.58093999999996
599	5.575966979295018	4.331328617901311	19.58093999999996
599	5.576687620739893	4.315874584035116	19.58093999999996
599	5.577208966641943	4.300419329196788	19.58093999999996
599	5.577530073963988	4.2849653667839736	19.58093999999996
599	5.577649999668845	4.269515210194326	19.58093999999996
599	5.577567800719329	4.254071372825493	19.58093999999996
599	5.577282534078262	4.238636368075123	19.58093999999996
599	5.576793256708456	4.223212709340872	19.58093999999996
599	5.576099025572733	4.20780291002038	19.58093999999996
599	5.575198897633908	4.192409483511305	19.58093999999996
599	5.574091929854802	4.177034943211294	19.58093999999996
599	5.57277717919823	4.161681802517993	19.58093999999996
599	5.571253702627009	4.1463525748290575	19.58093999999996
599	5.569520557103958	4.131049773542134	19.58093999999996
599	5.567576799591892	4.115775912054876	19.58093999999996
599	5.5654214870536345	4.100533503764927	19.58093999999996
599	5.563053676451998	4.085325062069942	19.58093999999996
599	5.560472501639469	4.070153091676799	19.58093999999996
599	5.557678403179588	4.055019949596022	19.58093999999996
599	5.554672913951076	4.039927869374746	19.58093999999996
599	5.551457600410973	4.024879080764779	19.58093999999996
599	5.54803402901632	4.009875813517932	19.58093999999996
599	5.5444037662241605	3.9949202973860087	19.58093999999996
599	5.540568378491529	3.980014762120823	19.58093999999996
599	5.536529432275472	3.965161437474176	19.58093999999996
599	5.532288494033025	3.950362553197884	19.58093999999996
599	5.527847130221233	3.9356203390437514	19.58093999999996
599	5.5232069072971335	3.920937024763585	19.58093999999996
599	5.518369391717767	3.906314840109197	19.58093999999996
599	5.513336149940176	3.891756014832393	19.58093999999996
599	5.508108748421399	3.8772627786849823	19.58093999999996
599	5.502688753618478	3.862837361418773	19.58093999999996
599	5.49707773198845	3.848481992785575	19.58093999999996
599	5.49127724998836	3.834198902537196	19.58093999999996
599	5.485288874075248	3.8199903204254415	19.58093999999996
599	5.47911417070615	3.8058584762021246	19.58093999999996
599	5.472754706338113	3.7918055996190514	19.58093999999996
599	5.466212047428169	3.777833920428029	19.58093999999996
599	5.459487760433367	3.763945668380869	19.58093999999996
599	5.452583411810743	3.750143073229375	19.58093999999996
599	5.445500568017338	3.73642836472536	19.58093999999996
599	5.438240795510193	3.7228037726206304	19.58093999999996
599	5.4308056607463495	3.709271526666996	19.58093999999996
599	5.423196730182845	3.695833856616264	19.58093999999996
599	5.415415570276723	3.68249299222024	19.58093999999996
599	5.407463747485023	3.6692511632307374	19.58093999999996
599	5.399342828264785	3.656110599399562	19.58093999999996
599	5.391054379073047	3.643073530478524	19.58093999999996
599	5.382599966366854	3.6301421862194303	19.58093999999996
599	5.373981156603247	3.617318796374088	19.58093999999996
599	5.365199516239262	3.604605590694305	19.58093999999996
599	5.356256611731943	3.592004798931894	19.58093999999996
599	5.347154009538325	3.5795186508386605	19.58093999999996
599	5.337893276115456	3.567149376166414	19.58093999999996
599	5.328475977920373	3.5548992046669623	19.58093999999996
599	5.318903681410115	3.542770366092114	19.58093999999996
599	5.309177953041725	3.530765090193677	19.58093999999996
599	5.299300359272242	3.51888560672346	19.58093999999996
599	5.289272466558707	3.5071341454332714	19.58093999999996
599	5.27909584135816	3.4955129360749178	19.58093999999996
599	5.268772050127641	3.4840242084002124	19.58093999999996
599	5.258302659324193	3.472670192160959	19.58093999999996
599	5.247689235404856	3.4614531171089657	19.58093999999996
599	5.2369333448266655	3.4503752129960468	19.58093999999996
599	5.2260366227376345	3.4394385448664915	19.58093999999996
599	5.215001049319851	3.428644350440324	19.58093999999996
599	5.203828712855382	3.4179936082349345	19.58093999999996
599	5.192521701663972	3.4074872966773864	19.58093999999996
599	5.181082104065366	3.397126394194741	19.58093999999996
599	5.169512008379303	3.3869118792140585	19.58093999999996
599	5.1578135029255305	3.3768447301623983	19.58093999999996
599	5.145988676023787	3.366925925466828	19.58093999999996
599	5.134039615993818	3.357156443554403	19.58093999999996
599	5.121968411155367	3.3475372628521907	19.58093999999996
599	5.109777149828174	3.3380693617872472	19.58093999999996
599	5.097467920331987	3.328753718786637	19.58093999999996
599	5.085042810986541	3.3195913122774217	19.58093999999996
599	5.0725039101115845	3.3105831206866627	19.58093999999996
599	5.05985330602686	3.30173012244142	19.58093999999996
599	5.04709308705211	3.2930332959687574	19.58093999999996
599	5.034225341507076	3.284493619695737	19.58093999999996
599	5.021252157711502	3.276112072049417	19.58093999999996
599	5.008175623985131	3.2678896314568613	19.58093999999996
599	4.994997828647705	3.2598272763451317	19.58093999999996
599	4.981720860018966	3.2519259851412903	19.58093999999996
599	4.968346806418661	3.244186736272396	19.58093999999996
599	4.95487775616653	3.236610508165512	19.58093999999996
599	4.941315797582316	3.2291982792477016	19.58093999999996
599	4.927663018985761	3.221951027946024	19.58093999999996
599	4.913921508696609	3.214869732687542	19.58093999999996
599	4.900093355034604	3.207955371899316	19.58093999999996
599	4.8861806463194855	3.2012089240084087	19.58093999999996
599	4.872185470871001	3.1946313674418816	19.58093999999996
599	4.85810991700889	3.1882236806267947	19.58093999999996
599	4.843956073052895	3.1819868419902138	19.58093999999996
599	4.829726027322761	3.175921829959196	19.58093999999996
599	4.81542186813823	3.170029622960805	19.58093999999996
599	4.801045683819047	3.1643111994221	19.58093999999996
599	4.786599562684951	3.158767537770145	19.58093999999996
599	4.772085593055686	3.1533996164320053	19.58093999999996
599	4.757505863250998	3.148208413834733	19.58093999999996
599	4.742862461590626	3.1431949084053965	19.58093999999996
599	4.728157476394313	3.1383600785710586	19.58093999999996
599	4.713392995981804	3.133704902758775	19.58093999999996
599	4.698571108672842	3.129230359395613	19.58093999999996
599	4.6836939027871685	3.1249374269086285	19.58093999999996
599	4.668763466644528	3.120827083724889	19.58093999999996
599	4.65378188856466	3.116900308271452	19.58093999999996
599	4.638751256867312	3.113158078975381	19.58093999999996
599	4.623673659872222	3.109601374263736	19.58093999999996
599	4.608551185899138	3.1062311725635814	19.58093999999996
599	4.593385923267799	3.103048452301977	19.58093999999996
599	4.578179960297949	3.100054191905984	19.58093999999996
599	4.562935385309332	3.097249369802663	19.58093999999996
599	4.547654286621689	3.094634964419078	19.58093999999996
599	4.532338752554764	3.0922119541822903	19.58093999999996
599	4.5169908714283	3.08998131751936	19.58093999999996
