4.196430000000000327e+00,-2.225140079999999898e+02,1.661390014999999948e+03
3.854379999999999917e+00,-2.227369999999999948e+02,1.661439941000000090e+03
3.500599999999999934e+00,-2.229720000000000084e+02,1.661489990000000034e+03
3.134869999999999823e+00,-2.232220000000000084e+02,1.661550048999999944e+03
2.761750000000000149e+00,-2.234830019999999990e+02,1.661599975999999970e+03
2.388799999999999812e+00,-2.237500000000000000e+02,1.661650024000000030e+03
2.023499999999999854e+00,-2.240140079999999898e+02,1.661689941000000090e+03
1.670520000000000005e+00,-2.242649989999999889e+02,1.661729980000000069e+03
1.330819999999999892e+00,-2.244969940000000008e+02,1.661760009999999966e+03
1.002939999999999943e+00,-2.247070009999999911e+02,1.661780029000000013e+03
6.852669999999999595e-01,-2.248930049999999881e+02,1.661790038999999979e+03
3.777300000000000102e-01,-2.250570069999999987e+02,1.661800048999999944e+03
8.164100000000000523e-02,-2.251979980000000126e+02,1.661810058999999910e+03
-2.020349999999999924e-01,-2.253179930000000013e+02,1.661810058999999910e+03
-4.749689999999999745e-01,-2.254159999999999968e+02,1.661810058999999910e+03
-7.430970000000000075e-01,-2.254940029999999922e+02,1.661800048999999944e+03
-1.016780000000000017e+00,-2.255489959999999883e+02,1.661790038999999979e+03
-1.309260000000000090e+00,-2.255829929999999877e+02,1.661790038999999979e+03
-1.633990000000000054e+00,-2.255939940000000092e+02,1.661780029000000013e+03
-2.001489999999999991e+00,-2.255850069999999903e+02,1.661780029000000013e+03
-2.417129999999999779e+00,-2.255579989999999952e+02,1.661790038999999979e+03
-2.880290000000000017e+00,-2.255180049999999881e+02,1.661810058999999910e+03
-3.384990000000000165e+00,-2.254750060000000076e+02,1.661829956000000038e+03
-3.921450000000000102e+00,-2.254409939999999892e+02,1.661859985000000052e+03
-4.477439999999999642e+00,-2.254279940000000124e+02,1.661880004999999983e+03
-5.039290000000000269e+00,-2.254470059999999876e+02,1.661910033999999996e+03
-5.592590000000000394e+00,-2.255050050000000113e+02,1.661949951000000056e+03
-6.123409999999999798e+00,-2.256049959999999999e+02,1.661979980000000069e+03
-6.620169999999999888e+00,-2.257420040000000085e+02,1.662020019999999931e+03
-7.076030000000000264e+00,-2.259120029999999986e+02,1.662069946000000073e+03
-7.490599999999999703e+00,-2.261049959999999999e+02,1.662109985000000052e+03
-7.870149999999999757e+00,-2.263119959999999935e+02,1.662160033999999996e+03
-8.226089999999999236e+00,-2.265260010000000079e+02,1.662209961000000021e+03
-8.572269999999999612e+00,-2.267389980000000094e+02,1.662250000000000000e+03
-8.922050000000000480e+00,-2.269439999999999884e+02,1.662290038999999979e+03
-9.286049999999999471e+00,-2.271360019999999906e+02,1.662329956000000038e+03
-9.670870000000000744e+00,-2.273099980000000073e+02,1.662369995000000017e+03
-1.007869999999999955e+01,-2.274629970000000014e+02,1.662410033999999996e+03
-1.050750000000000028e+01,-2.275899960000000135e+02,1.662439941000000090e+03
-1.095209999999999972e+01,-2.276889950000000056e+02,1.662459961000000021e+03
-1.140549999999999997e+01,-2.277599950000000035e+02,1.662479980000000069e+03
-1.186040000000000028e+01,-2.278040009999999995e+02,1.662489990000000034e+03
-1.231070000000000064e+01,-2.278240049999999997e+02,1.662500000000000000e+03
-1.275309999999999988e+01,-2.278249969999999962e+02,1.662510009999999966e+03
-1.318699999999999939e+01,-2.278119959999999935e+02,1.662520019999999931e+03
-1.361480000000000068e+01,-2.277920070000000123e+02,1.662540038999999979e+03
-1.404049999999999976e+01,-2.277680049999999881e+02,1.662560058999999910e+03
-1.446899999999999942e+01,-2.277460020000000043e+02,1.662579956000000038e+03
-1.490530000000000044e+01,-2.277279969999999878e+02,1.662619995000000017e+03
-1.535389999999999944e+01,-2.277169949999999972e+02,1.662660033999999996e+03
-1.581750000000000078e+01,-2.277140049999999860e+02,1.662709961000000021e+03
-1.629439899999999852e+01,-2.277189940000000092e+02,1.662780029000000013e+03
-1.677749999999999986e+01,-2.277350010000000111e+02,1.662849975999999970e+03
-1.725369999999999848e+01,-2.277619929999999897e+02,1.662939941000000090e+03
-1.770669900000000041e+01,-2.277989959999999883e+02,1.663040038999999979e+03
-1.812109900000000096e+01,-2.278459929999999929e+02,1.663150024000000030e+03
-1.848660100000000028e+01,-2.278999939999999924e+02,1.663260009999999966e+03
-1.880059999999999931e+01,-2.279609989999999868e+02,1.663359985000000052e+03
-1.906790000000000163e+01,-2.280269930000000045e+02,1.663469970999999987e+03
-1.929879999999999995e+01,-2.280989989999999921e+02,1.663579956000000038e+03
-1.950530099999999933e+01,-2.281770019999999874e+02,1.663699951000000056e+03
-1.969790100000000166e+01,-2.282630000000000052e+02,1.663829956000000038e+03
-1.988360000000000127e+01,-2.283560029999999870e+02,1.663969970999999987e+03
-2.006520099999999829e+01,-2.284559940000000040e+02,1.664130004999999983e+03
-2.024220100000000144e+01,-2.285630040000000065e+02,1.664310058999999910e+03
-2.041229999999999833e+01,-2.286750030000000038e+02,1.664489990000000034e+03
-2.057250000000000156e+01,-2.287899930000000097e+02,1.664689941000000090e+03
-2.072060000000000102e+01,-2.289089969999999994e+02,1.664900024000000030e+03
-2.085519999999999996e+01,-2.290299990000000037e+02,1.665099975999999970e+03
-2.097660099999999872e+01,-2.291540070000000071e+02,1.665300048999999944e+03
-2.108609999999999829e+01,-2.292799990000000037e+02,1.665500000000000000e+03
-2.118580100000000144e+01,-2.294089969999999994e+02,1.665689941000000090e+03
-2.127749999999999986e+01,-2.295420070000000123e+02,1.665890014999999948e+03
-2.136280100000000104e+01,-2.296759950000000003e+02,1.666079956000000038e+03
-2.144219999999999970e+01,-2.298099980000000073e+02,1.666270019999999931e+03
-2.151610000000000156e+01,-2.299409939999999892e+02,1.666469970999999987e+03
-2.158449900000000099e+01,-2.300670010000000048e+02,1.666660033999999996e+03
-2.164819900000000175e+01,-2.301869959999999935e+02,1.666849975999999970e+03
-2.170809900000000070e+01,-2.303009950000000003e+02,1.667030029000000013e+03
-2.176589999999999847e+01,-2.304100039999999865e+02,1.667219970999999987e+03
-2.182339999999999947e+01,-2.305160060000000044e+02,1.667420043999999962e+03
-2.188170099999999962e+01,-2.306199949999999887e+02,1.667619995000000017e+03
-2.194160099999999858e+01,-2.307209929999999929e+02,1.667829956000000038e+03
-2.200250099999999875e+01,-2.308200070000000039e+02,1.668040038999999979e+03
-2.206380100000000155e+01,-2.309149930000000097e+02,1.668250000000000000e+03
-2.212450000000000117e+01,-2.310070039999999949e+02,1.668449951000000056e+03
-2.218390099999999876e+01,-2.310950009999999963e+02,1.668650024000000030e+03
-2.224220100000000144e+01,-2.311810000000000116e+02,1.668839966000000004e+03
-2.230030100000000104e+01,-2.312649989999999889e+02,1.669030029000000013e+03
-2.235979999999999990e+01,-2.313489989999999921e+02,1.669219970999999987e+03
-2.242250100000000046e+01,-2.314360049999999944e+02,1.669420043999999962e+03
-2.248990099999999970e+01,-2.315249939999999924e+02,1.669650024000000030e+03
-2.256299999999999883e+01,-2.316179960000000051e+02,1.669900024000000030e+03
-2.264170100000000119e+01,-2.317149960000000135e+02,1.670170043999999962e+03
-2.272520099999999843e+01,-2.318130040000000065e+02,1.670479980000000069e+03
-2.281170099999999934e+01,-2.319120029999999986e+02,1.670819946000000073e+03
-2.289849999999999852e+01,-2.320070039999999949e+02,1.671189941000000090e+03
-2.298300000000000054e+01,-2.320970000000000084e+02,1.671579956000000038e+03
-2.306220100000000173e+01,-2.321770019999999874e+02,1.671969970999999987e+03
-2.313390000000000057e+01,-2.322449949999999887e+02,1.672369995000000017e+03
-2.319660000000000011e+01,-2.322980039999999917e+02,1.672750000000000000e+03
-2.325000000000000000e+01,-2.323359989999999868e+02,1.673089966000000004e+03
-2.329429999999999978e+01,-2.323600010000000111e+02,1.673400024000000030e+03
-2.333029900000000012e+01,-2.323710020000000043e+02,1.673670043999999962e+03
-2.335869999999999891e+01,-2.323719940000000008e+02,1.673890014999999948e+03
-2.338040000000000163e+01,-2.323659969999999930e+02,1.674079956000000038e+03
-2.339600000000000080e+01,-2.323529969999999878e+02,1.674239990000000034e+03
-2.340619999999999834e+01,-2.323320009999999911e+02,1.674380004999999983e+03
-2.341169899999999870e+01,-2.323049929999999961e+02,1.674520019999999931e+03
-2.341349999999999909e+01,-2.322680049999999881e+02,1.674670043999999962e+03
-2.341270099999999843e+01,-2.322189940000000092e+02,1.674839966000000004e+03
-2.341090000000000160e+01,-2.321589969999999994e+02,1.675020019999999931e+03
-2.340990100000000140e+01,-2.320870060000000024e+02,1.675239990000000034e+03
-2.341140000000000043e+01,-2.320030059999999992e+02,1.675479980000000069e+03
-2.341620100000000093e+01,-2.319100039999999865e+02,1.675750000000000000e+03
-2.342390100000000075e+01,-2.318110049999999944e+02,1.676040038999999979e+03
-2.343309999999999960e+01,-2.317090000000000032e+02,1.676339966000000004e+03
-2.344210100000000097e+01,-2.316109920000000102e+02,1.676640014999999948e+03
-2.344960000000000022e+01,-2.315209959999999967e+02,1.676949951000000056e+03
-2.345509900000000059e+01,-2.314420010000000048e+02,1.677260009999999966e+03
-2.345870000000000033e+01,-2.313800050000000113e+02,1.677569946000000073e+03
-2.346099999999999852e+01,-2.313359989999999868e+02,1.677880004999999983e+03
-2.346199999999999974e+01,-2.313119959999999935e+02,1.678189941000000090e+03
-2.346139900000000011e+01,-2.313079989999999952e+02,1.678500000000000000e+03
-2.345879899999999907e+01,-2.313249969999999962e+02,1.678819946000000073e+03
-2.345439899999999867e+01,-2.313589939999999956e+02,1.679140014999999948e+03
-2.344899900000000059e+01,-2.314060059999999908e+02,1.679469970999999987e+03
-2.344409900000000135e+01,-2.314629970000000014e+02,1.679790038999999979e+03
-2.344210100000000097e+01,-2.315249939999999924e+02,1.680099975999999970e+03
-2.344490100000000155e+01,-2.315850069999999903e+02,1.680410033999999996e+03
-2.345449999999999946e+01,-2.316419980000000010e+02,1.680699951000000056e+03
-2.347159999999999869e+01,-2.316929930000000013e+02,1.680969970999999987e+03
-2.349620099999999923e+01,-2.317400049999999965e+02,1.681239990000000034e+03
-2.352749999999999986e+01,-2.317830050000000028e+02,1.681510009999999966e+03
-2.356380100000000155e+01,-2.318249969999999962e+02,1.681780029000000013e+03
-2.360300099999999901e+01,-2.318679960000000051e+02,1.682069946000000073e+03
-2.364249999999999829e+01,-2.319129939999999976e+02,1.682380004999999983e+03
-2.367960000000000065e+01,-2.319609989999999868e+02,1.682709961000000021e+03
-2.371170000000000044e+01,-2.320119929999999897e+02,1.683050048999999944e+03
-2.373660100000000028e+01,-2.320670010000000048e+02,1.683400024000000030e+03
-2.375309899999999885e+01,-2.321260069999999871e+02,1.683739990000000034e+03
-2.376099999999999923e+01,-2.321869959999999935e+02,1.684079956000000038e+03
-2.376129900000000106e+01,-2.322489930000000129e+02,1.684400024000000030e+03
-2.375569899999999990e+01,-2.323110049999999944e+02,1.684699951000000056e+03
-2.374620099999999923e+01,-2.323690029999999922e+02,1.684979980000000069e+03
-2.373430099999999854e+01,-2.324210050000000081e+02,1.685229980000000069e+03
-2.372100100000000111e+01,-2.324680020000000127e+02,1.685459961000000021e+03
-2.370639999999999858e+01,-2.325099950000000035e+02,1.685670043999999962e+03
-2.369020099999999829e+01,-2.325489959999999883e+02,1.685880004999999983e+03
-2.367190000000000083e+01,-2.325879970000000014e+02,1.686089966000000004e+03
-2.365099899999999877e+01,-2.326280059999999992e+02,1.686300048999999944e+03
-2.362750099999999875e+01,-2.326699979999999925e+02,1.686530029000000013e+03
-2.360180099999999825e+01,-2.327129970000000014e+02,1.686760009999999966e+03
-2.357410000000000139e+01,-2.327559970000000078e+02,1.687010009999999966e+03
-2.354459999999999908e+01,-2.327969970000000046e+02,1.687250000000000000e+03
-2.351330000000000098e+01,-2.328359989999999868e+02,1.687500000000000000e+03
-2.347950000000000159e+01,-2.328730009999999879e+02,1.687750000000000000e+03
-2.344239999999999924e+01,-2.329089969999999994e+02,1.688010009999999966e+03
-2.340119899999999831e+01,-2.329470059999999876e+02,1.688290038999999979e+03
-2.335510100000000122e+01,-2.329900049999999965e+02,1.688579956000000038e+03
-2.330409999999999826e+01,-2.330379939999999976e+02,1.688890014999999948e+03
-2.324889900000000154e+01,-2.330899960000000135e+02,1.689209961000000021e+03
-2.319059899999999885e+01,-2.331470030000000122e+02,1.689550048999999944e+03
-2.313080000000000069e+01,-2.332030029999999954e+02,1.689880004999999983e+03
-2.307069999999999865e+01,-2.332579959999999915e+02,1.690209961000000021e+03
-2.301050000000000040e+01,-2.333090060000000108e+02,1.690530029000000013e+03
-2.294940000000000069e+01,-2.333549959999999999e+02,1.690839966000000004e+03
-2.288500000000000156e+01,-2.333970030000000122e+02,1.691130004999999983e+03
-2.281489900000000048e+01,-2.334329989999999952e+02,1.691420043999999962e+03
-2.273640100000000075e+01,-2.334660030000000006e+02,1.691719970999999987e+03
-2.264819900000000175e+01,-2.334960020000000043e+02,1.692040038999999979e+03
-2.255030100000000104e+01,-2.335220030000000122e+02,1.692359985000000052e+03
-2.244440099999999916e+01,-2.335460050000000081e+02,1.692699951000000056e+03
-2.233330000000000126e+01,-2.335659939999999892e+02,1.693030029000000013e+03
-2.221989999999999910e+01,-2.335840000000000032e+02,1.693369995000000017e+03
-2.210660000000000025e+01,-2.335980069999999955e+02,1.693689941000000090e+03
-2.199439999999999884e+01,-2.336080019999999990e+02,1.694010009999999966e+03
-2.188299900000000164e+01,-2.336139980000000094e+02,1.694319946000000073e+03
-2.177100000000000080e+01,-2.336170040000000085e+02,1.694630004999999983e+03
-2.165690000000000026e+01,-2.336179960000000051e+02,1.694939941000000090e+03
-2.154019900000000121e+01,-2.336170040000000085e+02,1.695239990000000034e+03
-2.142149900000000073e+01,-2.336170040000000085e+02,1.695550048999999944e+03
-2.130299899999999980e+01,-2.336150049999999965e+02,1.695839966000000004e+03
-2.118750000000000000e+01,-2.336130070000000103e+02,1.696119995000000017e+03
-2.107740000000000080e+01,-2.336089939999999956e+02,1.696390014999999948e+03
-2.097439999999999927e+01,-2.336009980000000041e+02,1.696640014999999948e+03
-2.087809899999999885e+01,-2.335890049999999860e+02,1.696869995000000017e+03
-2.078610000000000113e+01,-2.335720059999999876e+02,1.697089966000000004e+03
-2.069459900000000019e+01,-2.335509950000000003e+02,1.697310058999999910e+03
-2.059929999999999950e+01,-2.335229950000000088e+02,1.697530029000000013e+03
-2.049599999999999866e+01,-2.334889980000000094e+02,1.697760009999999966e+03
-2.038179999999999836e+01,-2.334450070000000039e+02,1.698020019999999931e+03
-2.025540000000000163e+01,-2.333910060000000044e+02,1.698300048999999944e+03
-2.011730000000000018e+01,-2.333240049999999997e+02,1.698599975999999970e+03
-1.997009999999999863e+01,-2.332469940000000008e+02,1.698920043999999962e+03
-1.981759999999999877e+01,-2.331629939999999976e+02,1.699260009999999966e+03
-1.966440000000000055e+01,-2.330769960000000083e+02,1.699599975999999970e+03
-1.951429900000000117e+01,-2.329929960000000051e+02,1.699949951000000056e+03
-1.936980099999999894e+01,-2.329129939999999976e+02,1.700280029000000013e+03
-1.923189899999999852e+01,-2.328379970000000014e+02,1.700609985000000052e+03
-1.910020099999999843e+01,-2.327669980000000010e+02,1.700920043999999962e+03
-1.897349900000000034e+01,-2.326990049999999997e+02,1.701239990000000034e+03
-1.885079999999999956e+01,-2.326329959999999915e+02,1.701540038999999979e+03
-1.873080099999999959e+01,-2.325670010000000048e+02,1.701839966000000004e+03
-1.861220000000000141e+01,-2.325019990000000121e+02,1.702130004999999983e+03
-1.849379899999999921e+01,-2.324380040000000065e+02,1.702420043999999962e+03
-1.837480000000000047e+01,-2.323739930000000129e+02,1.702699951000000056e+03
-1.825449899999999914e+01,-2.323099980000000073e+02,1.702979980000000069e+03
-1.813340000000000174e+01,-2.322460020000000043e+02,1.703250000000000000e+03
-1.801219899999999896e+01,-2.321829989999999952e+02,1.703530029000000013e+03
-1.789199999999999946e+01,-2.321210020000000043e+02,1.703800048999999944e+03
-1.777420000000000044e+01,-2.320610049999999944e+02,1.704060058999999910e+03
-1.765970000000000084e+01,-2.320039979999999957e+02,1.704310058999999910e+03
-1.754870000000000019e+01,-2.319499969999999962e+02,1.704550048999999944e+03
-1.744039899999999932e+01,-2.318999939999999924e+02,1.704780029000000013e+03
-1.733259999999999934e+01,-2.318520049999999912e+02,1.705020019999999931e+03
-1.722260100000000094e+01,-2.318060000000000116e+02,1.705250000000000000e+03
-1.710800000000000054e+01,-2.317590030000000070e+02,1.705479980000000069e+03
-1.698829999999999885e+01,-2.317109989999999868e+02,1.705719970999999987e+03
-1.686529900000000026e+01,-2.316609950000000140e+02,1.705949951000000056e+03
-1.674259899999999845e+01,-2.316100010000000111e+02,1.706170043999999962e+03
-1.662389900000000154e+01,-2.315579989999999952e+02,1.706380004999999983e+03
-1.651079899999999867e+01,-2.315019990000000121e+02,1.706569946000000073e+03
-1.640189900000000023e+01,-2.314420010000000048e+02,1.706770019999999931e+03
-1.629260100000000122e+01,-2.313730009999999879e+02,1.706969970999999987e+03
-1.617729900000000143e+01,-2.312920070000000123e+02,1.707189941000000090e+03
-1.605150000000000077e+01,-2.311990049999999997e+02,1.707430053999999927e+03
-1.591310000000000002e+01,-2.310939940000000092e+02,1.707709961000000021e+03
-1.576280000000000037e+01,-2.309790040000000033e+02,1.708010009999999966e+03
-1.560280000000000022e+01,-2.308569950000000119e+02,1.708329956000000038e+03
-1.543510000000000026e+01,-2.307290040000000033e+02,1.708670043999999962e+03
-1.526050000000000040e+01,-2.305970000000000084e+02,1.709020019999999931e+03
-1.507779999999999987e+01,-2.304600069999999903e+02,1.709380004999999983e+03
-1.488560000000000016e+01,-2.303170010000000048e+02,1.709750000000000000e+03
-1.468270000000000053e+01,-2.301670070000000123e+02,1.710140014999999948e+03
-1.447049999999999947e+01,-2.300119929999999897e+02,1.710530029000000013e+03
-1.425270000000000081e+01,-2.298549959999999999e+02,1.710930053999999927e+03
-1.403550000000000075e+01,-2.296999969999999962e+02,1.711319946000000073e+03
-1.382569999999999943e+01,-2.295520019999999874e+02,1.711699951000000056e+03
-1.362870000000000026e+01,-2.294140010000000132e+02,1.712040038999999979e+03
-1.344720000000000049e+01,-2.292879939999999976e+02,1.712359985000000052e+03
-1.328059999999999974e+01,-2.291710050000000081e+02,1.712650024000000030e+03
-1.312550000000000061e+01,-2.290630040000000065e+02,1.712920043999999962e+03
-1.297710000000000008e+01,-2.289600069999999903e+02,1.713170043999999962e+03
-1.283070000000000022e+01,-2.288580019999999990e+02,1.713420043999999962e+03
-1.268299999999999983e+01,-2.287550050000000113e+02,1.713680053999999927e+03
-1.253200000000000003e+01,-2.286490019999999959e+02,1.713939941000000090e+03
-1.237739999999999974e+01,-2.285399930000000097e+02,1.714199951000000056e+03
-1.221959999999999980e+01,-2.284259950000000003e+02,1.714469970999999987e+03
-1.205910000000000082e+01,-2.283060000000000116e+02,1.714739990000000034e+03
-1.189659999999999940e+01,-2.281810000000000116e+02,1.715000000000000000e+03
-1.173230000000000040e+01,-2.280500030000000038e+02,1.715260009999999966e+03
-1.156569999999999965e+01,-2.279140010000000132e+02,1.715520019999999931e+03
-1.139610000000000056e+01,-2.277740019999999959e+02,1.715770019999999931e+03
-1.122259999999999991e+01,-2.276300050000000113e+02,1.716020019999999931e+03
-1.104460000000000086e+01,-2.274859920000000102e+02,1.716280029000000013e+03
-1.086229999999999940e+01,-2.273419949999999972e+02,1.716550048999999944e+03
-1.067639999999999922e+01,-2.271999969999999962e+02,1.716810058999999910e+03
-1.048850000000000016e+01,-2.270599980000000073e+02,1.717089966000000004e+03
-1.030039999999999978e+01,-2.269239959999999883e+02,1.717359985000000052e+03
-1.011340000000000039e+01,-2.267890010000000132e+02,1.717630004999999983e+03
-9.927419999999999689e+00,-2.266519930000000045e+02,1.717910033999999996e+03
-9.740999999999999659e+00,-2.265110019999999906e+02,1.718180053999999927e+03
-9.551650000000000418e+00,-2.263609920000000102e+02,1.718459961000000021e+03
-9.356780000000000541e+00,-2.261990049999999997e+02,1.718750000000000000e+03
-9.154780000000000584e+00,-2.260240019999999959e+02,1.719050048999999944e+03
-8.945940000000000225e+00,-2.258379970000000014e+02,1.719369995000000017e+03
-8.732789999999999608e+00,-2.256479950000000088e+02,1.719689941000000090e+03
-8.519660000000000011e+00,-2.254600069999999903e+02,1.720010009999999966e+03
-8.311460000000000292e+00,-2.252810059999999908e+02,1.720319946000000073e+03
-8.112159999999999371e+00,-2.251190029999999922e+02,1.720609985000000052e+03
-7.923499999999999766e+00,-2.249750060000000076e+02,1.720890014999999948e+03
-7.744839999999999947e+00,-2.248500060000000076e+02,1.721140014999999948e+03
-7.573900000000000077e+00,-2.247409969999999930e+02,1.721390014999999948e+03
-7.407930000000000348e+00,-2.246439970000000130e+02,1.721619995000000017e+03
-7.244749999999999801e+00,-2.245549929999999961e+02,1.721859985000000052e+03
-7.083120000000000083e+00,-2.244689940000000092e+02,1.722099975999999970e+03
-6.922559999999999825e+00,-2.243849950000000035e+02,1.722349975999999970e+03
-6.763119999999999798e+00,-2.242989959999999883e+02,1.722609985000000052e+03
-6.605129999999999946e+00,-2.242079929999999877e+02,1.722880004999999983e+03
-6.449139999999999873e+00,-2.241130070000000103e+02,1.723150024000000030e+03
-6.295930000000000248e+00,-2.240130000000000052e+02,1.723430053999999927e+03
-6.146609999999999907e+00,-2.239100039999999865e+02,1.723719970999999987e+03
-6.002749999999999808e+00,-2.238079989999999952e+02,1.724000000000000000e+03
-5.866329999999999600e+00,-2.237109989999999868e+02,1.724270019999999931e+03
-5.739329999999999821e+00,-2.236219940000000008e+02,1.724530029000000013e+03
-5.623000000000000220e+00,-2.235429990000000089e+02,1.724760009999999966e+03
-5.517249999999999766e+00,-2.234739989999999921e+02,1.724959961000000021e+03
-5.420609999999999928e+00,-2.234120029999999986e+02,1.725150024000000030e+03
-5.330729999999999968e+00,-2.233549959999999999e+02,1.725319946000000073e+03
-5.245099999999999874e+00,-2.232989959999999883e+02,1.725489990000000034e+03
-5.161550000000000082e+00,-2.232409969999999930e+02,1.725650024000000030e+03
-5.078109999999999680e+00,-2.231810000000000116e+02,1.725819946000000073e+03
-4.992720000000000269e+00,-2.231159969999999930e+02,1.725989990000000034e+03
-4.903129999999999988e+00,-2.230429990000000089e+02,1.726170043999999962e+03
-4.807159999999999656e+00,-2.229620060000000024e+02,1.726359985000000052e+03
-4.703409999999999869e+00,-2.228710020000000043e+02,1.726569946000000073e+03
-4.591990000000000016e+00,-2.227729950000000088e+02,1.726790038999999979e+03
-4.474649999999999572e+00,-2.226699979999999925e+02,1.727020019999999931e+03
-4.354339999999999655e+00,-2.225679930000000013e+02,1.727239990000000034e+03
-4.233999999999999986e+00,-2.224709929999999929e+02,1.727469970999999987e+03
-4.115370000000000417e+00,-2.223789979999999957e+02,1.727680053999999927e+03
-3.998299999999999965e+00,-2.222940059999999960e+02,1.727890014999999948e+03
-3.880860000000000198e+00,-2.222120060000000024e+02,1.728099975999999970e+03
-3.760229999999999961e+00,-2.221309970000000078e+02,1.728329956000000038e+03
-3.633680000000000021e+00,-2.220460050000000081e+02,1.728560058999999910e+03
-3.499420000000000197e+00,-2.219559940000000040e+02,1.728800048999999944e+03
-3.356770000000000032e+00,-2.218580019999999990e+02,1.729060058999999910e+03
-3.206039999999999779e+00,-2.217539979999999957e+02,1.729319946000000073e+03
-3.048189999999999955e+00,-2.216430049999999881e+02,1.729599975999999970e+03
-2.884459999999999802e+00,-2.215269930000000045e+02,1.729890014999999948e+03
-2.716159999999999908e+00,-2.214069979999999873e+02,1.730180053999999927e+03
-2.544680000000000053e+00,-2.212879939999999976e+02,1.730479980000000069e+03
-2.371609999999999996e+00,-2.211710050000000081e+02,1.730780029000000013e+03
-2.198869999999999880e+00,-2.210590060000000108e+02,1.731089966000000004e+03
-2.028690000000000104e+00,-2.209550020000000075e+02,1.731380004999999983e+03
-1.863140000000000018e+00,-2.208609920000000102e+02,1.731660033999999996e+03
-1.703500000000000014e+00,-2.207760010000000079e+02,1.731930053999999927e+03
-1.549579999999999957e+00,-2.206999969999999962e+02,1.732180053999999927e+03
-1.399529999999999941e+00,-2.206320039999999949e+02,1.732430053999999927e+03
-1.250369999999999981e+00,-2.205670010000000048e+02,1.732660033999999996e+03
-1.099199999999999955e+00,-2.205059970000000078e+02,1.732900024000000030e+03
-9.442559999999999842e-01,-2.204450070000000039e+02,1.733140014999999948e+03
-7.854440000000000310e-01,-2.203849950000000035e+02,1.733380004999999983e+03
-6.237540000000000306e-01,-2.203229980000000126e+02,1.733619995000000017e+03
-4.601149999999999962e-01,-2.202590030000000070e+02,1.733869995000000017e+03
-2.943999999999999950e-01,-2.201889950000000056e+02,1.734119995000000017e+03
-1.252649999999999875e-01,-2.201119999999999948e+02,1.734380004999999983e+03
4.910099999999999881e-02,-2.200249939999999924e+02,1.734650024000000030e+03
2.298550000000000038e-01,-2.199279940000000124e+02,1.734939941000000090e+03
4.167870000000000186e-01,-2.198240049999999997e+02,1.735219970999999987e+03
6.083830000000000071e-01,-2.197149960000000135e+02,1.735510009999999966e+03
8.024890000000000079e-01,-2.196040040000000033e+02,1.735800048999999944e+03
9.969470000000000276e-01,-2.194940029999999922e+02,1.736079956000000038e+03
1.189710000000000045e+00,-2.193860019999999906e+02,1.736339966000000004e+03
1.378489999999999993e+00,-2.192810059999999908e+02,1.736589966000000004e+03
1.560370000000000035e+00,-2.191799929999999961e+02,1.736829956000000038e+03
1.732189999999999896e+00,-2.190850069999999903e+02,1.737040038999999979e+03
1.891499999999999959e+00,-2.189949949999999887e+02,1.737219970999999987e+03
2.037929999999999797e+00,-2.189100039999999865e+02,1.737390014999999948e+03
2.173989999999999867e+00,-2.188309940000000040e+02,1.737540038999999979e+03
2.304780000000000051e+00,-2.187539979999999957e+02,1.737689941000000090e+03
2.436780000000000168e+00,-2.186759950000000003e+02,1.737829956000000038e+03
2.575909999999999922e+00,-2.185950009999999963e+02,1.737979980000000069e+03
2.726129999999999942e+00,-2.185099950000000035e+02,1.738140014999999948e+03
2.888549999999999951e+00,-2.184190059999999960e+02,1.738319946000000073e+03
3.061729999999999841e+00,-2.183220059999999876e+02,1.738500000000000000e+03
3.242410000000000014e+00,-2.182209929999999929e+02,1.738689941000000090e+03
3.426590000000000025e+00,-2.181170040000000085e+02,1.738869995000000017e+03
3.610459999999999781e+00,-2.180099950000000035e+02,1.739060058999999910e+03
3.790880000000000027e+00,-2.178999939999999924e+02,1.739229980000000069e+03
3.965530000000000221e+00,-2.177899930000000097e+02,1.739400024000000030e+03
4.132830000000000226e+00,-2.176799929999999961e+02,1.739550048999999944e+03
4.292040000000000077e+00,-2.175709990000000005e+02,1.739699951000000056e+03
4.443620000000000125e+00,-2.174660030000000006e+02,1.739839966000000004e+03
4.589660000000000295e+00,-2.173619999999999948e+02,1.739969970999999987e+03
4.733950000000000102e+00,-2.172599950000000035e+02,1.740109985000000052e+03
4.881289999999999907e+00,-2.171560059999999908e+02,1.740250000000000000e+03
5.036150000000000126e+00,-2.170480039999999917e+02,1.740400024000000030e+03
5.201159999999999783e+00,-2.169349980000000073e+02,1.740560058999999910e+03
5.376330000000000275e+00,-2.168179930000000013e+02,1.740729980000000069e+03
5.559129999999999683e+00,-2.166990049999999997e+02,1.740900024000000030e+03
5.745619999999999727e+00,-2.165800020000000075e+02,1.741069946000000073e+03
5.931879999999999598e+00,-2.164629970000000014e+02,1.741239990000000034e+03
6.115280000000000271e+00,-2.163500060000000076e+02,1.741410033999999996e+03
6.295020000000000060e+00,-2.162420040000000085e+02,1.741560058999999910e+03
6.471899999999999764e+00,-2.161380000000000052e+02,1.741719970999999987e+03
6.647599999999999731e+00,-2.160379939999999976e+02,1.741869995000000017e+03
6.823920000000000208e+00,-2.159420010000000048e+02,1.742030029000000013e+03
7.002480000000000260e+00,-2.158489989999999921e+02,1.742199951000000056e+03
7.184610000000000163e+00,-2.157579959999999915e+02,1.742369995000000017e+03
7.371450000000000280e+00,-2.156670070000000123e+02,1.742540038999999979e+03
7.563719999999999999e+00,-2.155749969999999962e+02,1.742729980000000069e+03
7.761619999999999742e+00,-2.154790040000000033e+02,1.742930053999999927e+03
7.964819999999999567e+00,-2.153769990000000121e+02,1.743140014999999948e+03
8.172909999999999897e+00,-2.152680049999999881e+02,1.743359985000000052e+03
8.385820000000000718e+00,-2.151510010000000079e+02,1.743579956000000038e+03
8.603889999999999816e+00,-2.150249939999999924e+02,1.743819946000000073e+03
8.827339999999999520e+00,-2.148890079999999898e+02,1.744060058999999910e+03
9.055419999999999803e+00,-2.147440029999999922e+02,1.744310058999999910e+03
9.285690000000000666e+00,-2.145930020000000127e+02,1.744560058999999910e+03
9.514290000000000802e+00,-2.144369959999999935e+02,1.744800048999999944e+03
9.737249999999999517e+00,-2.142769930000000045e+02,1.745050048999999944e+03
9.952249999999999375e+00,-2.141130070000000103e+02,1.745280029000000013e+03
1.016000000000000014e+01,-2.139380040000000065e+02,1.745510009999999966e+03
1.036420000000000030e+01,-2.137469940000000008e+02,1.745739990000000034e+03
1.056990000000000052e+01,-2.135319979999999873e+02,1.745969970999999987e+03
1.078069999999999951e+01,-2.132870029999999986e+02,1.746209961000000021e+03
1.099740000000000073e+01,-2.130099950000000035e+02,1.746469970999999987e+03
1.121729999999999983e+01,-2.127039949999999919e+02,1.746729980000000069e+03
1.143590000000000018e+01,-2.123719940000000008e+02,1.747000000000000000e+03
1.164819999999999922e+01,-2.120180049999999881e+02,1.747280029000000013e+03
1.185060000000000002e+01,-2.116430049999999881e+02,1.747560058999999910e+03
1.204110000000000014e+01,-2.112480009999999879e+02,1.747839966000000004e+03
1.221840000000000082e+01,-2.108329929999999877e+02,1.748130004999999983e+03
1.238139999999999930e+01,-2.104019930000000045e+02,1.748420043999999962e+03
1.252890000000000015e+01,-2.099620060000000024e+02,1.748719970999999987e+03
1.265910000000000046e+01,-2.095240019999999959e+02,1.749010009999999966e+03
1.277059999999999995e+01,-2.091049959999999999e+02,1.749290038999999979e+03
1.286219999999999963e+01,-2.087220000000000084e+02,1.749550048999999944e+03
1.293369999999999997e+01,-2.083880000000000052e+02,1.749780029000000013e+03
1.298639999999999972e+01,-2.081089939999999956e+02,1.749969970999999987e+03
1.302289999999999992e+01,-2.078840030000000070e+02,1.750130004999999983e+03
1.304690000000000083e+01,-2.077010040000000117e+02,1.750260009999999966e+03
1.306300000000000061e+01,-2.075469970000000046e+02,1.750369995000000017e+03
1.307549999999999990e+01,-2.074049990000000037e+02,1.750469970999999987e+03
1.308840000000000003e+01,-2.072599950000000035e+02,1.750579956000000038e+03
1.310440000000000005e+01,-2.070959929999999929e+02,1.750689941000000090e+03
1.312550000000000061e+01,-2.069019930000000045e+02,1.750829956000000038e+03
1.315220000000000056e+01,-2.066690059999999960e+02,1.750989990000000034e+03
1.318459999999999965e+01,-2.063919980000000010e+02,1.751180053999999927e+03
1.322199999999999953e+01,-2.060650019999999927e+02,1.751390014999999948e+03
1.326309999999999967e+01,-2.056929930000000013e+02,1.751609985000000052e+03
1.330519999999999925e+01,-2.052810059999999908e+02,1.751829956000000038e+03
1.334420000000000073e+01,-2.048390049999999860e+02,1.752040038999999979e+03
1.337509999999999977e+01,-2.043750000000000000e+02,1.752229980000000069e+03
1.339310000000000045e+01,-2.038970030000000122e+02,1.752380004999999983e+03
1.339409999999999989e+01,-2.034100039999999865e+02,1.752489990000000034e+03
1.337599999999999945e+01,-2.029159999999999968e+02,1.752560058999999910e+03
1.333810000000000073e+01,-2.024170070000000123e+02,1.752579956000000038e+03
1.328110000000000035e+01,-2.019159999999999968e+02,1.752540038999999979e+03
1.320609999999999928e+01,-2.014149930000000097e+02,1.752430053999999927e+03
1.311449999999999960e+01,-2.009170070000000123e+02,1.752260009999999966e+03
1.300779999999999959e+01,-2.004299929999999961e+02,1.752030029000000013e+03
1.288790000000000013e+01,-1.999669949999999972e+02,1.751760009999999966e+03
1.275730000000000075e+01,-1.995429990000000089e+02,1.751459961000000021e+03
1.261829999999999963e+01,-1.991710050000000081e+02,1.751170043999999962e+03
1.247230000000000061e+01,-1.988609920000000102e+02,1.750900024000000030e+03
1.231819999999999915e+01,-1.986119999999999948e+02,1.750640014999999948e+03
1.215269999999999939e+01,-1.984140010000000132e+02,1.750410033999999996e+03
1.197010000000000041e+01,-1.982530059999999992e+02,1.750180053999999927e+03
1.176420000000000066e+01,-1.981139980000000094e+02,1.749949951000000056e+03
1.152960000000000029e+01,-1.979869999999999948e+02,1.749699951000000056e+03
1.126219999999999999e+01,-1.978619999999999948e+02,1.749439941000000090e+03
1.095839999999999925e+01,-1.977389980000000094e+02,1.749160033999999996e+03
1.061190000000000033e+01,-1.976179960000000051e+02,1.748859985000000052e+03
1.020989999999999931e+01,-1.975000000000000000e+02,1.748560058999999910e+03
9.732519999999999172e+00,-1.973899989999999889e+02,1.748260009999999966e+03
9.156000000000000583e+00,-1.972899930000000097e+02,1.747969970999999987e+03
8.462020000000000763e+00,-1.972059940000000040e+02,1.747699951000000056e+03
7.647829999999999906e+00,-1.971430049999999881e+02,1.747439941000000090e+03
6.732940000000000147e+00,-1.971069950000000119e+02,1.747219970999999987e+03
5.756780000000000008e+00,-1.971060029999999870e+02,1.747050048999999944e+03
4.767070000000000363e+00,-1.971430049999999881e+02,1.746959961000000021e+03
3.804139999999999855e+00,-1.972189940000000092e+02,1.746949951000000056e+03
2.889460000000000139e+00,-1.973320009999999911e+02,1.747040038999999979e+03
2.024280000000000079e+00,-1.974759980000000041e+02,1.747229980000000069e+03
1.198159999999999892e+00,-1.976439970000000130e+02,1.747510009999999966e+03
4.014519999999999755e-01,-1.978269960000000083e+02,1.747880004999999983e+03
-3.654089999999999838e-01,-1.980149989999999889e+02,1.748290038999999979e+03
-1.090370000000000061e+00,-1.981959990000000005e+02,1.748750000000000000e+03
-1.755749999999999922e+00,-1.983609920000000102e+02,1.749219970999999987e+03
-2.347409999999999997e+00,-1.985030059999999992e+02,1.749699951000000056e+03
-2.861689999999999845e+00,-1.986199949999999887e+02,1.750180053999999927e+03
-3.306669999999999998e+00,-1.987120060000000024e+02,1.750650024000000030e+03
-3.698160000000000114e+00,-1.987870029999999986e+02,1.751130004999999983e+03
-4.053650000000000198e+00,-1.988489989999999921e+02,1.751619995000000017e+03
-4.387450000000000294e+00,-1.989049990000000037e+02,1.752109985000000052e+03
-4.708899999999999864e+00,-1.989590000000000032e+02,1.752619995000000017e+03
-5.023060000000000080e+00,-1.990140079999999898e+02,1.753140014999999948e+03
-5.332309999999999661e+00,-1.990709990000000005e+02,1.753670043999999962e+03
-5.637679999999999580e+00,-1.991300050000000113e+02,1.754199951000000056e+03
-5.939659999999999940e+00,-1.991869959999999935e+02,1.754750000000000000e+03
2.334880000000000067e+00,-1.877899930000000097e+02,1.678709961000000021e+03
2.199809999999999821e+00,-1.879400019999999927e+02,1.678479980000000069e+03
2.066320000000000157e+00,-1.880899960000000135e+02,1.678260009999999966e+03
1.935750000000000082e+00,-1.882380070000000103e+02,1.678030029000000013e+03
1.808969999999999967e+00,-1.883849950000000035e+02,1.677800048999999944e+03
1.686660000000000048e+00,-1.885279999999999916e+02,1.677569946000000073e+03
1.569560000000000066e+00,-1.886690059999999960e+02,1.677329956000000038e+03
1.458539999999999948e+00,-1.888070069999999987e+02,1.677099975999999970e+03
1.354349999999999943e+00,-1.889439999999999884e+02,1.676869995000000017e+03
1.257200000000000095e+00,-1.890800020000000075e+02,1.676640014999999948e+03
1.166690000000000005e+00,-1.892169949999999972e+02,1.676410033999999996e+03
1.081870000000000109e+00,-1.893549959999999999e+02,1.676189941000000090e+03
1.001619999999999955e+00,-1.894940029999999922e+02,1.675979980000000069e+03
9.247670000000000057e-01,-1.896360019999999906e+02,1.675760009999999966e+03
8.501469999999999860e-01,-1.897830050000000028e+02,1.675550048999999944e+03
7.765879999999999450e-01,-1.899360049999999944e+02,1.675329956000000038e+03
7.031460000000000488e-01,-1.900980069999999955e+02,1.675089966000000004e+03
6.294910000000000228e-01,-1.902689970000000130e+02,1.674849975999999970e+03
5.562289999999999734e-01,-1.904479980000000126e+02,1.674599975999999970e+03
4.848509999999999764e-01,-1.906309970000000078e+02,1.674329956000000038e+03
4.172569999999999890e-01,-1.908150019999999927e+02,1.674069946000000073e+03
3.550860000000000127e-01,-1.909960020000000043e+02,1.673810058999999910e+03
2.991659999999999875e-01,-1.911710050000000081e+02,1.673569946000000073e+03
2.493329999999999991e-01,-1.913399960000000135e+02,1.673329956000000038e+03
2.045530000000000126e-01,-1.915010069999999871e+02,1.673109985000000052e+03
1.632099999999999940e-01,-1.916529999999999916e+02,1.672910033999999996e+03
1.233889999999999987e-01,-1.917969970000000046e+02,1.672719970999999987e+03
8.312100000000000044e-02,-1.919349980000000073e+02,1.672540038999999979e+03
4.055899999999999783e-02,-1.920709990000000005e+02,1.672369995000000017e+03
-5.922000000000000181e-03,-1.922070009999999911e+02,1.672199951000000056e+03
-5.770700000000000135e-02,-1.923489989999999921e+02,1.672030029000000013e+03
-1.159739999999999938e-01,-1.924989930000000129e+02,1.671859985000000052e+03
-1.816850000000000132e-01,-1.926609950000000140e+02,1.671670043999999962e+03
-2.554930000000000256e-01,-1.928370060000000024e+02,1.671459961000000021e+03
-3.376589999999999869e-01,-1.930269930000000045e+02,1.671229980000000069e+03
-4.281200000000000006e-01,-1.932319950000000119e+02,1.670989990000000034e+03
-5.267680000000000140e-01,-1.934519960000000083e+02,1.670719970999999987e+03
-6.338289999999999758e-01,-1.936840060000000108e+02,1.670449951000000056e+03
-7.500679999999999570e-01,-1.939299929999999961e+02,1.670160033999999996e+03
-8.766359999999999708e-01,-1.941869959999999935e+02,1.669869995000000017e+03
-1.014469999999999983e+00,-1.944579929999999877e+02,1.669569946000000073e+03
-1.163470000000000004e+00,-1.947380070000000103e+02,1.669260009999999966e+03
-1.321939999999999893e+00,-1.950260010000000079e+02,1.668959961000000021e+03
-1.486639999999999961e+00,-1.953159939999999892e+02,1.668650024000000030e+03
-1.653629999999999933e+00,-1.956000060000000076e+02,1.668359985000000052e+03
-1.819499999999999895e+00,-1.958750000000000000e+02,1.668079956000000038e+03
-1.982339999999999991e+00,-1.961380000000000052e+02,1.667819946000000073e+03
-2.142049999999999788e+00,-1.963899989999999889e+02,1.667579956000000038e+03
-2.299869999999999859e+00,-1.966349950000000035e+02,1.667369995000000017e+03
-2.457739999999999814e+00,-1.968769990000000121e+02,1.667180053999999927e+03
-2.617900000000000116e+00,-1.971190029999999922e+02,1.667000000000000000e+03
-2.782789999999999875e+00,-1.973650049999999965e+02,1.666829956000000038e+03
-2.954849999999999977e+00,-1.976159969999999930e+02,1.666670043999999962e+03
-3.136140000000000150e+00,-1.978719940000000008e+02,1.666520019999999931e+03
-3.327479999999999993e+00,-1.981349950000000035e+02,1.666380004999999983e+03
-3.527740000000000098e+00,-1.984019930000000045e+02,1.666229980000000069e+03
-3.733810000000000073e+00,-1.986730039999999917e+02,1.666089966000000004e+03
-3.941419999999999924e+00,-1.989459990000000005e+02,1.665949951000000056e+03
-4.146379999999999733e+00,-1.992189940000000092e+02,1.665810058999999910e+03
-4.345819999999999794e+00,-1.994889980000000094e+02,1.665670043999999962e+03
-4.538949999999999818e+00,-1.997579959999999915e+02,1.665540038999999979e+03
-4.727299999999999613e+00,-2.000249939999999924e+02,1.665400024000000030e+03
-4.914419999999999789e+00,-2.002949979999999925e+02,1.665270019999999931e+03
-5.105050000000000310e+00,-2.005740049999999997e+02,1.665130004999999983e+03
-5.304000000000000270e+00,-2.008679960000000051e+02,1.665000000000000000e+03
-5.515139999999999709e+00,-2.011820069999999987e+02,1.664849975999999970e+03
-5.740649999999999586e+00,-2.015180049999999881e+02,1.664699951000000056e+03
-5.980940000000000367e+00,-2.018760069999999871e+02,1.664540038999999979e+03
-6.234779999999999767e+00,-2.022550050000000113e+02,1.664380004999999983e+03
-6.499469999999999636e+00,-2.026499939999999924e+02,1.664209961000000021e+03
-6.771049999999999791e+00,-2.030549929999999961e+02,1.664050048999999944e+03
-7.044880000000000031e+00,-2.034620060000000024e+02,1.663880004999999983e+03
-7.316659999999999719e+00,-2.038639980000000094e+02,1.663729980000000069e+03
-7.583479999999999777e+00,-2.042550050000000113e+02,1.663589966000000004e+03
-7.844210000000000349e+00,-2.046300050000000113e+02,1.663459961000000021e+03
-8.099059999999999704e+00,-2.049889980000000094e+02,1.663349975999999970e+03
-8.348679999999999879e+00,-2.053320009999999911e+02,1.663239990000000034e+03
-8.593469999999999942e+00,-2.056600039999999865e+02,1.663150024000000030e+03
-8.833470000000000155e+00,-2.059770049999999912e+02,1.663060058999999910e+03
-9.068410000000000082e+00,-2.062870029999999986e+02,1.662989990000000034e+03
-9.297790000000000887e+00,-2.065919949999999972e+02,1.662930053999999927e+03
-9.520630000000000592e+00,-2.068959959999999967e+02,1.662880004999999983e+03
-9.735469999999999402e+00,-2.071990049999999997e+02,1.662839966000000004e+03
-9.940720000000000667e+00,-2.075010069999999871e+02,1.662810058999999910e+03
-1.013550000000000040e+01,-2.078000030000000038e+02,1.662790038999999979e+03
-1.032039999999999935e+01,-2.080970000000000084e+02,1.662770019999999931e+03
-1.049849999999999994e+01,-2.083919980000000010e+02,1.662760009999999966e+03
-1.067420000000000080e+01,-2.086900019999999927e+02,1.662750000000000000e+03
-1.085319999999999929e+01,-2.089960020000000043e+02,1.662760009999999966e+03
-1.103989999999999938e+01,-2.093150019999999927e+02,1.662770019999999931e+03
-1.123739999999999917e+01,-2.096549990000000037e+02,1.662790038999999979e+03
-1.144619999999999926e+01,-2.100200040000000001e+02,1.662810058999999910e+03
-1.166569999999999929e+01,-2.104140010000000132e+02,1.662849975999999970e+03
-1.189419999999999966e+01,-2.108370060000000024e+02,1.662900024000000030e+03
-1.212909999999999933e+01,-2.112859950000000140e+02,1.662959961000000021e+03
-1.236650000000000027e+01,-2.117539979999999957e+02,1.663040038999999979e+03
-1.260120000000000040e+01,-2.122299959999999999e+02,1.663130004999999983e+03
-1.282760000000000034e+01,-2.127019960000000083e+02,1.663229980000000069e+03
-1.303999999999999915e+01,-2.131569979999999873e+02,1.663339966000000004e+03
-1.323429999999999929e+01,-2.135859989999999868e+02,1.663449951000000056e+03
-1.340869999999999962e+01,-2.139810029999999870e+02,1.663560058999999910e+03
-1.356419999999999959e+01,-2.143410030000000006e+02,1.663660033999999996e+03
-1.370509999999999984e+01,-2.146679990000000089e+02,1.663750000000000000e+03
-1.383779999999999966e+01,-2.149709929999999929e+02,1.663839966000000004e+03
-1.396940000000000026e+01,-2.152570039999999949e+02,1.663920043999999962e+03
-1.410539999999999949e+01,-2.155339969999999994e+02,1.664000000000000000e+03
-1.424849999999999994e+01,-2.158099980000000073e+02,1.664089966000000004e+03
-1.439879999999999960e+01,-2.160870060000000024e+02,1.664170043999999962e+03
-1.455480000000000018e+01,-2.163679960000000051e+02,1.664260009999999966e+03
-1.471449999999999925e+01,-2.166529999999999916e+02,1.664349975999999970e+03
-1.487669999999999959e+01,-2.169459990000000005e+02,1.664439941000000090e+03
-1.504110000000000014e+01,-2.172480009999999879e+02,1.664540038999999979e+03
-1.520880000000000010e+01,-2.175630040000000065e+02,1.664650024000000030e+03
-1.538170000000000037e+01,-2.178930049999999881e+02,1.664770019999999931e+03
-1.556129999999999924e+01,-2.182389980000000094e+02,1.664890014999999948e+03
-1.574869999999999948e+01,-2.185989989999999921e+02,1.665030029000000013e+03
-1.594340000000000046e+01,-2.189730069999999955e+02,1.665180053999999927e+03
-1.614410000000000167e+01,-2.193560029999999870e+02,1.665339966000000004e+03
-1.634880100000000169e+01,-2.197449949999999887e+02,1.665510009999999966e+03
-1.655600000000000094e+01,-2.201360019999999906e+02,1.665689941000000090e+03
-1.676530100000000090e+01,-2.205279999999999916e+02,1.665880004999999983e+03
-1.697690000000000055e+01,-2.209210050000000081e+02,1.666079956000000038e+03
-1.719099999999999895e+01,-2.213099980000000073e+02,1.666280029000000013e+03
-1.740660099999999844e+01,-2.216939999999999884e+02,1.666489990000000034e+03
-1.762120099999999923e+01,-2.220650019999999927e+02,1.666699951000000056e+03
-1.783079899999999895e+01,-2.224179990000000089e+02,1.666900024000000030e+03
-1.803179899999999947e+01,-2.227480009999999879e+02,1.667109985000000052e+03
-1.822220000000000084e+01,-2.230549929999999961e+02,1.667300048999999944e+03
-1.840309900000000098e+01,-2.233419949999999972e+02,1.667500000000000000e+03
-1.857850099999999927e+01,-2.236170040000000085e+02,1.667699951000000056e+03
-1.875369999999999848e+01,-2.238869929999999897e+02,1.667910033999999996e+03
-1.893300100000000086e+01,-2.241589969999999994e+02,1.668130004999999983e+03
-1.911820000000000164e+01,-2.244340060000000108e+02,1.668359985000000052e+03
-1.930820100000000039e+01,-2.247100069999999903e+02,1.668599975999999970e+03
-1.949959899999999990e+01,-2.249830019999999990e+02,1.668849975999999970e+03
-1.968870000000000076e+01,-2.252469940000000008e+02,1.669089966000000004e+03
-1.987249900000000125e+01,-2.254980009999999879e+02,1.669339966000000004e+03
-2.004910100000000028e+01,-2.257339939999999956e+02,1.669579956000000038e+03
-2.021769899999999964e+01,-2.259550020000000075e+02,1.669819946000000073e+03
-2.037789899999999932e+01,-2.261600039999999865e+02,1.670069946000000073e+03
-2.052969900000000081e+01,-2.263520049999999912e+02,1.670310058999999910e+03
-2.067310000000000159e+01,-2.265299990000000037e+02,1.670550048999999944e+03
-2.080849999999999866e+01,-2.266979980000000126e+02,1.670790038999999979e+03
-2.093730000000000047e+01,-2.268560029999999870e+02,1.671020019999999931e+03
-2.106200000000000117e+01,-2.270079959999999915e+02,1.671239990000000034e+03
-2.118540000000000134e+01,-2.271589969999999994e+02,1.671459961000000021e+03
-2.131040000000000134e+01,-2.273119959999999935e+02,1.671680053999999927e+03
-2.143819999999999837e+01,-2.274689940000000092e+02,1.671910033999999996e+03
-2.156830000000000069e+01,-2.276309970000000078e+02,1.672150024000000030e+03
-2.169920000000000115e+01,-2.277960050000000081e+02,1.672400024000000030e+03
-2.182920100000000119e+01,-2.279629970000000014e+02,1.672660033999999996e+03
-2.195739899999999878e+01,-2.281300050000000113e+02,1.672920043999999962e+03
-2.208410100000000043e+01,-2.282980039999999917e+02,1.673199951000000056e+03
-2.220980099999999879e+01,-2.284680020000000127e+02,1.673479980000000069e+03
-2.233480099999999879e+01,-2.286419980000000010e+02,1.673780029000000013e+03
-2.245809900000000070e+01,-2.288189999999999884e+02,1.674079956000000038e+03
-2.257809999999999917e+01,-2.290010069999999871e+02,1.674390014999999948e+03
-2.269249900000000153e+01,-2.291860049999999944e+02,1.674699951000000056e+03
-2.279960099999999912e+01,-2.293739930000000129e+02,1.675010009999999966e+03
-2.289859999999999829e+01,-2.295650019999999927e+02,1.675319946000000073e+03
-2.298959899999999834e+01,-2.297579959999999915e+02,1.675630004999999983e+03
-2.307300000000000040e+01,-2.299530029999999954e+02,1.675949951000000056e+03
-2.314930000000000021e+01,-2.301479950000000088e+02,1.676290038999999979e+03
-2.321839900000000156e+01,-2.303399960000000135e+02,1.676640014999999948e+03
-2.327959999999999852e+01,-2.305269930000000045e+02,1.677020019999999931e+03
-2.333190000000000097e+01,-2.307019960000000083e+02,1.677420043999999962e+03
-2.337409999999999854e+01,-2.308630070000000103e+02,1.677829956000000038e+03
-2.340530000000000044e+01,-2.310070039999999949e+02,1.678239990000000034e+03
-2.342550100000000057e+01,-2.311329959999999915e+02,1.678640014999999948e+03
-2.343609999999999971e+01,-2.312440029999999922e+02,1.679030029000000013e+03
-2.343969900000000095e+01,-2.313419949999999972e+02,1.679400024000000030e+03
-2.343980000000000175e+01,-2.314290009999999995e+02,1.679750000000000000e+03
-2.344030000000000058e+01,-2.315079959999999915e+02,1.680079956000000038e+03
-2.344429999999999836e+01,-2.315769960000000083e+02,1.680400024000000030e+03
-2.345429999999999993e+01,-2.316390079999999898e+02,1.680689941000000090e+03
-2.347149999999999892e+01,-2.316920010000000048e+02,1.680969970999999987e+03
1.753139999999999921e+00,-1.972779999999999916e+02,1.667050048999999944e+03
1.493849999999999900e+00,-1.973220059999999876e+02,1.666979980000000069e+03
1.234760000000000080e+00,-1.973650049999999965e+02,1.666910033999999996e+03
9.753730000000000455e-01,-1.974029999999999916e+02,1.666839966000000004e+03
7.143220000000000125e-01,-1.974380040000000065e+02,1.666770019999999931e+03
4.500370000000000203e-01,-1.974680020000000127e+02,1.666709961000000021e+03
1.816550000000000109e-01,-1.974949949999999887e+02,1.666650024000000030e+03
-9.055699999999999861e-02,-1.975209959999999967e+02,1.666599975999999970e+03
-3.655860000000000221e-01,-1.975489959999999883e+02,1.666560058999999910e+03
-6.424659999999999815e-01,-1.975820009999999911e+02,1.666540038999999979e+03
-9.208039999999999559e-01,-1.976219940000000008e+02,1.666530029000000013e+03
-1.200709999999999944e+00,-1.976730039999999917e+02,1.666520019999999931e+03
-1.482439999999999980e+00,-1.977380070000000103e+02,1.666520019999999931e+03
-1.766229999999999967e+00,-1.978189999999999884e+02,1.666510009999999966e+03
-2.052490000000000148e+00,-1.979210050000000081e+02,1.666489990000000034e+03
-2.341829999999999856e+00,-1.980500030000000038e+02,1.666439941000000090e+03
-2.634679999999999911e+00,-1.982090000000000032e+02,1.666369995000000017e+03
-2.930460000000000065e+00,-1.983999939999999924e+02,1.666280029000000013e+03
-3.227040000000000131e+00,-1.986210020000000043e+02,1.666160033999999996e+03
-3.520779999999999799e+00,-1.988659969999999930e+02,1.666030029000000013e+03
-3.807249999999999801e+00,-1.991300050000000113e+02,1.665890014999999948e+03
-4.082340000000000302e+00,-1.994040070000000071e+02,1.665739990000000034e+03
-4.343259999999999899e+00,-1.996840060000000108e+02,1.665589966000000004e+03
-4.589459999999999873e+00,-1.999669949999999972e+02,1.665439941000000090e+03
-4.822969999999999757e+00,-2.002530059999999992e+02,1.665300048999999944e+03
-5.048250000000000348e+00,-2.005460050000000081e+02,1.665150024000000030e+03
-5.271130000000000315e+00,-2.008509980000000041e+02,1.665010009999999966e+03
-5.497460000000000235e+00,-2.011719970000000046e+02,1.664859985000000052e+03
-5.731830000000000425e+00,-2.015130000000000052e+02,1.664699951000000056e+03
-5.976860000000000284e+00,-2.018739930000000129e+02,1.664540038999999979e+03
-6.233030000000000292e+00,-2.022539979999999957e+02,1.664380004999999983e+03
-6.498770000000000380e+00,-2.026499939999999924e+02,1.664209961000000021e+03
-6.770789999999999864e+00,-2.030549929999999961e+02,1.664050048999999944e+03
-7.044789999999999885e+00,-2.034620060000000024e+02,1.663880004999999983e+03
-7.316639999999999588e+00,-2.038639980000000094e+02,1.663729980000000069e+03
-7.583470000000000155e+00,-2.042550050000000113e+02,1.663589966000000004e+03
8.575549999999999784e+00,-2.167760010000000079e+02,1.744599975999999970e+03
8.643319999999999226e+00,-2.166380000000000052e+02,1.744579956000000038e+03
8.706810000000000827e+00,-2.165030059999999992e+02,1.744560058999999910e+03
8.770559999999999690e+00,-2.163609920000000102e+02,1.744540038999999979e+03
8.838200000000000500e+00,-2.162059940000000040e+02,1.744520019999999931e+03
8.912459999999999383e+00,-2.160330050000000028e+02,1.744510009999999966e+03
8.995089999999999364e+00,-2.158430020000000127e+02,1.744510009999999966e+03
9.086729999999999308e+00,-2.156390079999999898e+02,1.744520019999999931e+03
9.187099999999999156e+00,-2.154279940000000124e+02,1.744550048999999944e+03
9.295569999999999666e+00,-2.152169949999999972e+02,1.744599975999999970e+03
9.412079999999999558e+00,-2.150119929999999897e+02,1.744680053999999927e+03
9.537699999999999179e+00,-2.148159939999999892e+02,1.744790038999999979e+03
9.674289999999999168e+00,-2.146269990000000121e+02,1.744920043999999962e+03
9.823689999999999145e+00,-2.144409939999999892e+02,1.745089966000000004e+03
9.986869999999999692e+00,-2.142500000000000000e+02,1.745270019999999931e+03
1.016380000000000017e+01,-2.140480039999999917e+02,1.745479980000000069e+03
1.035399999999999920e+01,-2.138289949999999919e+02,1.745699951000000056e+03
1.055630000000000024e+01,-2.135879970000000014e+02,1.745939941000000090e+03
1.076919999999999966e+01,-2.133229980000000126e+02,1.746189941000000090e+03
1.098949999999999960e+01,-2.130310059999999908e+02,1.746449951000000056e+03
1.121269999999999989e+01,-2.127160030000000006e+02,1.746719970999999987e+03
1.143340000000000067e+01,-2.123780059999999992e+02,1.747000000000000000e+03
1.164700000000000024e+01,-2.120200040000000001e+02,1.747270019999999931e+03
1.185009999999999941e+01,-2.116439970000000130e+02,1.747550048999999944e+03
1.204090000000000060e+01,-2.112480009999999879e+02,1.747839966000000004e+03
1.221829999999999927e+01,-2.108329929999999877e+02,1.748130004999999983e+03
1.252890000000000015e+01,-2.099620060000000024e+02,1.748709961000000021e+03
-1.143019999999999925e+01,-2.532369999999999948e+02,1.697510009999999966e+03
-1.153350000000000009e+01,-2.531060029999999870e+02,1.697609985000000052e+03
-1.164020000000000010e+01,-2.529730069999999955e+02,1.697709961000000021e+03
-1.175270000000000081e+01,-2.528350069999999903e+02,1.697819946000000073e+03
-1.187219999999999942e+01,-2.526920010000000048e+02,1.697930053999999927e+03
-1.199799999999999933e+01,-2.525440059999999960e+02,1.698060058999999910e+03
-1.212850000000000072e+01,-2.523899989999999889e+02,1.698189941000000090e+03
-1.226200000000000045e+01,-2.522290040000000033e+02,1.698319946000000073e+03
-1.239750000000000085e+01,-2.520630040000000065e+02,1.698469970999999987e+03
-1.253480000000000061e+01,-2.518919980000000010e+02,1.698609985000000052e+03
-1.267440000000000033e+01,-2.517169949999999972e+02,1.698760009999999966e+03
-1.281729999999999947e+01,-2.515399930000000097e+02,1.698920043999999962e+03
-1.296439999999999948e+01,-2.513609920000000102e+02,1.699069946000000073e+03
-1.311640000000000050e+01,-2.511829989999999952e+02,1.699219970999999987e+03
-1.327330000000000076e+01,-2.510030059999999992e+02,1.699359985000000052e+03
-1.343440000000000012e+01,-2.508200070000000039e+02,1.699500000000000000e+03
-1.359820000000000029e+01,-2.506349950000000035e+02,1.699640014999999948e+03
-1.376299999999999990e+01,-2.504490049999999997e+02,1.699780029000000013e+03
-1.392759999999999998e+01,-2.502619929999999897e+02,1.699910033999999996e+03
-1.409190000000000076e+01,-2.500760040000000117e+02,1.700040038999999979e+03
-1.425699999999999967e+01,-2.498869929999999897e+02,1.700170043999999962e+03
-1.442570000000000086e+01,-2.496920010000000048e+02,1.700300048999999944e+03
-1.460069999999999979e+01,-2.494859920000000102e+02,1.700420043999999962e+03
-1.478420000000000023e+01,-2.492640079999999898e+02,1.700550048999999944e+03
-1.497680000000000078e+01,-2.490260010000000079e+02,1.700660033999999996e+03
-1.517750000000000021e+01,-2.487729950000000088e+02,1.700770019999999931e+03
-1.538490000000000002e+01,-2.485090030000000070e+02,1.700869995000000017e+03
-1.559839999999999982e+01,-2.482380070000000103e+02,1.700959961000000021e+03
-1.581980000000000075e+01,-2.479590000000000032e+02,1.701030029000000013e+03
-1.605299899999999980e+01,-2.476699979999999925e+02,1.701089966000000004e+03
-1.630349899999999863e+01,-2.473679960000000051e+02,1.701140014999999948e+03
-1.657669999999999888e+01,-2.470500030000000038e+02,1.701170043999999962e+03
-1.687579900000000066e+01,-2.467149960000000135e+02,1.701189941000000090e+03
-1.720100000000000051e+01,-2.463639980000000094e+02,1.701199951000000056e+03
-1.754810000000000159e+01,-2.460030059999999992e+02,1.701199951000000056e+03
-1.790940099999999902e+01,-2.456410060000000044e+02,1.701199951000000056e+03
-1.827540000000000120e+01,-2.452870029999999986e+02,1.701180053999999927e+03
-1.863660000000000139e+01,-2.449499969999999962e+02,1.701160033999999996e+03
-1.898640100000000075e+01,-2.446360019999999906e+02,1.701140014999999948e+03
-1.932259900000000030e+01,-2.443480069999999955e+02,1.701119995000000017e+03
-1.964689999999999870e+01,-2.440829929999999877e+02,1.701089966000000004e+03
-1.996369899999999831e+01,-2.438370060000000024e+02,1.701069946000000073e+03
-2.027790099999999995e+01,-2.436029969999999878e+02,1.701060058999999910e+03
-2.059309999999999974e+01,-2.433780059999999992e+02,1.701050048999999944e+03
-2.091000000000000014e+01,-2.431589969999999994e+02,1.701040038999999979e+03
-2.122599999999999909e+01,-2.429439999999999884e+02,1.701030029000000013e+03
-2.153510100000000094e+01,-2.427369999999999948e+02,1.701030029000000013e+03
-2.182979999999999876e+01,-2.425399930000000097e+02,1.701030029000000013e+03
-2.210399999999999920e+01,-2.423540040000000033e+02,1.701030029000000013e+03
-2.235479899999999986e+01,-2.421810000000000116e+02,1.701030029000000013e+03
-2.258399999999999963e+01,-2.420180049999999881e+02,1.701040038999999979e+03
-2.279750100000000046e+01,-2.418600010000000111e+02,1.701060058999999910e+03
-2.300340100000000021e+01,-2.417010040000000117e+02,1.701089966000000004e+03
-2.320889999999999986e+01,-2.415350039999999865e+02,1.701130004999999983e+03
-2.341809999999999903e+01,-2.413580019999999990e+02,1.701189941000000090e+03
-2.362940000000000040e+01,-2.411699979999999925e+02,1.701260009999999966e+03
-2.383639900000000011e+01,-2.409759980000000041e+02,1.701349975999999970e+03
-2.402969900000000081e+01,-2.407819979999999873e+02,1.701439941000000090e+03
-2.420029999999999859e+01,-2.405930020000000127e+02,1.701530029000000013e+03
-2.434230000000000160e+01,-2.404149930000000097e+02,1.701630004999999983e+03
-2.445339999999999847e+01,-2.402480009999999879e+02,1.701729980000000069e+03
-2.453409999999999869e+01,-2.400910030000000006e+02,1.701839966000000004e+03
-2.458659899999999965e+01,-2.399400019999999927e+02,1.701939941000000090e+03
-2.461289999999999978e+01,-2.397909999999999968e+02,1.702050048999999944e+03
-2.461479900000000143e+01,-2.396430049999999881e+02,1.702170043999999962e+03
-2.459329999999999927e+01,-2.394909969999999930e+02,1.702300048999999944e+03
-2.454890100000000075e+01,-2.393350069999999903e+02,1.702430053999999927e+03
-2.448110000000000142e+01,-2.391710050000000081e+02,1.702579956000000038e+03
-2.438870000000000005e+01,-2.389980009999999879e+02,1.702729980000000069e+03
-2.426919900000000041e+01,-2.388130040000000065e+02,1.702890014999999948e+03
-2.411930100000000010e+01,-2.386150049999999965e+02,1.703060058999999910e+03
-2.393499900000000125e+01,-2.384029999999999916e+02,1.703239990000000034e+03
-2.371260099999999937e+01,-2.381750030000000038e+02,1.703420043999999962e+03
-2.344989999999999952e+01,-2.379340060000000108e+02,1.703599975999999970e+03
-2.314760000000000062e+01,-2.376820069999999987e+02,1.703780029000000013e+03
-2.281049900000000008e+01,-2.374210050000000081e+02,1.703949951000000056e+03
-2.244759900000000030e+01,-2.371560059999999908e+02,1.704109985000000052e+03
-2.207049900000000164e+01,-2.368899989999999889e+02,1.704260009999999966e+03
-2.169140099999999904e+01,-2.366269990000000121e+02,1.704410033999999996e+03
-2.132069999999999865e+01,-2.363699949999999887e+02,1.704530029000000013e+03
-2.096640000000000015e+01,-2.361199949999999887e+02,1.704650024000000030e+03
-2.063330099999999945e+01,-2.358760069999999871e+02,1.704760009999999966e+03
-2.032399900000000059e+01,-2.356360019999999906e+02,1.704859985000000052e+03
-2.003869999999999862e+01,-2.353979950000000088e+02,1.704949951000000056e+03
-1.977689900000000023e+01,-2.351609950000000140e+02,1.705020019999999931e+03
-1.953829999999999956e+01,-2.349259950000000003e+02,1.705099975999999970e+03
-1.932280000000000086e+01,-2.346970059999999876e+02,1.705160033999999996e+03
-1.913040000000000163e+01,-2.344790040000000033e+02,1.705209961000000021e+03
-1.895929900000000146e+01,-2.342760010000000079e+02,1.705260009999999966e+03
-1.880559900000000084e+01,-2.340890049999999860e+02,1.705300048999999944e+03
-1.866340100000000035e+01,-2.339140010000000132e+02,1.705329956000000038e+03
-1.852639999999999887e+01,-2.337469940000000008e+02,1.705359985000000052e+03
-1.838909900000000164e+01,-2.335820009999999911e+02,1.705400024000000030e+03
-1.824739999999999895e+01,-2.334149930000000097e+02,1.705430053999999927e+03
-1.809840000000000160e+01,-2.332429960000000051e+02,1.705469970999999987e+03
-1.793989900000000048e+01,-2.330650019999999927e+02,1.705530029000000013e+03
-1.776950100000000177e+01,-2.328789979999999957e+02,1.705599975999999970e+03
-1.758620099999999908e+01,-2.326840060000000108e+02,1.705709961000000021e+03
-1.739049899999999838e+01,-2.324819950000000119e+02,1.705839966000000004e+03
-1.718590000000000018e+01,-2.322760010000000079e+02,1.706010009999999966e+03
-1.697719999999999985e+01,-2.320720059999999876e+02,1.706209961000000021e+03
-1.676980000000000004e+01,-2.318739930000000129e+02,1.706439941000000090e+03
-1.656730100000000050e+01,-2.316849980000000073e+02,1.706699951000000056e+03
-1.637089900000000142e+01,-2.315070039999999949e+02,1.706989990000000034e+03
-1.618020100000000028e+01,-2.313390049999999860e+02,1.707290038999999979e+03
-1.599380000000000024e+01,-2.311799929999999961e+02,1.707619995000000017e+03
-1.581049999999999933e+01,-2.310290070000000071e+02,1.707949951000000056e+03
-1.562940000000000040e+01,-2.308849950000000035e+02,1.708300048999999944e+03
-1.544909999999999961e+01,-2.307440029999999922e+02,1.708650024000000030e+03
-1.526740000000000030e+01,-2.306040040000000033e+02,1.709010009999999966e+03
-1.508109999999999928e+01,-2.304629970000000014e+02,1.709369995000000017e+03
-1.488700000000000045e+01,-2.303179930000000013e+02,1.709750000000000000e+03
-1.468329999999999913e+01,-2.301670070000000123e+02,1.710140014999999948e+03
-1.447070000000000078e+01,-2.300119929999999897e+02,1.710530029000000013e+03
-1.425280000000000058e+01,-2.298549959999999999e+02,1.710930053999999927e+03
-1.403560000000000052e+01,-2.296999969999999962e+02,1.711319946000000073e+03
