0,5.6996431519760735,1.8769316012254103,0.0
0,5.77329963979933,1.926273176208019,0.0
0,5.8440423079760055,1.9717324964575016,0.0
0,5.9156427643506095,2.02121835148918,0.0
0,5.981266812085149,2.0741094716554658,0.0
0,6.047359552264879,2.12929674722123,0.0
0,6.112520038845181,2.185817594417496,0.0
0,6.172349669646816,2.2439047615331074,0.0
0,6.233579272130583,2.3045234958627776,0.0
0,6.292702667959116,2.367070478755351,0.0
0,6.349580184403173,2.4295863242553595,0.0
0,6.402964721922409,2.497589228301061,0.0
0,6.456233359844516,2.563167708724989,0.0
0,6.5071768040640485,2.632716174551076,0.0
0,6.552923729589962,2.703500281740108,0.0
0,6.599569546953095,2.7750272518975776,0.0
0,6.644475665934431,2.850642170667147,0.0
0,6.684795603839695,2.9236106880499975,0.0
0,6.725440350369828,2.999254538523741,0.0
0,6.762334091194063,3.0777099975558078,0.0
0,6.796497048361832,3.156632282178754,0.0
0,6.8293347712260495,3.2365119407440504,0.0
0,6.860115951302483,3.3141392647454455,0.0
0,6.887155405368967,3.3966697054671564,0.0
0,6.9136275966888645,3.479052607586206,0.0
0,6.936195046443744,3.558205057257197,0.0
0,6.956033086022382,3.6419471335658606,0.0
0,6.973598763694247,3.727493582407965,0.0
0,6.98976270078019,3.8099605577860403,0.0
0,7.003785036686373,3.8949692590047715,0.0
0,7.012039918286086,3.978918293577929,0.0
0,7.0195027315522625,4.063616203242981,0.0
0,7.026724596257115,4.150064742719236,0.0
0,7.030327432035627,4.235807651448535,0.0
0,7.028872175449831,4.321184647480981,0.0
0,7.025351119427684,4.404656629606853,0.0
0,7.021525867455987,4.490444153223789,0.0
0,7.015352455958575,4.575331542983252,0.0
0,7.00330544024233,4.659678675886594,0.0
0,6.990783904572604,4.745394904703276,0.0
0,6.974890408226159,4.8303792697135215,0.0
0,6.958259075624596,4.913041150732624,0.0
0,6.935932310190758,4.994378472422641,0.0
0,6.910415225064989,5.077218896583959,0.0
0,6.885824112693225,5.159937031325757,0.0
0,6.857282993877147,5.239644828044447,0.0
0,6.826072168609531,5.318508502774355,0.0
0,6.7924065803262685,5.398098720424598,0.0
0,6.758303698314908,5.47360439963392,0.0
0,6.7206200910147835,5.550012127184567,0.0
0,6.678908870988952,5.625411341698846,0.0
0,6.634782821735559,5.698957062522508,0.0
0,6.589518301331873,5.771190038816648,0.0
0,6.541834739087948,5.8404113113123435,0.0
0,6.491386213660177,5.910802610767704,0.0
0,6.438218384032377,5.979384089953025,0.0
0,6.3829958433663405,6.043936976610437,0.0
0,6.326356949302342,6.10857294216146,0.0
0,6.2688970426737205,6.169678629806745,0.0
0,6.20920271242763,6.229582539386174,0.0
0,6.14549243511731,6.290135133561506,0.0
0,6.0822449694890155,6.347636500504557,0.0
0,6.018665729771379,6.402430056303736,0.0
0,5.950010968530254,6.455477498320901,0.0
0,5.880116426604476,6.504371360786344,0.0
0,5.812018256130391,6.55358411742772,0.0
0,5.739940930438095,6.600822119339425,0.0
0,5.666056958100632,6.644698591245621,0.0
0,5.592627639266967,6.682944777991808,0.0
0,5.518088797968305,6.724543126777909,0.0
0,5.440352039415323,6.762546944890486,0.0
0,5.361060035621848,6.795510882663635,0.0
0,5.282797395497716,6.829062783978911,0.0
0,5.203788960689057,6.858230837660531,0.0
0,5.1223765559681045,6.885311527628745,0.0
0,5.040622562649599,6.913471718804764,0.0
0,4.9597998352827215,6.934369031994233,0.0
0,4.875992275708918,6.955090375525904,0.0
0,4.794681011257548,6.974187209619063,0.0
0,4.709457335152036,6.990794607938768,0.0
0,4.625147294684762,7.00270133558486,0.0
0,4.5430807095152534,7.012565618544758,0.0
0,4.45518885193364,7.023128378498996,0.0
0,4.369921968864355,7.027112066287971,0.0
0,4.284935299645714,7.03231932187099,0.0
0,4.201875237772996,7.033113473317398,0.0
0,4.114951789153719,7.028632609491547,0.0
0,4.028843411198784,7.025864164028176,0.0
0,3.9447655748643995,7.0179268589711015,0.0
0,3.861096775960141,7.007328453073278,0.0
0,3.778136052240499,6.995283623266397,0.0
0,3.694146311654562,6.980539097106057,0.0
0,3.61030118760194,6.962493520046145,0.0
0,3.5282502630137134,6.94430634116601,0.0
0,3.4463813735718194,6.9215085673335075,0.0
0,3.3647933293845194,6.892082085832604,0.0
0,3.2907714512478643,6.865082204873423,0.0
0,3.2224811150904116,6.837674345366606,0.0
0,3.1492979429152865,6.807354492546603,0.0
0,3.07710040983555,6.771767415402222,0.0
0,3.0105067314348717,6.735481608449334,0.0
0,2.9365952470439627,6.695667005254303,0.0
0,2.866142407741527,6.654074004901743,0.0
0,2.796020931003905,6.60609239682191,0.0
0,2.7230220016561777,6.559237960617912,0.0
0,2.6531441378950453,6.508915800294197,0.0
0,2.58897771136465,6.453924590254402,0.0
0,2.522554223198997,6.399673182489517,0.0
0,2.4599360639195607,6.342440193625112,0.0
0,2.3988463232021044,6.279590532499357,0.0
0,2.3398295351773997,6.218461356140976,0.0
0,2.28464727988704,6.156173240725485,0.0
0,2.2312775433274217,6.087122109510984,0.0
0,2.180378801022856,6.018449122260691,0.0
0,2.1308086740773056,5.951074441500451,0.0
0,2.084599506504388,5.87806316416952,0.0
0,2.041617467521952,5.802537737700958,0.0
0,2.001339206021593,5.729790084866366,0.0
0,1.9616107596162586,5.653437085501837,0.0
0,1.925692941158808,5.575414986565221,0.0
0,1.8923519643389684,5.496272864219722,0.0
0,1.8651719042945625,5.4165683516217875,0.0
0,1.8362678794247445,5.336284019621454,0.0
0,1.8111674186859346,5.2532114837599835,0.0
0,1.789675954929829,5.16831858339739,0.0
0,1.7728390666027019,5.086589595632002,0.0
0,1.7535924635961155,5.002775690008768,0.0
0,1.7398876149966322,4.917911312421346,0.0
0,1.7291123932632657,4.832613449356455,0.0
0,1.7218108307813256,4.748907396079485,0.0
0,1.7163740586152714,4.689256178220255,0.0
0,1.7130273729043668,4.6084654541282735,0.0
0,1.7119765645155267,4.523079915395633,0.0
0,1.7119470378578998,4.444707568993829,0.0
0,1.7123552059609883,4.362561074674714,0.0
0,1.7184688135551989,4.277076297887131,0.0
0,1.726903954684567,4.191025869818576,0.0
0,1.739595583937454,4.107119878934233,0.0
0,1.7503599980885087,4.023228951046334,0.0
0,1.7650793674536494,3.938735789254339,0.0
0,1.782958503871717,3.8528729041448675,0.0
0,1.8025306003978194,3.7704459472858103,0.0
0,1.823434934386174,3.6920156168233027,0.0
0,1.8489256260947187,3.6092888305771607,0.0
0,1.8752932063282737,3.524722228077433,0.0
0,1.9040871452299961,3.445443176493662,0.0
0,1.93560753043568,3.3686468350024126,0.0
0,1.9696514491594357,3.289520536941256,0.0
0,2.004531425089673,3.2109496418026833,0.0
0,2.0415506453423475,3.1324939389722233,0.0
0,2.080981286320197,3.058287346406271,0.0
0,2.123302199293898,2.984174461362882,0.0
0,2.168420166090076,2.909197408286347,0.0
0,2.212865831138766,2.8390436671402894,0.0
0,2.2611305139450004,2.766100845150161,0.0
0,2.3087213198207706,2.6975029160864614,0.0
0,2.3592857486363155,2.6291455622413715,0.0
0,2.412018965097511,2.563096702623775,0.0
0,2.4681189762767786,2.4982108620519,0.0
0,2.523927963539435,2.434969679147832,0.0
0,2.5846989028061556,2.3725939622760173,0.0
0,2.6431588876108694,2.31286988390194,0.0
0,2.7061194076604274,2.2547359798730144,0.0
0,2.7703077519127,2.199319212903113,0.0
0,2.836308309361028,2.1429230415701483,0.0
0,2.900459236007226,2.089832459951239,0.0
0,2.9698878186585316,2.0395302642043798,0.0
0,3.041812399557881,1.9898622065027598,0.0
0,3.108997915518634,1.9432718642922828,0.0
0,3.1829325159314146,1.900361476416411,0.0
0,3.2590718336528464,1.8591070548097846,0.0
0,3.3335339982767995,1.818436205182397,0.0
0,3.410750681238994,1.779846832370819,0.0
0,3.4866325362281843,1.745924664653843,0.0
0,3.5658155213646787,1.7144592307298896,0.0
0,3.6470430979797226,1.6824692991833992,0.0
0,3.725747032599768,1.6563260993863245,0.0
0,3.8075382386351975,1.6307379096181909,0.0
0,3.8883070533532886,1.6075381845336802,0.0
0,3.972595808311904,1.5898654232521934,0.0
0,4.055745193262763,1.573031411025433,0.0
0,4.140866009749734,1.55875279751751,0.0
0,4.224767757531875,1.5485469402864696,0.0
0,4.309158826436323,1.5401715751010228,0.0
0,4.393855763082962,1.5373570463375201,0.0
0,4.480322336022922,1.5370170406032782,0.0
0,4.565681827874332,1.5387145041568937,0.0
0,4.648990586275125,1.5420938217410107,0.0
0,4.735683896612613,1.5508835226250697,0.0
0,4.818745487980824,1.5636897013457123,0.0
0,4.902546681477461,1.5788959698134133,0.0
0,4.986133427738818,1.594423577580665,0.0
0,5.068824659938157,1.6126710475516894,0.0
0,5.152663089196809,1.6379929068981371,0.0
0,5.233318523065011,1.6640298426270341,0.0
0,5.315570266421784,1.6908163339565867,0.0
0,5.395650838187363,1.7216798820386399,0.0
0,5.473585080547695,1.7582909360697063,0.0
0,5.549953916260971,1.7983718424241193,0.0
0,5.62580291359224,1.83498311729232,0.0
1,6.242163978180333,2.2346731688444867,1.0
1,6.300408781899741,2.2981325657967497,1.0
1,6.356741990564161,2.359804201878132,1.0
1,6.412138903806902,2.424018095795182,1.0
1,6.46293049561963,2.490693779711938,1.0
1,6.512403497029538,2.5595132522243444,1.0
1,6.5599646407602,2.629530982661768,1.0
1,6.603257608680771,2.6996344253393474,1.0
1,6.644880933246249,2.772760992379508,1.0
1,6.684748702137063,2.8472693921687986,1.0
1,6.722359985986628,2.922108451094381,1.0
1,6.75584475154788,2.9990090173869604,1.0
1,6.78934031866752,3.0763748874760433,1.0
1,6.819801582028025,3.1555309893399155,1.0
1,6.846272121285854,3.2346998268614624,1.0
1,6.871719974017626,3.315250709474198,1.0
1,6.89466157067004,3.397144711990006,1.0
1,6.913983866649939,3.477332907484791,1.0
1,6.932390705345002,3.5594597083802424,1.0
1,6.948319897954953,3.643229434580263,1.0
1,6.961015780866018,3.7266655707200096,1.0
1,6.972600958199361,3.810865854180571,1.0
1,6.981623376456472,3.8935318001770978,1.0
1,6.987082427093981,3.9780165859372643,1.0
1,6.991167104599661,4.062484631176054,1.0
1,6.9930662145793425,4.144859754921919,1.0
1,6.992313348522631,4.2295718748072195,1.0
1,6.988711209437721,4.314866251338071,1.0
1,6.9839096366071765,4.397861494003925,1.0
1,6.976884872330005,4.481041977903638,1.0
1,6.965226510567802,4.563466418158175,1.0
1,6.952849341479906,4.645855964677793,1.0
1,6.938394910205891,4.729829388841079,1.0
1,6.920908328317813,4.812330441082149,1.0
1,6.899625411973247,4.893303123326624,1.0
1,6.877536739154409,4.972983123981947,1.0
1,6.854190263988273,5.053933497698223,1.0
1,6.827874877296611,5.133690881394224,1.0
1,6.797465332412804,5.211961048421087,1.0
1,6.765580735008961,5.290233140407813,1.0
1,6.731106481809952,5.367489874160837,1.0
1,6.695522480094057,5.443140094791647,1.0
1,6.655869959085951,5.51680993709752,1.0
1,6.6140965705695836,5.590591970319828,1.0
1,6.57134478048329,5.663347933673572,1.0
1,6.525588277752361,5.733828227739657,1.0
1,6.477795068470757,5.802210986923926,1.0
1,6.4275817526025385,5.870272999262084,1.0
1,6.377124870004202,5.935024316613894,1.0
1,6.323474744602922,5.999292602125288,1.0
1,6.26680229341763,6.062188274628982,1.0
1,6.208377115458594,6.12272115381154,1.0
1,6.148933970226221,6.1814393603207805,1.0
1,6.087357166730095,6.237616672102253,1.0
1,6.023501369341625,6.292273873301033,1.0
1,5.956800876183592,6.345491422319352,1.0
1,5.889848263069245,6.394988796457547,1.0
1,5.820940604656315,6.443136427701563,1.0
1,5.751337457284134,6.488919673012036,1.0
1,5.679453907110029,6.532988154512102,1.0
1,5.605354359622228,6.576174487866738,1.0
1,5.531773467780706,6.616249464691487,1.0
1,5.458333741845304,6.653163228853945,1.0
1,5.380967384825889,6.688692756169051,1.0
1,5.3030721710123485,6.720336769058741,1.0
1,5.2254457035664235,6.752066160740974,1.0
1,5.1454607055503345,6.780376293633918,1.0
1,5.065418801641684,6.805712815572964,1.0
1,4.986092832183909,6.826821932334713,1.0
1,4.905981383442674,6.8495956182898485,1.0
1,4.823407481917375,6.868054133335339,1.0
1,4.740607706436172,6.88262746347193,1.0
1,4.65837460110972,6.896222484327687,1.0
1,4.575964141544008,6.907505000728032,1.0
1,4.492277996599486,6.915664727057207,1.0
1,4.408041606517418,6.9233670468377415,1.0
1,4.32541102599396,6.927152008807371,1.0
1,4.240831201512503,6.928347230934762,1.0
1,4.157902840149872,6.928478971698032,1.0
1,4.073072722729117,6.926134349991331,1.0
1,3.989780266963317,6.920407304390633,1.0
1,3.907948576115399,6.912657899273332,1.0
1,3.8232652536802196,6.904263748271265,1.0
1,3.739744248797514,6.891047881492363,1.0
1,3.657601644063142,6.877078562439696,1.0
1,3.57647281927214,6.860693783928218,1.0
1,3.4946132059509356,6.840277169628672,1.0
1,3.4123816713603388,6.819575876097337,1.0
1,3.33267354382006,6.796212530170104,1.0
1,3.2539334834825677,6.769613495726955,1.0
1,3.175935357556461,6.740721656006879,1.0
1,3.0977873481578917,6.710396481617066,1.0
1,3.021040645668022,6.676399813124092,1.0
1,2.945898465213995,6.64125904025319,1.0
1,2.8726004033762753,6.603668228181846,1.0
1,2.8001616959234643,6.561289484259317,1.0
1,2.7308596392513778,6.519686350106018,1.0
1,2.6658535737993323,6.47722581681394,1.0
1,2.5996053779999864,6.4296526485760594,1.0
1,2.5390431861090446,6.381433061916872,1.0
1,2.4869378120577803,6.336882647991779,1.0
1,2.434506828414542,6.290953890401914,1.0
1,2.3776034056268034,6.2390270642176775,1.0
1,2.319836688562716,6.178938538702335,1.0
1,2.26124422394283,6.1180160509691905,1.0
1,2.204627014304445,6.055090682875757,1.0
1,2.1530492585673784,5.98910070581074,1.0
1,2.101124365943504,5.921602868337955,1.0
1,2.052443837106263,5.853473531099462,1.0
1,2.0072606773945623,5.780070994605221,1.0
1,1.9642656010331938,5.707852596828401,1.0
1,1.925385364590703,5.6355753802383735,1.0
1,1.8890915427657828,5.558780568356404,1.0
1,1.8561626837993253,5.481546737104633,1.0
1,1.8246061006316265,5.40552916540655,1.0
1,1.797927781022462,5.325153275660152,1.0
1,1.7749356428708365,5.243080794325078,1.0
1,1.7550593743752405,5.163346561572419,1.0
1,1.736737332071425,5.081304414926927,1.0
1,1.7222969191501474,4.998448953057403,1.0
1,1.7109457150097247,4.914892599805343,1.0
1,1.7048188579794277,4.831910099232719,1.0
1,1.6990526986296774,4.748081291812243,1.0
1,1.6967589022756815,4.663547263527628,1.0
1,1.698406282057946,4.578025359084409,1.0
1,1.7033219610742785,4.49542832922565,1.0
1,1.7082511744297608,4.4104901872869515,1.0
1,1.7178982578035191,4.325533838049271,1.0
1,1.730437859125521,4.241383336316123,1.0
1,1.7458898636079165,4.159802472598555,1.0
1,1.7594350588369616,4.089898391428563,1.0
1,1.7784319819512697,4.009923316396296,1.0
1,1.7999186242986973,3.9285861141179685,1.0
1,1.8207165135206418,3.8546032866636777,1.0
1,1.8432253629733706,3.7799845370255634,1.0
1,1.8720212067914284,3.700385173365812,1.0
1,1.9024173640650324,3.621481663017744,1.0
1,1.9353277555775052,3.5439479592449334,1.0
1,1.9680130443541037,3.4667260732069574,1.0
1,2.00426845117447,3.3908118756865964,1.0
1,2.043409527856389,3.315136612644236,1.0
1,2.083434042971546,3.241719862419494,1.0
1,2.1236156200923704,3.171827801587984,1.0
1,2.1678105996758803,3.0992709016402045,1.0
1,2.2138598142787713,3.0263101570374644,1.0
1,2.261168675874383,2.957879691883021,1.0
1,2.309971115540657,2.8920457716784083,1.0
1,2.361299759456711,2.8250406739282825,1.0
1,2.4135049638467887,2.758848162263768,1.0
1,2.4678478135586284,2.693948466961316,1.0
1,2.523453588930206,2.632706740085345,1.0
1,2.5808694832981636,2.5721960919146105,1.0
1,2.6410851650064937,2.5113652650844553,1.0
1,2.70078264452863,2.4534426219270724,1.0
1,2.7621789049853955,2.395534971591591,1.0
1,2.8245392177021893,2.3407978137216015,1.0
1,2.888711957297359,2.287266386287423,1.0
1,2.9534783620002694,2.235275971606006,1.0
1,3.02027234735493,2.1842385618273408,1.0
1,3.087429152513165,2.1353977072552017,1.0
1,3.1579944890523515,2.0885543189086304,1.0
1,3.2280729313492613,2.0440908636774147,1.0
1,3.2999478226724785,2.0022062755580974,1.0
1,3.3734633876976643,1.9616997950057422,1.0
1,3.4478870848401995,1.921673553958853,1.0
1,3.5209951644086863,1.8836319966183999,1.0
1,3.597439060801756,1.8491464047932522,1.0
1,3.675580005323945,1.8157881891973024,1.0
1,3.7511460671838233,1.7842441930178004,1.0
1,3.829769388480712,1.7565633760642199,1.0
1,3.9102653243074137,1.7316138358932653,1.0
1,3.990252143716928,1.7073310525607532,1.0
1,4.07124743264818,1.6848534145053347,1.0
1,4.151978670411862,1.666634311965913,1.0
1,4.234576088048526,1.650912158266521,1.0
1,4.318113121129888,1.635409347330578,1.0
1,4.399784040224354,1.6240343785239049,1.0
1,4.482841256246585,1.6152119395783082,1.0
1,4.566075178588303,1.608253813505616,1.0
1,4.650186391150965,1.6059117117451829,1.0
1,4.733726244820048,1.6043735358266373,1.0
1,4.818476146867042,1.6056314026152465,1.0
1,4.901066022181812,1.6112513133179067,1.0
1,4.983586338055138,1.6188763667741075,1.0
1,5.065829160502347,1.631134688627416,1.0
1,5.148982623695977,1.6469789433720783,1.0
1,5.230088607446025,1.6652795210867113,1.0
1,5.309950004244758,1.6852304568061094,1.0
1,5.390479555306028,1.7098480628532127,1.0
1,5.467937872866287,1.7382794479960737,1.0
1,5.545575618354977,1.769312541963737,1.0
1,5.623106400697756,1.802056289366995,1.0
1,5.69855611441416,1.8382654665733773,1.0
1,5.77156632921222,1.8802204176062844,1.0
1,5.842902613962037,1.9230588369819872,1.0
1,5.915556546625772,1.967265305370068,1.0
1,5.985333555967098,2.0151944947640037,1.0
1,6.051886971884213,2.068034032151807,1.0
1,6.116979489136256,2.1225149278339006,1.0
1,6.181204612267394,2.1763593429391617,1.0
2,6.6927786511695615,2.6995825358123664,2.0
2,6.732329533500726,2.772229473030706,2.0
2,6.769428424462008,2.8454350174339957,2.0
2,6.805096198181101,2.9195632584785054,2.0
2,6.836788900201301,2.9954138050787864,2.0
2,6.8659504336174795,3.072855831834513,2.0
2,6.89093192344999,3.1511713896279834,2.0
2,6.91436402874848,3.2279708861168372,2.0
2,6.932493026375171,3.307082281776702,2.0
2,6.9488576956476535,3.386967668564563,2.0
2,6.962886798614093,3.467730527343048,2.0
2,6.973592631466608,3.548024928310449,2.0
2,6.9829539621332,3.630100274894571,2.0
2,6.989165639422808,3.712279615359116,2.0
2,6.993294450819141,3.7943560855166463,2.0
2,6.994506235354948,3.876415972348661,2.0
2,6.993038757782219,3.9582557123749025,2.0
2,6.988816886178783,4.038335114395745,2.0
2,6.983138622590584,4.120173523146557,2.0
2,6.975687973589984,4.2023721805443826,2.0
2,6.9655512318984165,4.283300660863392,2.0
2,6.954494405241325,4.3653028613003135,2.0
2,6.940040228452505,4.446154043513402,2.0
2,6.923293757899729,4.525857870026802,2.0
2,6.905089441978334,4.605897811414312,2.0
2,6.885512609446536,4.684456824278288,2.0
2,6.864172893278191,4.763915341745441,2.0
2,6.840145219747153,4.8431428107355305,2.0
2,6.814561116348971,4.920153132014768,2.0
2,6.787988787841838,4.995748593311514,2.0
2,6.757733420283153,5.071063205220995,2.0
2,6.726166422463163,5.145728929044908,2.0
2,6.691958815771505,5.220445397259869,2.0
2,6.655635281258214,5.293838867564453,2.0
2,6.616982664625137,5.364814649605169,2.0
2,6.577494569250957,5.436351666188035,2.0
2,6.536907722671865,5.507000959738573,2.0
2,6.493268299825733,5.57647436613642,2.0
2,6.447196352529238,5.644068751242854,2.0
2,6.3994481567519,5.7099579435533245,2.0
2,6.349201369337267,5.775366733592414,2.0
2,6.2973172844155565,5.83863702403804,2.0
2,6.2434064154294475,5.9005768951684345,2.0
2,6.1882226864195005,5.961982073562611,2.0
2,6.131716631211836,6.02021419672334,2.0
2,6.071791963193875,6.077473916566732,2.0
2,6.011955004782744,6.1317800898360435,2.0
2,5.949150361964062,6.184445449716882,2.0
2,5.885896477719203,6.234400884085723,2.0
2,5.821318283144524,6.283537008537119,2.0
2,5.752943423818632,6.330403922956705,2.0
2,5.685295438348384,6.374895960458612,2.0
2,5.615676551365936,6.417124356070552,2.0
2,5.544395540074976,6.457408551032039,2.0
2,5.472090526949748,6.493981137425022,2.0
2,5.397060543222045,6.5285749538269275,2.0
2,5.32329646962114,6.5610073121143255,2.0
2,5.2472831496425805,6.590550804034872,2.0
2,5.170285965645961,6.618628400969811,2.0
2,5.091547496357293,6.644200516007903,2.0
2,5.012387747440646,6.667986700214605,2.0
2,4.93359835970108,6.689127365303483,2.0
2,4.855788266559418,6.706272763743524,2.0
2,4.774945979840115,6.723587630199684,2.0
2,4.693880443824528,6.736856622744602,2.0
2,4.61212164984681,6.749206438220626,2.0
2,4.529643671016626,6.75747504990475,2.0
2,4.448938737149303,6.764399072369137,2.0
2,4.3684309379658375,6.768120576139712,2.0
2,4.28790098660618,6.77123303244227,2.0
2,4.2062078099168,6.77040631489438,2.0
2,4.124672048557868,6.767979183708865,2.0
2,4.044482982001381,6.762320265828282,2.0
2,3.9632131272368394,6.755796808620592,2.0
2,3.8826227553017922,6.746421692969511,2.0
2,3.801401372420183,6.734997928643318,2.0
2,3.7213173814425864,6.722555249438532,2.0
2,3.6405671472389076,6.706334234129029,2.0
2,3.5607459038202336,6.688850509560844,2.0
2,3.481712164460874,6.670229710948654,2.0
2,3.4029828375846476,6.649025241320016,2.0
2,3.325326587079246,6.625628868480119,2.0
2,3.2477390835179776,6.6015160748075035,2.0
2,3.1693295242773107,6.574244125824916,2.0
2,3.094587465448026,6.5444287819022025,2.0
2,3.018462337992457,6.513751942605448,2.0
2,2.9438044823056657,6.4811340897815315,2.0
2,2.869032047133904,6.445937172051023,2.0
2,2.7971441974241014,6.410687636478025,2.0
2,2.725065546174796,6.371700086040104,2.0
2,2.655061566603877,6.3299276503965345,2.0
2,2.5851560512229135,6.287364363012917,2.0
2,2.5174293425551904,6.24223086801796,2.0
2,2.452162652485069,6.193971223573315,2.0
2,2.3887740561122857,6.14579290251659,2.0
2,2.326660396091965,6.094971207434756,2.0
2,2.2646327004225255,6.040655852794248,2.0
2,2.2064909405789703,5.984375173712934,2.0
2,2.15078192183865,5.922971917288985,2.0
2,2.10464166270755,5.869134764123507,2.0
2,2.0680970205143714,5.823858727356793,2.0
2,2.0325369755565306,5.778290559659348,2.0
2,1.9890084202824863,5.721348159068017,2.0
2,1.9441184671074705,5.652828142552515,2.0
2,1.901992902223303,5.583415070547792,2.0
2,1.860675451807654,5.5118661096531,2.0
2,1.8224101424329509,5.4385204164659475,2.0
2,1.787448456926989,5.362490709306494,2.0
2,1.7548208036749493,5.286702994252458,2.0
2,1.7272915357890817,5.207817693284788,2.0
2,1.7021330164811088,5.129693949435396,2.0
2,1.6823872744599315,5.051688305139266,2.0
2,1.6642108432901601,4.972254743059391,2.0
2,1.6515055071695053,4.89216257640855,2.0
2,1.6407097968374496,4.812774930395222,2.0
2,1.6359360982213889,4.731054199264279,2.0
2,1.6343560950921123,4.648731693993441,2.0
2,1.6381228341479583,4.568663629826202,2.0
2,1.643960606992235,4.487993879991485,2.0
2,1.6531318342827501,4.407064346489271,2.0
2,1.6658956039644894,4.327168958588623,2.0
2,1.682816487664419,4.247015720092257,2.0
2,1.7022940950009198,4.167453125204812,2.0
2,1.724579132112396,4.088917454849081,2.0
2,1.7499699215555808,4.010966844525423,2.0
2,1.7784286831340994,3.9342832448923333,2.0
2,1.8089113170898479,3.856558744677473,2.0
2,1.8428398881648378,3.7798260791302556,2.0
2,1.8795057272843132,3.7048443702880114,2.0
2,1.9175903375317298,3.6325378822597933,2.0
2,1.9569402415605643,3.5606905002558378,2.0
2,1.998144720227451,3.48944226270381,2.0
2,2.0419911615927973,3.4198971122430546,2.0
2,2.0827354014473185,3.35696312847792,2.0
2,2.1256859775629584,3.294754573263197,2.0
2,2.1755541801096427,3.228323187089141,2.0
2,2.22521615746737,3.163966464992136,2.0
2,2.2772037218985406,3.099747447362898,2.0
2,2.330049984749193,3.036750446628516,2.0
2,2.384552195640822,2.975295509902076,2.0
2,2.4409851279712367,2.916753912764607,2.0
2,2.4983991746907783,2.8587218013427034,2.0
2,2.5551269273659134,2.8036375842415637,2.0
2,2.6149616912747486,2.747239963836474,2.0
2,2.6761595885255822,2.6915684856111017,2.0
2,2.7383775362349345,2.639468417341468,2.0
2,2.800517582545358,2.589232589769278,2.0
2,2.864608272106256,2.538808548615367,2.0
2,2.9300934833457464,2.4900775173039693,2.0
2,2.9960302041371056,2.4431747059946787,2.0
2,3.063992375898404,2.3990195066636026,2.0
2,3.1317342212556056,2.3551643303135794,2.0
2,3.201566661033303,2.3121717923141185,2.0
2,3.272558448459373,2.270503482284652,2.0
2,3.341652272574195,2.2299233796277176,2.0
2,3.414220471733175,2.192028899156035,2.0
2,3.486793415313362,2.1555892848621294,2.0
2,3.5587706770227685,2.11942002464703,2.0
2,3.6318109497902635,2.0842577916348706,2.0
2,3.706174822589884,2.051099849271214,2.0
2,3.781611418116298,2.0206135356652792,2.0
2,3.8581198450671974,1.992135709119954,2.0
2,3.933762139478991,1.966831976971973,2.0
2,4.01251605651772,1.9417107224687191,2.0
2,4.09014006991459,1.9173385626378634,2.0
2,4.167956079596873,1.8952462162574544,2.0
2,4.246095314862278,1.8755239002717508,2.0
2,4.326419755050917,1.857111276389955,2.0
2,4.405856575679905,1.84084063200949,2.0
2,4.485541766262438,1.82652743003558,2.0
2,4.566070736266637,1.8160908613204336,2.0
2,4.647216227754672,1.8061931629925043,2.0
2,4.728483329208973,1.7986784794788573,2.0
2,4.810255154675921,1.7931394712482391,2.0
2,4.893155833595391,1.7914324468622493,2.0
2,4.975153320751971,1.7895025481963502,2.0
2,5.056980981727494,1.7908255224348761,2.0
2,5.138252649951751,1.7954514549656304,2.0
2,5.220250701571628,1.8013534543075886,2.0
2,5.302092829146557,1.8108990881728495,2.0
2,5.383480855269387,1.8214452111585446,2.0
2,5.464818140079767,1.834628664786778,2.0
2,5.543818450843309,1.8523760844831738,2.0
2,5.622131168955454,1.8719477151117205,2.0
2,5.699916893622252,1.8955573538126744,2.0
2,5.776853034748626,1.923336753062049,2.0
2,5.85088903285912,1.9536650678558933,2.0
2,5.924496913428714,1.9864266647819768,2.0
2,5.9966111530050314,2.0224327073977726,2.0
2,6.065919594118219,2.0621762270304185,2.0
2,6.134653073817736,2.1058366698600635,2.0
2,6.20236726418242,2.1516205510012543,2.0
2,6.266178086070656,2.201760057397966,2.0
2,6.3260214042200165,2.25529710421973,2.0
2,6.384758675186375,2.3111650164014548,2.0
2,6.443059681868757,2.369232782362814,2.0
2,6.4988329008550965,2.4305393964119775,2.0
2,6.550075083064788,2.4954373608992606,2.0
2,6.600670865491489,2.5616572364031356,2.0
2,6.648785394757602,2.6287411169244113,2.0
3,7.036186983839462,3.276199208713931,3.0
3,7.0556125282949385,3.3545118507677034,3.0
3,7.071096431602307,3.433218678540088,3.0
3,7.085323243287984,3.5123657622834648,3.0
3,7.095334369537734,3.591315256833802,3.0
3,7.102003260160449,3.6717806285168098,3.0
3,7.103033915724195,3.751344303690377,3.0
3,7.103037275270529,3.830341636157408,3.0
3,7.0985924277666435,3.9085887757258115,3.0
3,7.090664028555629,3.9861060459069177,3.0
3,7.0805401462613204,4.065016997557667,3.0
3,7.066369546338146,4.142264854203407,3.0
3,7.050722712866163,4.220233553506792,3.0
3,7.031638837941019,4.298069430659216,3.0
3,7.011637570405031,4.374885068508843,3.0
3,6.988315477738359,4.451106787526008,3.0
3,6.962172817015622,4.52574759796086,3.0
3,6.934867539881138,4.5992211232282365,3.0
3,6.905757951610713,4.672846909608304,3.0
3,6.874210835551079,4.7460099805878695,3.0
3,6.8412391525682725,4.817933147194246,3.0
3,6.807301235872361,4.889790520898497,3.0
3,6.77108278838275,4.960757191362019,3.0
3,6.733213815448271,5.030536491239888,3.0
3,6.694603350716539,5.099342633119545,3.0
3,6.654398616395735,5.167078900919693,3.0
3,6.613532165303013,5.2345449844434455,3.0
3,6.57027712459632,5.301767406224068,3.0
3,6.525890553030117,5.367347672723106,3.0
3,6.481256581233305,5.431053706914948,3.0
3,6.434392111636202,5.493808805975646,3.0
3,6.385485574459387,5.555325423884787,3.0
3,6.334740122113149,5.615965092407766,3.0
3,6.282940937011251,5.675704006139867,3.0
3,6.2301117585754024,5.732725962371293,3.0
3,6.175314796361831,5.789439709656261,3.0
3,6.119464533278936,5.845780819971406,3.0
3,6.062554033600438,5.900580992886346,3.0
3,6.00333242330515,5.953581864349635,3.0
3,5.943072097848496,6.00426824904259,3.0
3,5.880312328675554,6.054166007068426,3.0
3,5.81670417152457,6.100947030842889,3.0
3,5.7513107316189975,6.146538893476265,3.0
3,5.684943166364393,6.19137403094995,3.0
3,5.618070015940169,6.232730864219602,3.0
3,5.548707008213692,6.273535460959415,3.0
3,5.480499695179322,6.311539384401332,3.0
3,5.409862643549349,6.346031807770669,3.0
3,5.338253405737335,6.378940042988132,3.0
3,5.26671166115403,6.410312386137528,3.0
3,5.1916546314127725,6.438618116951488,3.0
3,5.11707846529098,6.464981632438049,3.0
3,5.042589034747051,6.488381178867995,3.0
3,4.965619945640878,6.509670415285673,3.0
3,4.889676148296903,6.527885235780344,3.0
3,4.810869344956846,6.542702513432526,3.0
3,4.733629335901629,6.55596491549926,3.0
3,4.655966753395768,6.5662016862587596,3.0
3,4.5774379954475135,6.57460099727185,3.0
3,4.497677668547496,6.580925976264911,3.0
3,4.4180882002306054,6.584381642694037,3.0
3,4.338377956177867,6.585415938447919,3.0
3,4.26043172149664,6.583699262001388,3.0
3,4.181435519844486,6.5809026101086685,3.0
3,4.102219513938056,6.5748057411399845,3.0
3,4.02184311032555,6.567393528226945,3.0
3,3.9425727586872177,6.556809068754542,3.0
3,3.865079216396164,6.545013550268031,3.0
3,3.7879992496104156,6.530167508507079,3.0
3,3.7116523912148276,6.5144776959659545,3.0
3,3.635413167692326,6.495150228469638,3.0
3,3.558420052314234,6.475919380202701,3.0
3,3.4840217401170808,6.453273523552726,3.0
3,3.409271858364107,6.42889669948722,3.0
3,3.3357697497650163,6.40358332351364,3.0
3,3.26161581491321,6.375967411920256,3.0
3,3.1884762480572877,6.346963052591894,3.0
3,3.1152363118589865,6.31504894398721,3.0
3,3.0434834507579116,6.282276322574749,3.0
3,2.971972105287302,6.24900709137534,3.0
3,2.902294205627864,6.213761377887714,3.0
3,2.832267135195704,6.1766545284629375,3.0
3,2.7633654705069595,6.138430692434122,3.0
3,2.693715187267571,6.097992959798005,3.0
3,2.627166467734988,6.0565288867853955,3.0
3,2.560734977538113,6.014406159734353,3.0
3,2.4942363190161303,5.970027865483708,3.0
3,2.4298650824752346,5.923140228096289,3.0
3,2.3669196624717785,5.877423203205664,3.0
3,2.3049100911810583,5.82904042966253,3.0
3,2.2451816428720237,5.777602181105831,3.0
3,2.185472503914025,5.725619483040409,3.0
3,2.1276209200771743,5.671277484501726,3.0
3,2.072906665854544,5.614488144502271,3.0
3,2.0205422581196815,5.557128715035182,3.0
3,1.9700300856226265,5.49854339896458,3.0
3,1.9212177752125574,5.436491374128277,3.0
3,1.8756314447220943,5.372557138773802,3.0
3,1.8331329670666923,5.304998601303646,3.0
3,1.7981792017666238,5.246165556922339,3.0
3,1.7727942281432953,5.198691041718735,3.0
3,1.747491263949746,5.148513769311137,3.0
3,1.7190841274523205,5.091012806116026,3.0
3,1.6875959164729852,5.017179813883644,3.0
3,1.6611434065199988,4.942689686804276,3.0
3,1.6366553379658646,4.866697587370558,3.0
3,1.6146377200613486,4.7885074864851935,3.0
3,1.597863945069513,4.709585543007832,3.0
3,1.583719704618377,4.630216749667581,3.0
3,1.5747861688176321,4.549390533432403,3.0
3,1.5689634808394362,4.470539972477243,3.0
3,1.568812576588907,4.392077317222749,3.0
3,1.5713271915041325,4.314004517294046,3.0
3,1.5795537252799121,4.237180781996286,3.0
3,1.591023924619942,4.160432943444571,3.0
3,1.6079661637587754,4.084498890201088,3.0
3,1.6293419174169455,4.0086151224895445,3.0
3,1.6559024406797518,3.9351519668453956,3.0
3,1.6859791404645252,3.863712199155439,3.0
3,1.7186766412788892,3.7928908343342207,3.0
3,1.7554455432756038,3.7233718755033003,3.0
3,1.7958822191269521,3.6560986315500394,3.0
3,1.8389192160692314,3.5882943779388765,3.0
3,1.8849039506563445,3.5233582091108775,3.0
3,1.9330047778831647,3.4595554016458125,3.0
3,1.9842025612387733,3.3981783719136214,3.0
3,2.03706384653059,3.336545561810295,3.0
3,2.092344708716609,3.2767874318603676,3.0
3,2.1504116106165068,3.2191631940130825,3.0
3,2.208949519841565,3.1630935204269135,3.0
3,2.268036642637171,3.1089008672391,3.0
3,2.328421218492645,3.056237868812535,3.0
3,2.3900571211259067,3.004694033237375,3.0
3,2.45287542688255,2.954746627200591,3.0
3,2.5127389770554704,2.9082290226419634,3.0
3,2.578380426219184,2.861577629264268,3.0
3,2.643685126621209,2.816338760236488,3.0
3,2.710351436196411,2.7733384688897984,3.0
3,2.7777926108436373,2.7307971669087876,3.0
3,2.846073281060296,2.6887705892027634,3.0
3,2.9143927605463644,2.649395062581614,3.0
3,2.9837107807192114,2.611844396982595,3.0
3,3.051888350842584,2.576552965203716,3.0
3,3.122694952984245,2.541927352724381,3.0
3,3.194004210832082,2.507709544508947,3.0
3,3.265832037321592,2.4749085149422574,3.0
3,3.3368238967824118,2.444103703379081,3.0
3,3.408550039786203,2.414080017265634,3.0
3,3.4819037835712217,2.385262801729938,3.0
3,3.5544666278125314,2.358083899514781,3.0
3,3.6284372056997456,2.333538237336644,3.0
3,3.703149223587628,2.30945176666436,3.0
3,3.7773171918153796,2.2861758256565468,3.0
3,3.8534441350290174,2.264073663369438,3.0
3,3.927848944456001,2.242609689478417,3.0
3,4.003602224445367,2.2233005205767533,3.0
3,4.080315269159771,2.2045334950080977,3.0
3,4.155506494642836,2.1871179815458097,3.0
3,4.23184594245941,2.1705056119428288,3.0
3,4.308396950871539,2.1552094198914453,3.0
3,4.385919811053382,2.1420627481401855,3.0
3,4.464049696626586,2.130205769051402,3.0
3,4.541272715006416,2.1209520355502978,3.0
3,4.619723195692423,2.1130301465689434,3.0
3,4.698498024779555,2.1048105439401232,3.0
3,4.776542737168181,2.0989674258294633,3.0
3,4.854130937831264,2.0949497927544067,3.0
3,4.9330264548994895,2.0917464970925397,3.0
3,5.012482120283664,2.0912228759354368,3.0
3,5.0906372352584786,2.091654074356545,3.0
3,5.168869333989152,2.0948026150235535,3.0
3,5.248861620871946,2.099348154975518,3.0
3,5.327650353030787,2.1057193720418006,3.0
3,5.407369791990978,2.113360521440792,3.0
3,5.4875536097894635,2.124263014401114,3.0
3,5.566405198522643,2.1359390691238804,3.0
3,5.646094401415643,2.1502441381245054,3.0
3,5.724446990851119,2.166883057270934,3.0
3,5.801897765749703,2.1840520417430267,3.0
3,5.881000854799927,2.20447970448566,3.0
3,5.9581794307366955,2.2267339680632925,3.0
3,6.034610317706019,2.251231875678877,3.0
3,6.109397455541966,2.278223378401544,3.0
3,6.182934174470409,2.308186658249456,3.0
3,6.254512049339617,2.3411516627402156,3.0
3,6.324617624100791,2.3782081967475612,3.0
3,6.391316765196057,2.416876028356268,3.0
3,6.456963360971974,2.458570022647108,3.0
3,6.520535243337854,2.5035260413797973,3.0
3,6.580768565020113,2.5510662898644507,3.0
3,6.638093060540802,2.6036458050282234,3.0
3,6.693997288425663,2.6578708097045056,3.0
3,6.745121377942418,2.715322528262194,3.0
3,6.792188236492775,2.776386707187983,3.0
3,6.836761676620192,2.840804535201339,3.0
3,6.878061878595895,2.9082604522507043,3.0
3,6.9169852545412125,2.9772019060840242,3.0
3,6.9506867131829875,3.049488010181262,3.0
3,6.98204471008677,3.123724538971188,3.0
3,7.0111356773098485,3.1987878014907274,3.0
4,7.240451538337429,3.950249614349934,4.0
4,7.238642004555679,4.028782028231093,4.0
4,7.231479481242104,4.106462352945955,4.0
4,7.223340722868996,4.184860891973595,4.0
4,7.211096967946254,4.261448554356773,4.0
4,7.194873326849013,4.339068024932045,4.0
4,7.172464234983509,4.413883087280274,4.0
4,7.148313244219833,4.486935920349608,4.0
4,7.122500257945372,4.5589089710462565,4.0
4,7.091893028876389,4.627323363540291,4.0
4,7.059116043214478,4.696507774064712,4.0
4,7.021505375361027,4.763650331303537,4.0
4,6.983186658380785,4.829599339202493,4.0
4,6.941738835847127,4.894862680408614,4.0
4,6.898509390520566,4.959041619902286,4.0
4,6.854212878620051,5.021624197080272,4.0
4,6.806072438710866,5.081539332828906,4.0
4,6.757866955751413,5.139970147646539,4.0
4,6.709154410841676,5.198558861110809,4.0
4,6.656493053017502,5.255404349341684,4.0
4,6.603351454316218,5.310856128807237,4.0
4,6.550156662203598,5.3662071971612955,4.0
4,6.495549843596461,5.419825126688548,4.0
4,6.438846354096538,5.473241887660435,4.0
4,6.383152294804776,5.525374778165264,4.0
4,6.327053228464702,5.57613362970605,4.0
4,6.270388740138048,5.626275156633786,4.0
4,6.210920463350057,5.676011497924711,4.0
4,6.151089607424467,5.724987070129821,4.0
4,6.091639721463257,5.771280997238753,4.0
4,6.031478028274576,5.817781380264949,4.0
4,5.969088684046453,5.861199267336873,4.0
4,5.905791676039335,5.903752304067946,4.0
4,5.842859951179473,5.945694150308285,4.0
4,5.779381753663242,5.985404266329121,4.0
4,5.71362000493211,6.024043217959604,4.0
4,5.646277115584719,6.062550825954243,4.0
4,5.579561055349278,6.099780777348835,4.0
4,5.511241183800366,6.1345927298683165,4.0
4,5.442483218992959,6.166782768447641,4.0
4,5.371328017352863,6.198516864544829,4.0
4,5.300235261803096,6.2263763052181025,4.0
4,5.228133582674196,6.252895081436514,4.0
4,5.15457225986207,6.2788839766375375,4.0
4,5.081662822745706,6.301128847636274,4.0
4,5.007370235138673,6.322667395808341,4.0
4,4.933844003521514,6.342769323798673,4.0
4,4.8602261995380935,6.358141313080464,4.0
4,4.784268106914722,6.37146926702402,4.0
4,4.71027506501339,6.384192707095835,4.0
4,4.633167069819524,6.392881020280162,4.0
4,4.556573853199185,6.399522752638733,4.0
4,4.48203301211218,6.4038629540714505,4.0
4,4.404346687105182,6.404943824766553,4.0
4,4.327945007379277,6.404105560790762,4.0
4,4.250829221778434,6.399126137821528,4.0
4,4.175110344413588,6.392106301667982,4.0
4,4.0996526313490955,6.38380639093655,4.0
4,4.024622293151884,6.372459080207457,4.0
4,3.94834843319464,6.359216660547425,4.0
4,3.873209329542934,6.3430268823124285,4.0
4,3.798506287168844,6.323450894854203,4.0
4,3.725137537230157,6.302935171882034,4.0
4,3.6520125501448506,6.281598199003806,4.0
4,3.5791839916299457,6.256993537235285,4.0
4,3.505668278561378,6.230463757514008,4.0
4,3.4334618437658513,6.201893540108716,4.0
4,3.3639899409377185,6.172604957279541,4.0
4,3.294820158099465,6.140627678183847,4.0
4,3.226752215209129,6.106993400062139,4.0
4,3.1600409635085707,6.071014928158861,4.0
4,3.091801635749771,6.036034615360595,4.0
4,3.026062193461162,5.99900651627518,4.0
4,2.96199936491916,5.958489001000695,4.0
4,2.898875924047212,5.918110307426201,4.0
4,2.8346896708401244,5.876726203654228,4.0
4,2.7722318722833923,5.833584114631803,4.0
4,2.7095474935404664,5.787710670513161,4.0
4,2.6485053885403764,5.742028856555586,4.0
4,2.587984902394464,5.696270573974208,4.0
4,2.529534770323353,5.649090367178484,4.0
4,2.4703153240651328,5.600137141995426,4.0
4,2.4113647834020653,5.5501419051528025,4.0
4,2.352946198265551,5.498344746392572,4.0
4,2.296911292504873,5.447193383001634,4.0
4,2.241533908744707,5.395673750209336,4.0
4,2.1846138984261905,5.341144014567999,4.0
4,2.131791460055301,5.284789436406086,4.0
4,2.080620140207145,5.23148030144675,4.0
4,2.0292866765300737,5.175886513211861,4.0
4,1.98051136158435,5.11614295736254,4.0
4,1.9328568044626069,5.056567870487222,4.0
4,1.8863382301793057,4.9954825839894745,4.0
4,1.843738985736378,4.932483367743656,4.0
4,1.8036713811902425,4.8679324892716345,4.0
4,1.7655769900542593,4.803092672779466,4.0
4,1.7299785682168576,4.736383793631261,4.0
4,1.6985124847167619,4.667246681344722,4.0
4,1.6703095670275365,4.595245361880623,4.0
4,1.6483368371017675,4.535746551148842,4.0
4,1.6336427665259166,4.4916335612320415,4.0
4,1.6188331966932328,4.43538624942789,4.0
4,1.6026101968233597,4.3725974430455,4.0
4,1.58596906231078,4.29512527696851,4.0
4,1.5755482222694233,4.217910450261692,4.0
4,1.568866798125308,4.141170566469127,4.0
4,1.5648874957697112,4.061633286373779,4.0
4,1.5654708120044067,3.9834868739086255,4.0
4,1.571424297816368,3.905436408976705,4.0
4,1.5825425315781612,3.8278859937666425,4.0
4,1.5955375326880938,3.7531952811271223,4.0
4,1.6158491379668112,3.6810469814041795,4.0
4,1.6395726182809742,3.6096272585350135,4.0
4,1.6676048046527674,3.5423963305105595,4.0
4,1.7014662162844836,3.47649819973282,4.0
4,1.7397816291814592,3.4124864212729165,4.0
4,1.7826306238655039,3.351108707858921,4.0
4,1.8296189460469798,3.292306086016768,4.0
4,1.8817446156828104,3.2380111700976917,4.0
4,1.9350432982423542,3.1853294634582197,4.0
4,1.991951037288143,3.1344873869636283,4.0
4,2.0520051300913216,3.087194038006184,4.0
4,2.1150073398868736,3.039269715710142,4.0
4,2.1804337047429505,2.9951457355479505,4.0
4,2.2470408550452756,2.954034426388131,4.0
4,2.315420603648346,2.915058820693578,4.0
4,2.3851455417264185,2.8769108355639217,4.0
4,2.4557655620801193,2.8398941721667086,4.0
4,2.5290443083697736,2.8070427305623333,4.0
4,2.6021295761431342,2.77352222380206,4.0
4,2.6750737641516174,2.741699234752715,4.0
4,2.74790929449614,2.712771172701846,4.0
4,2.820812800955651,2.684979740989594,4.0
4,2.8963092078194177,2.659320746080453,4.0
4,2.9688270151331477,2.6332511346337317,4.0
4,3.043085180176331,2.610152897691164,4.0
4,3.117609951924376,2.5878129283767133,4.0
4,3.191081895406349,2.5686726149854633,4.0
4,3.2657388098186098,2.550334123810472,4.0
4,3.341261033069752,2.530427743222489,4.0
4,3.416046294060866,2.512989195879022,4.0
4,3.490128636943714,2.4980278536502305,4.0
4,3.563453735968278,2.484687127086492,4.0
4,3.6386792058005994,2.4727267682202823,4.0
4,3.7138395370858146,2.4620467810359927,4.0
4,3.7881425686615318,2.450670170879502,4.0
4,3.8623226782665783,2.440843786653876,4.0
4,3.935933643389477,2.4316880839200334,4.0
4,4.011881912774159,2.4246623125363205,4.0
4,4.0854406901376965,2.4181343538159585,4.0
4,4.159758698115739,2.414323155659296,4.0
4,4.236184994694908,2.410683180882169,4.0
4,4.310172684418673,2.4067738233767417,4.0
4,4.384756264003072,2.4052624122193573,4.0
4,4.459570460027954,2.4033422362266017,4.0
4,4.534468213435101,2.404171409234283,4.0
4,4.610982812264769,2.403930868465768,4.0
4,4.684891125022837,2.405409849808126,4.0
4,4.759153233864587,2.408110814622645,4.0
4,4.833828225051591,2.411135220553852,4.0
4,4.909302687597649,2.415677460951445,4.0
4,4.985103625156387,2.421586502466155,4.0
4,5.0605614322889165,2.4288065919144146,4.0
4,5.135176812864407,2.438682086203603,4.0
4,5.211091888627336,2.4468746925546125,4.0
4,5.285925382705342,2.457297983579085,4.0
4,5.359530242149124,2.4697990455103844,4.0
4,5.43429290614453,2.48213804140886,4.0
4,5.51039127497765,2.4975614296428357,4.0
4,5.584659168991879,2.5132876007270046,4.0
4,5.658255375128,2.5307641804174286,4.0
4,5.734177042650512,2.5497019116822055,4.0
4,5.807960591286455,2.570102790914133,4.0
4,5.883138398835176,2.5915260341525497,4.0
4,5.959028629591697,2.6151066838667414,4.0
4,6.032420570363214,2.6402424837456295,4.0
4,6.106700029835884,2.6678555971867106,4.0
4,6.180757776334886,2.697355481189255,4.0
4,6.252626245521199,2.725227024620356,4.0
4,6.327190281482945,2.756770859818668,4.0
4,6.399415056979138,2.7901602271070907,4.0
4,6.469453527980186,2.825161359339538,4.0
4,6.5388506536196,2.8619878924854554,4.0
4,6.607144159570999,2.901973922393135,4.0
4,6.672530808667722,2.9442540884381465,4.0
4,6.735272547808292,2.9889390052125453,4.0
4,6.795369690387758,3.034386284971898,4.0
4,6.853274627035454,3.0826737572563747,4.0
4,6.908311482344341,3.1345885132598745,4.0
4,6.96004981923751,3.1884112943620746,4.0
4,7.006123797031118,3.246367324262187,4.0
4,7.049973618857706,3.3058097862354208,4.0
4,7.089067514303696,3.366336963117745,4.0
4,7.12264882879819,3.4313853796171436,4.0
4,7.153726971571512,3.500025465665791,4.0
4,7.178329116992909,3.5709493396641534,4.0
4,7.199664709667414,3.6432003406499582,4.0
4,7.215612239545897,3.7171412372471684,4.0
4,7.226684301314869,3.793620578727139,4.0
4,7.235655934736827,3.8710908585197537,4.0
5,7.277077231923763,4.652039787739374,5.0
5,7.254929934119877,4.7246575671173545,5.0
5,7.227673781435197,4.796032078040846,5.0
5,7.199025701452121,4.867270386190431,5.0
5,7.165779631249028,4.936341166048894,5.0
5,7.128314978568713,5.005247508671583,5.0
5,7.086480017900125,5.069069923886401,5.0
5,7.041364513751396,5.13035600960664,5.0
5,6.996776002515444,5.1907675505794,5.0
5,6.948565669002936,5.24509215223011,5.0
5,6.896701053549756,5.298855042231866,5.0
5,6.841646740861912,5.348913941262138,5.0
5,6.786089137686308,5.397033274851729,5.0
5,6.727988780906403,5.444031060785673,5.0
5,6.667578566904587,5.489064070637961,5.0
5,6.607144052391127,5.532228939359462,5.0
5,6.544705925225534,5.571255091213136,5.0
5,6.482070400035641,5.609348231300372,5.0
5,6.4196396514304235,5.647103953356237,5.0
5,6.351875899340247,5.682465954911158,5.0
5,6.285194354302548,5.716584650355634,5.0
5,6.219374315041462,5.749741845228455,5.0
5,6.152674352161362,5.781645309869298,5.0
5,6.083710236864211,5.813920823400177,5.0
5,6.017084350685431,5.844871158225048,5.0
5,5.950483443776956,5.875055575084697,5.0
5,5.883483397731147,5.904498290287247,5.0
5,5.813818342123178,5.932935581926089,5.0
5,5.744001456551679,5.961330903361771,5.0
5,5.675577595938606,5.987462849920141,5.0
5,5.606845254750449,6.014265867671313,5.0
5,5.537492454590734,6.03789648237484,5.0
5,5.467423270796205,6.060554551643485,5.0
5,5.398004191736822,6.082299840615488,5.0
5,5.328451320240539,6.103285619391605,5.0
5,5.257283233168683,6.122268898770071,5.0
5,5.183600465393879,6.141594691683609,5.0
5,5.111653764378096,6.159064683651901,5.0
5,5.03956801038861,6.173971642514544,5.0
5,4.9670046489570945,6.187143197876368,5.0
5,4.89288193386859,6.19988719803576,5.0
5,4.819689646071786,6.208685905229821,5.0
5,4.745205358886543,6.2163610084223055,5.0
5,4.669723880044024,6.2230140861696075,5.0
5,4.595638989507447,6.225927640807713,5.0
5,4.521101508887619,6.228412038616719,5.0
5,4.446879865158563,6.229799304388947,5.0
5,4.374067556014961,6.226952772266523,5.0
5,4.299140217151054,6.221813816706692,5.0
5,4.226863734254738,6.21625250023932,5.0
5,4.152466043889284,6.20638601786293,5.0
5,4.07821378551018,6.1943028169845595,5.0
5,4.008422088008,6.181348100436926,5.0
5,3.9343896023815526,6.163541458968612,5.0
5,3.8627440564787396,6.1448929709777715,5.0
5,3.791257687294002,6.1216459134849135,5.0
5,3.7215663314215357,6.096341783781849,5.0
5,3.6528609722020304,6.070903165410453,5.0
5,3.585532281844942,6.041829678635368,5.0
5,3.5167432760860566,6.011047605171086,5.0
5,3.450009207999458,5.9776708762053135,5.0
5,3.38553446959329,5.9404760768202385,5.0
5,3.3203874100236463,5.903724557274367,5.0
5,3.257136912303288,5.8660510336237985,5.0
5,3.194927159898568,5.825590575708856,5.0
5,3.13174804228592,5.783150633407114,5.0
5,3.070401988012642,5.740118020457916,5.0
5,3.0124790526673397,5.6957862951783795,5.0
5,2.9547232014767753,5.649001713293303,5.0
5,2.8977426504102834,5.601706577521455,5.0
5,2.843435335622633,5.553020951390596,5.0
5,2.787031408447569,5.504981216341921,5.0
5,2.7323206442681274,5.455659933597733,5.0
5,2.6812188869565383,5.402821701401101,5.0
5,2.6303331559492964,5.351161596149196,5.0
5,2.5779245020828636,5.29908025974638,5.0
5,2.527795095343345,5.244937006042811,5.0
5,2.4779087500798207,5.1888098718236195,5.0
5,2.429838382272173,5.133443347767526,5.0
5,2.3815599787911848,5.077542277434834,5.0
5,2.335352481945832,5.021977399914472,5.0
5,2.2876808912855435,4.964494845860767,5.0
5,2.240019289811011,4.9054201336698675,5.0
5,2.194214642837353,4.845759473520766,5.0
5,2.1494891027607457,4.787669941007533,5.0
5,2.105426636015361,4.729330481459873,5.0
5,2.0597166915393372,4.66675052127041,5.0
5,2.018993118938071,4.604764428872027,5.0
5,1.9779771652575386,4.546207162104498,5.0
5,1.9379498203464396,4.484849072977663,5.0
5,1.900620902184744,4.419071871757085,5.0
5,1.8648050061014618,4.355096995802577,5.0
5,1.830276508239047,4.2891429387411515,5.0
5,1.799772536109636,4.222489403234385,5.0
5,1.7722144658167263,4.153451273678042,5.0
5,1.746608961414552,4.084513571144697,5.0
5,1.7232185463864942,4.015575104668318,5.0
5,1.7050376459299652,3.9438326365040624,5.0
5,1.6917514449743025,3.8720503590555153,5.0
5,1.681823337604898,3.8142281792588366,5.0
5,1.674365260356595,3.769550995563099,5.0
5,1.670069792253219,3.7093150565185407,5.0
5,1.6672132877441277,3.643385213859906,5.0
5,1.6654580376178363,3.5650599230381115,5.0
5,1.6712442023041685,3.48829424242382,5.0
5,1.6810645395336234,3.4141427272540033,5.0
5,1.6941389783680012,3.3375537907174215,5.0
5,1.7114592683533336,3.264349899855674,5.0
5,1.7352207469970675,3.1930076121584854,5.0
5,1.7641060930339199,3.124038744060708,5.0
5,1.7945605746564424,3.0588298641898097,5.0
5,1.8322074366668166,2.998761781004595,5.0
5,1.8743266336873419,2.9411426121632527,5.0
5,1.9189917163857044,2.8893411969621074,5.0
5,1.9703913949917575,2.841119808707951,5.0
5,2.0255022986165265,2.7964273251224707,5.0
5,2.0848685784672805,2.7562576212445804,5.0
5,2.146919713492197,2.718130268303322,5.0
5,2.213826760014182,2.6873139965086006,5.0
5,2.2807954346263766,2.6584185971006016,5.0
5,2.3517188496193375,2.631616596691789,5.0
5,2.4235089794564413,2.610270909039073,5.0
5,2.499050684329373,2.587762843872302,5.0
5,2.5756700365876353,2.5695297311495953,5.0
5,2.6532821050413666,2.555472028596713,5.0
5,2.730160965709635,2.5430789360110646,5.0
5,2.807419338636058,2.531547650523337,5.0
5,2.8852266154481687,2.5204939323473114,5.0
5,2.9645978254418655,2.5144542285574567,5.0
5,3.043930451960089,2.506007270746467,5.0
5,3.122401165947161,2.4991777607443257,5.0
5,3.19978955993646,2.4962567034271586,5.0
5,3.275722397537015,2.493194477617899,5.0
5,3.3547911605945573,2.493022632723684,5.0
5,3.4303561241796965,2.490634941948776,5.0
5,3.505752572789484,2.4914015757269463,5.0
5,3.581959496418472,2.4925456187324393,5.0
5,3.65441729838373,2.4959366290067733,5.0
5,3.7286161051851296,2.5002909729473375,5.0
5,3.804146100925893,2.5034817929465376,5.0
5,3.8785653540951213,2.5080002808873427,5.0
5,3.950941984382795,2.5142108676263875,5.0
5,4.022909702333835,2.521344779892254,5.0
5,4.096199279858008,2.531028123262786,5.0
5,4.167628775395585,2.5421186746544993,5.0
5,4.2389520842331985,2.550271872153342,5.0
5,4.310285673958723,2.5607634922606706,5.0
5,4.380810886306307,2.5713386710503103,5.0
5,4.4531396490192785,2.584275723324377,5.0
5,4.522230907581316,2.5968310167835944,5.0
5,4.591795863285512,2.6113246498007943,5.0
5,4.66379680563389,2.6272749880605164,5.0
5,4.732717595976681,2.6413654552114267,5.0
5,4.80153954031272,2.6574891185858207,5.0
5,4.871535429033505,2.6743653504167737,5.0
5,4.940575658329288,2.6932039582155682,5.0
5,5.011892745073648,2.7110440796084787,5.0
5,5.080168719133693,2.7301936994530167,5.0
5,5.1481051562776745,2.7500541530071905,5.0
5,5.216602597934378,2.769038967939732,5.0
5,5.286066579268483,2.7900551815191785,5.0
5,5.355138259304812,2.812985567474242,5.0
5,5.425143887968321,2.8365258739643293,5.0
5,5.491925092377211,2.861449559794894,5.0
5,5.56125901387244,2.885083116400833,5.0
5,5.629418073433796,2.910881789039154,5.0
5,5.695914523383528,2.9387326020544693,5.0
5,5.763548470240174,2.965257986623693,5.0
5,5.832904389622333,2.9957824584256847,5.0
5,5.899986138133855,3.02582109717134,5.0
5,5.966846709285057,3.056954250058659,5.0
5,6.035875794420492,3.089648202384112,5.0
5,6.102400005477972,3.1221026788563915,5.0
5,6.170214836293825,3.15702764121967,5.0
5,6.239089661956631,3.1923154211475016,5.0
5,6.304673221434534,3.230047907000526,5.0
5,6.372029064928141,3.2698420040073954,5.0
5,6.438695013326966,3.3114544956976264,5.0
5,6.504024603085619,3.350145649220437,5.0
5,6.572805640576786,3.3921492412097325,5.0
5,6.638619855861313,3.436189714278102,5.0
5,6.701687405993449,3.4812786692564757,5.0
5,6.765815573461903,3.527505371986819,5.0
5,6.827900724296035,3.5772819079869813,5.0
5,6.8868970157513045,3.6274996401632067,5.0
5,6.943543437960634,3.679454567504772,5.0
5,6.998486508695686,3.7307311087026136,5.0
5,7.050352454449178,3.784615329440647,5.0
5,7.098178429167416,3.8419293896621047,5.0
5,7.14332907846143,3.9009707311054544,5.0
5,7.180683801734296,3.961135281135348,5.0
5,7.214860208520134,4.022797963608377,5.0
5,7.245355424026472,4.084295879510591,5.0
5,7.2680541624381165,4.149973502091203,5.0
5,7.2881871923716535,4.21891366087043,5.0
5,7.299331587395731,4.288504069312181,5.0
5,7.305980961399135,4.358950435898861,5.0
5,7.3065526561668195,4.4299516291746635,5.0
5,7.300330916268368,4.502477460589052,5.0
5,7.291300261968698,4.57680227998403,5.0
6,7.13362594176025,5.366325024884173,6.0
6,7.094537279203956,5.426653971569812,6.0
6,7.049603890986569,5.48675212885107,6.0
6,7.002595990898635,5.544447737492046,6.0
6,6.950676573539065,5.599672947187632,6.0
6,6.8941149895587,5.652912677941744,6.0
6,6.8358406859631495,5.70065873689053,6.0
6,6.7750092835622295,5.744548829425576,6.0
6,6.713549275262094,5.787118346408432,6.0
6,6.6523868565754185,5.8237332913330695,6.0
6,6.586601439252411,5.856535566759175,6.0
6,6.520470424473243,5.885633220922953,6.0
6,6.4536304692792275,5.911565513848048,6.0
6,6.385802711947189,5.935606562078022,6.0
6,6.315267755665778,5.957160839744582,6.0
6,6.245337516097746,5.976499731159473,6.0
6,6.176151035409075,5.992045203527137,6.0
6,6.107467016613909,6.0058598082427315,6.0
6,6.0377879685505755,6.019254523746728,6.0
6,5.96392939093758,6.0296382836036795,6.0
6,5.891368224647614,6.038986375160991,6.0
6,5.820263168689064,6.047325572094472,6.0
6,5.748915110342261,6.054970807743863,6.0
6,5.675894682955186,6.062286033209451,6.0
6,5.604708819326468,6.069439368754336,6.0
6,5.533904698062182,6.076707178233112,6.0
6,5.462869911875273,6.083154331557725,6.0
6,5.390857220079254,6.088457314156273,6.0
6,5.316973459805354,6.093121630613726,6.0
6,5.2457224206595265,6.098001638257149,6.0
6,5.175360129389673,6.102110801201404,6.0
6,5.10437189175454,6.10544768203845,6.0
6,5.032961056338723,6.1069449950157475,6.0
6,4.9625024556535,6.107119100135077,6.0
6,4.891387456663214,6.10787153932481,6.0
6,4.819531894912387,6.107034823448666,6.0
6,4.7458521873544806,6.105742078270144,6.0
6,4.673341082460217,6.101808260326309,6.0
6,4.602854349078899,6.097022970700868,6.0
6,4.5311471023616745,6.091050441574668,6.0
6,4.45925167356677,6.083402278942587,6.0
6,4.387396881802579,6.074018499227911,6.0
6,4.315616891312618,6.062773871559069,6.0
6,4.243031198367159,6.05101128200009,6.0
6,4.172399401107262,6.035121427331652,6.0
6,4.101853913535937,6.0180143741059915,6.0
6,4.0320289251983406,6.001051299015315,6.0
6,3.9630208534418507,5.980811866983317,6.0
6,3.8951219668250974,5.957593798023442,6.0
6,3.8274543420752964,5.935210928690986,6.0
6,3.7599729984585895,5.908017219198131,6.0
6,3.6934683890470863,5.878000749418249,6.0
6,3.6310223827385872,5.848750145452231,6.0
6,3.5655135389249724,5.814615830066321,6.0
6,3.502651692248963,5.779045327094043,6.0
6,3.441682947833711,5.739533936809398,6.0
6,3.3820310676886187,5.698293684525491,6.0
6,3.3242479070894846,5.657213713630477,6.0
6,3.2682648783279857,5.612569662451262,6.0
6,3.2111081287805456,5.566691061586304,6.0
6,3.1562265086138797,5.518949653658857,6.0
6,3.105430869410322,5.467808458456489,6.0
6,3.0528016804817617,5.4168921329855815,6.0
6,3.002098505655974,5.366106396151205,6.0
6,2.9537927308782237,5.313002004594344,6.0
6,2.9053730460295695,5.25770049351802,6.0
6,2.857737528964409,5.202485044268863,6.0
6,2.8131251011912846,5.146769525487403,6.0
6,2.7705562281302356,5.08880200391175,6.0
6,2.726948750362941,5.030634582950677,6.0
6,2.686403913287262,4.9732345511977085,6.0
6,2.644765158254012,4.914939816965829,6.0
6,2.6033470011763282,4.855948035570874,6.0
6,2.5667967348346674,4.794861518292239,6.0
6,2.5287747765540924,4.734745195022554,6.0
6,2.490760802037149,4.67437242203039,6.0
6,2.4536146892559922,4.611852732004838,6.0
6,2.4176699902182697,4.549408171417458,6.0
6,2.3839233133942583,4.486716302139854,6.0
6,2.3493718942329997,4.424435628887694,6.0
6,2.314777165206917,4.362614432707395,6.0
6,2.2808470817057223,4.299358935262998,6.0
6,2.2451401298677007,4.234077090539331,6.0
6,2.2116612811390906,4.169776518481739,6.0
6,2.1790945605159857,4.107040200577792,6.0
6,2.147062035368837,4.043285618060409,6.0
6,2.11452721128039,3.976533944160901,6.0
6,2.084651155846145,3.9108561490360714,6.0
6,2.0547028485049768,3.8482590419606773,6.0
6,2.026871615538343,3.782355167571589,6.0
6,2.000750814026287,3.7129347482424198,6.0
6,1.9772696625189443,3.6461782261137814,6.0
6,1.9554681001090795,3.5772700159284665,6.0
6,1.9383930763028498,3.5088705090195864,6.0
6,1.9228245986685981,3.437304538177118,6.0
6,1.9107928590674161,3.366897625799008,6.0
6,1.8996668370944767,3.295879721186333,6.0
6,1.8956049673212743,3.2241020400120526,6.0
6,1.8970916571055119,3.160294399080704,6.0
6,1.8979307984714389,3.1082439424988593,6.0
6,1.8975603058675472,3.0553507863933254,6.0
6,1.902471701101482,2.9986752575446403,6.0
6,1.9151857159533896,2.925973451204528,6.0
6,1.9297281263428006,2.850081149682424,6.0
6,1.950331765769374,2.7779601485044543,6.0
6,1.9768173600435301,2.709674385067288,6.0
6,2.0047443631246553,2.6408909324841026,6.0
6,2.038522187550682,2.5768231082355157,6.0
6,2.0777636234919092,2.518497421947285,6.0
6,2.1209668226844207,2.4640621532747167,6.0
6,2.1670881724705797,2.4146477547792715,6.0
6,2.2182509845082623,2.374044857996741,6.0
6,2.2732531480778078,2.3367676125295023,6.0
6,2.331158226836463,2.3068668821837397,6.0
6,2.393515806576329,2.2823973080697844,6.0
6,2.459298403006732,2.2634948990321653,6.0
6,2.528368589095665,2.24928845631771,6.0
6,2.598920386584084,2.238933216751741,6.0
6,2.672354289721292,2.2357167900651556,6.0
6,2.7458749057919625,2.2344062093942862,6.0
6,2.8222267412793154,2.236320534633218,6.0
6,2.8979955692894324,2.2437039816128603,6.0
6,2.976790216014613,2.251152502450764,6.0
6,3.0556475143921444,2.260680767534271,6.0
6,3.1354635197298872,2.275706816539314,6.0
6,3.21169300314285,2.2914636782269575,6.0
6,3.2883569945906084,2.3069993258396586,6.0
6,3.364625358710308,2.323042162415783,6.0
6,3.44200576861786,2.3418698125682575,6.0
6,3.518248093587467,2.35984336171734,6.0
6,3.5945697188415093,2.378306959498338,6.0
6,3.6675602584073235,2.39976740287934,6.0
6,3.7390445389106928,2.4214060165458124,6.0
6,3.8125708333081176,2.4440075145139764,6.0
6,3.8844636036612927,2.465255313668959,6.0
6,3.9546138833963154,2.487905057353341,6.0
6,4.024321267432374,2.5113104785018656,6.0
6,4.090873482245727,2.534696784107924,6.0
6,4.158495216870995,2.559330777840002,6.0
6,4.226554475809975,2.584098098646359,6.0
6,4.2940758302429085,2.6089968095937652,6.0
6,4.360025993324953,2.6342576089087735,6.0
6,4.424428099684436,2.6595717040287363,6.0
6,4.489425812901536,2.688065033909937,6.0
6,4.552437064445248,2.7170924387864597,6.0
6,4.6167470848663745,2.743659768347819,6.0
6,4.67942154954317,2.771876252464772,6.0
6,4.742156012795928,2.799988000913194,6.0
6,4.80531505160556,2.830198072888761,6.0
6,4.865991215338214,2.8589867233752018,6.0
6,4.926832623888843,2.8898914835696763,6.0
6,4.988611767648409,2.9218055354104067,6.0
6,5.047996890527773,2.9527408418173158,6.0
6,5.107629469226059,2.9839392755021596,6.0
6,5.167997299809987,3.0159852021439164,6.0
6,5.227359454824382,3.0498352023536515,6.0
6,5.288455610632505,3.0850082936950836,6.0
6,5.348300323598128,3.1184636786232893,6.0
6,5.4052331312148345,3.152759499314586,6.0
6,5.464495420495699,3.186134396378577,6.0
6,5.524336361121143,3.221883221132068,6.0
6,5.5821765290045375,3.2592857588925623,6.0
6,5.641762665090841,3.297971726720733,6.0
6,5.699511298788546,3.3349314993031296,6.0
6,5.758256866913378,3.372785612709251,6.0
6,5.816190255539462,3.4123437579292504,6.0
6,5.872829663571416,3.453161524417391,6.0
6,5.93076232819152,3.493042134274017,6.0
6,5.989307207623404,3.536375657218523,6.0
6,6.046469450836337,3.579222388139593,6.0
6,6.103114424977243,3.6234362241349922,6.0
6,6.161709240412927,3.6686353957287143,6.0
6,6.219014867523085,3.71281903005071,6.0
6,6.27718209733498,3.759386731145003,6.0
6,6.335131983053448,3.806358676198846,6.0
6,6.390759885784889,3.8559631328169806,6.0
6,6.448891958486894,3.906582671560815,6.0
6,6.505152715538502,3.95916109841754,6.0
6,6.562560547058653,4.0099649685846765,6.0
6,6.622157220531922,4.062188666806738,6.0
6,6.679695911837139,4.116978944253787,6.0
6,6.7343297541475655,4.172625991746427,6.0
6,6.790228946657336,4.228794520241399,6.0
6,6.844732652057661,4.288014629811689,6.0
6,6.895852133393478,4.346840515308527,6.0
6,6.945358045577318,4.407046367475362,6.0
6,6.994277991159193,4.46562294753477,6.0
6,7.0406615753185635,4.526164866607974,6.0
6,7.082100216355488,4.588387645314618,6.0
6,7.119983236416986,4.653195986197507,6.0
6,7.150470344645268,4.7161224038438085,6.0
6,7.176608795294783,4.778620286156378,6.0
6,7.200452434700311,4.842304754742286,6.0
6,7.214049402135754,4.906809628883407,6.0
6,7.224696018853387,4.974312224583656,6.0
6,7.226380005543345,5.040146169049162,6.0
6,7.221380506046445,5.105431150449745,6.0
6,7.209186361023215,5.17038435621918,6.0
6,7.1890244076529894,5.234493585254564,6.0
6,7.16506156940832,5.300762822090406,6.0
7,6.806278626001132,6.041433548961584,7.0
7,6.755667733628539,6.084436324342165,7.0
7,6.698169858330172,6.128593766089952,7.0
7,6.638861197515509,6.1680296745451,7.0
7,6.572488576185308,6.202481928850218,7.0
7,6.502692635302101,6.234100495678522,7.0
7,6.433826094672136,6.260183452329495,7.0
7,6.362365196320554,6.283497681078903,7.0
7,6.289789725189478,6.302105578636723,7.0
7,6.220652720049518,6.317445826852823,7.0
7,6.147362608690967,6.325754037539967,7.0
7,6.077475570464112,6.332098805174602,7.0
7,6.007400327086867,6.332913355355553,7.0
7,5.937006864183515,6.332381269946767,7.0
7,5.865503597526758,6.329304551559953,7.0
7,5.794240972724676,6.322928058239788,7.0
7,5.726744952323246,6.313932688549657,7.0
7,5.659868225972047,6.305010826125057,7.0
7,5.59080555228675,6.292719576206738,7.0
7,5.519816865984687,6.277685329590401,7.0
7,5.451222070423912,6.263248677538578,7.0
7,5.383626842108266,6.246112794595782,7.0
7,5.315938376825777,6.230627941504801,7.0
7,5.246755875810438,6.213527219490298,7.0
7,5.179980452806971,6.196793314161691,7.0
7,5.111912928589907,6.180180012469152,7.0
7,5.044136411917726,6.1629268152920345,7.0
7,4.977071242355682,6.146448991819521,7.0
7,4.908302954495871,6.127263731909423,7.0
7,4.83959727067751,6.1111384729791185,7.0
7,4.774951174648654,6.092691841497282,7.0
7,4.706696599637662,6.076308678535579,7.0
7,4.641141470012572,6.0571464352715125,7.0
7,4.575200583605934,6.0362648940744785,7.0
7,4.507419967858063,6.017317236257985,7.0
7,4.440120029944205,5.996629023060339,7.0
7,4.372436487155217,5.974766117397377,7.0
7,4.305519871560997,5.950171390701321,7.0
7,4.241794084057151,5.926959027549837,7.0
7,4.175820701296886,5.903249582009941,7.0
7,4.110529482787485,5.8761111458029465,7.0
7,4.044724795186689,5.849612228607765,7.0
7,3.979153137976826,5.820914661921191,7.0
7,3.9136573327051702,5.791743966681343,7.0
7,3.8516331441376646,5.758929820906744,7.0
7,3.7890312579333236,5.724094515664428,7.0
7,3.7286318004362458,5.691069665258154,7.0
7,3.6673750216189895,5.653978859237977,7.0
7,3.609829061561359,5.616009883203165,7.0
7,3.5502645866290474,5.578493888345803,7.0
7,3.4938638970460265,5.535366102816892,7.0
7,3.438791419934734,5.491259791378964,7.0
7,3.387684675068772,5.447767689983444,7.0
7,3.332649121776238,5.399152006733405,7.0
7,3.2841118016676685,5.350093791294596,7.0
7,3.237092854116295,5.297624456819358,7.0
7,3.1903754977103476,5.2438396447579505,7.0
7,3.147472445542654,5.190447128349001,7.0
7,3.105508071789366,5.13347903739088,7.0
7,3.0632345551394926,5.0756550526074,7.0
7,3.0234264893880924,5.017171727620808,7.0
7,2.98852196952785,4.957241764497531,7.0
7,2.950088916901728,4.8953183193004,7.0
7,2.9156882459880937,4.834427781516552,7.0
7,2.8828188667999233,4.7733197794670215,7.0
7,2.8508161440581015,4.70908883093811,7.0
7,2.818932509974197,4.645989311192656,7.0
7,2.7895527006331213,4.581786214286939,7.0
7,2.7632897570350967,4.51695296907505,7.0
7,2.7341044488268285,4.451649403557158,7.0
7,2.7077508318119157,4.388597169991895,7.0
7,2.682308497977138,4.323669967947552,7.0
7,2.656154071143729,4.259177991104487,7.0
7,2.6340802706796036,4.192660399012796,7.0
7,2.6086400866754107,4.1271824253494875,7.0
7,2.586294528291886,4.061459477595745,7.0
7,2.5630875496221845,3.993665977590413,7.0
7,2.540775578032409,3.927849841843563,7.0
7,2.5217530078907364,3.8616083307315594,7.0
7,2.5004132363268474,3.795792256671758,7.0
7,2.477578924027328,3.7300695451268453,7.0
7,2.456438945086555,3.663983695757332,7.0
7,2.4341793608450963,3.5945687880553954,7.0
7,2.412081995349694,3.5292381940723145,7.0
7,2.3916067208406324,3.4640977951175134,7.0
7,2.370805113740811,3.396364358474274,7.0
7,2.3522258007221435,3.3284654058795313,7.0
7,2.3326977927189008,3.261637177281323,7.0
7,2.313782311363281,3.195313430201383,7.0
7,2.299910217636086,3.126695185571012,7.0
7,2.284459109298173,3.0555095854814356,7.0
7,2.273018850669766,2.9875252946121496,7.0
7,2.2647155471536746,2.9174804872762277,7.0
7,2.2602460422481165,2.8493824426626615,7.0
7,2.2571624190575226,2.776553098057375,7.0
7,2.257785942605698,2.706888685161341,7.0
7,2.2594443736745276,2.635344999278451,7.0
7,2.2695993519839965,2.5677141391605542,7.0
7,2.2805471000592368,2.516432966375304,7.0
7,2.28927265232133,2.4683617897260337,7.0
7,2.3002796191117403,2.40793480028613,7.0
7,2.316281137290019,2.3444962168341186,7.0
7,2.343741186585715,2.2767464156981387,7.0
7,2.371975755922258,2.2061091218041815,7.0
7,2.4060993822153804,2.142719666945596,7.0
7,2.446428797336814,2.084553032504548,7.0
7,2.485671948162691,2.026777666017313,7.0
7,2.532652006975049,1.9786453146150913,7.0
7,2.5824635893006413,1.9383958237505856,7.0
7,2.6339761459145534,1.9032626674803106,7.0
7,2.689731733353677,1.8770937466956787,7.0
7,2.748343309295868,1.8600600180454145,7.0
7,2.8079799626297297,1.8483642634033284,7.0
7,2.871351202469804,1.8457201979414248,7.0
7,2.936812405107673,1.848058785518268,7.0
7,3.0036000256871005,1.8589168998362522,7.0
7,3.072872738294073,1.8730989144354184,7.0
7,3.142838865253642,1.8926649346832016,7.0
7,3.2127360951534536,1.9182384664143128,7.0
7,3.284068727106439,1.946443184917945,7.0
7,3.356771778259054,1.9783272205712688,7.0
7,3.426162015779235,2.014284617502666,7.0
7,3.4983077395146833,2.0501783507939613,7.0
7,3.5698120566165303,2.086868619069221,7.0
7,3.642514073695193,2.128904969838469,7.0
7,3.709661282090323,2.170412857288642,7.0
7,3.77755140713887,2.2105431264273716,7.0
7,3.843840933614462,2.250617674097742,7.0
7,3.911422431761498,2.2921840386494603,7.0
7,3.9769070324657263,2.3322764434501044,7.0
7,4.042960840561363,2.374119131593211,7.0
7,4.104500578159103,2.4163946573436568,7.0
7,4.164882922374893,2.458643723269945,7.0
7,4.227450996537558,2.499310352084246,7.0
7,4.2882771885515405,2.540483117840476,7.0
7,4.347765165800184,2.5819306052477424,7.0
7,4.405033805211248,2.6229579948879036,7.0
7,4.460889653783507,2.6633880889148576,7.0
7,4.51703557127443,2.704300473464851,7.0
7,4.573024260361948,2.7468177048727727,7.0
7,4.627098493517402,2.788520674082122,7.0
7,4.68240380195992,2.829425791642827,7.0
7,4.735269967693081,2.869434739601649,7.0
7,4.7872636675375855,2.913143568386767,7.0
7,4.83800249947086,2.954783581425255,7.0
7,4.891300843725695,2.9969706852525806,7.0
7,4.94123909326376,3.0393637496912476,7.0
7,4.992450554471813,3.081949024006566,7.0
7,5.04278056291432,3.1245851948274623,7.0
7,5.091257552673244,3.1660516415004403,7.0
7,5.140631038179796,3.209821239329826,7.0
7,5.188594901969364,3.253618631471171,7.0
7,5.233980217033878,3.2970612756887605,7.0
7,5.2826495702036285,3.340600895574811,7.0
7,5.329820641370626,3.3844410644665763,7.0
7,5.37682023895779,3.4288726096381086,7.0
7,5.424162264690388,3.477157781343182,7.0
7,5.471959386713199,3.5223601353195946,7.0
7,5.515301363901078,3.5673043705816068,7.0
7,5.5626260577172255,3.6124464506956717,7.0
7,5.609855677281867,3.659428318539323,7.0
7,5.653205324644893,3.707682610462022,7.0
7,5.699280212046641,3.7582643961810573,7.0
7,5.745836624993371,3.8045844058986957,7.0
7,5.792043819069675,3.853631848410744,7.0
7,5.835377859313644,3.905126218953734,7.0
7,5.880324127681477,3.955621979371193,7.0
7,5.9259318713961315,4.006408698452751,7.0
7,5.9712317490623965,4.059066683960968,7.0
7,6.015450140212892,4.1125052729165175,7.0
7,6.059253810758848,4.166968999443062,7.0
7,6.105441285168716,4.2224418619382735,7.0
7,6.150038113901455,4.276814768788391,7.0
7,6.197297284393194,4.3336264604833294,7.0
7,6.240971392478031,4.389998009920143,7.0
7,6.28397334822407,4.449878771469738,7.0
7,6.331622922246051,4.509935468688869,7.0
7,6.374499701928519,4.571698198201657,7.0
7,6.4213962503056505,4.633882442427402,7.0
7,6.469676426875242,4.695879285985589,7.0
7,6.515649808532819,4.7611724193760185,7.0
7,6.558908288411669,4.825713923912391,7.0
7,6.605463463640963,4.892525914702897,7.0
7,6.64895971624724,4.9610446079308135,7.0
7,6.691185576193521,5.027888601529178,7.0
7,6.7315935671001075,5.09742250571948,7.0
7,6.773845781261945,5.164939730709226,7.0
7,6.812702693589194,5.234233351772988,7.0
7,6.846715698704657,5.302863834541595,7.0
7,6.877761443627818,5.374125095780993,7.0
7,6.901477937573539,5.441227917445169,7.0
7,6.922288432025683,5.505307135851681,7.0
7,6.9396984047574115,5.572547470432007,7.0
7,6.946943043965416,5.6373860440616586,7.0
7,6.950379791424078,5.7036731557346,7.0
7,6.9452367265118315,5.764930511405644,7.0
7,6.93342027612641,5.823900545671058,7.0
7,6.912307611707924,5.881571861484306,7.0
7,6.884107939187101,5.935693128212331,7.0
7,6.85002323676706,5.990541219519255,7.0
8,6.2955316719874,6.6301694568901475,8.0
8,6.24119545835636,6.655421777897724,8.0
8,6.177571117865604,6.6793208162313515,8.0
8,6.112408123239466,6.697556091063708,8.0
8,6.040571533389458,6.706852263072971,8.0
8,5.965944327895293,6.713649579757661,8.0
8,5.8922884185659825,6.714590125954392,8.0
8,5.817213446346825,6.713567047517159,8.0
8,5.74198862018612,6.704417249115393,8.0
8,5.67063213671968,6.6960909122102095,8.0
8,5.598896868428167,6.679877449671965,8.0
8,5.531270315933072,6.662221262278987,8.0
8,5.466029974696941,6.638437763326113,8.0
8,5.400826219097185,6.613966697943863,8.0
8,5.336766094997466,6.58832509396019,8.0
8,5.272427831673693,6.558129714275582,8.0
8,5.21323854032171,6.526191394143694,8.0
8,5.15471002371448,6.497182486590443,8.0
8,5.094355603931442,6.461647748790976,8.0
8,5.036354368932923,6.425098452923191,8.0
8,4.978081786727089,6.389323797782532,8.0
8,4.921664878859053,6.350725031200745,8.0
8,4.866234271521822,6.315006709376354,8.0
8,4.807213587415475,6.276354563578904,8.0
8,4.753109490932352,6.23885288982936,8.0
8,4.6948976708870855,6.200367778715463,8.0
8,4.638657899509661,6.161916453883029,8.0
8,4.582643636449127,6.126712113294456,8.0
8,4.525819406064739,6.0873879027498905,8.0
8,4.466489488535422,6.050380098129498,8.0
8,4.413839220509354,6.013340340706016,8.0
8,4.353702136305303,5.977505595460107,8.0
8,4.29949034199669,5.93961400010686,8.0
8,4.243652865424169,5.900836009946902,8.0
8,4.184437813658439,5.862951189299422,8.0
8,4.128026224260174,5.824356097599704,8.0
8,4.072363697347676,5.783930854026613,8.0
8,4.0158218299171695,5.741600388573403,8.0
8,3.9629363446206223,5.702377018628937,8.0
8,3.907212096161668,5.662774795510551,8.0
8,3.8538053662280185,5.61773300991291,8.0
8,3.7970616513502637,5.575702777893918,8.0
8,3.743312073408856,5.531723455363126,8.0
8,3.688709606366785,5.4871883250525375,8.0
8,3.639199862666469,5.439809706839445,8.0
8,3.588267863549591,5.390570975884467,8.0
8,3.540387154493815,5.344027281188355,8.0
8,3.4909883728388134,5.2932033155205485,8.0
8,3.447590510162545,5.2419937054291665,8.0
8,3.3998877016150852,5.191874513701281,8.0
8,3.357555257326057,5.136649491741408,8.0
8,3.316430835872859,5.0815538329165335,8.0
8,3.2796790267751654,5.026578217653279,8.0
8,3.239031134070981,4.966133550689173,8.0
8,3.2074714546623055,4.907506816774026,8.0
8,3.1762428670601603,4.847689164183711,8.0
8,3.1454543857109036,4.78341889178718,8.0
8,3.119202515564961,4.7221258525090395,8.0
8,3.0939732867132466,4.657513982909445,8.0
8,3.0695512245362635,4.591729053935366,8.0
8,3.0465812003520867,4.526910328917233,8.0
8,3.028361873229093,4.461837918856202,8.0
8,3.0069191062498395,4.393139243478431,8.0
8,2.9901980596366147,4.326442764777422,8.0
8,2.9727024201976264,4.260961783117207,8.0
8,2.959016326703895,4.192550147668303,8.0
8,2.9443567781205546,4.124154199983834,8.0
8,2.9303377258583896,4.055668251863112,8.0
8,2.9202819600202647,3.98848370654145,8.0
8,2.9068528615073856,3.9190760201132817,8.0
8,2.8953671858604357,3.8519374353469633,8.0
8,2.8867904351100027,3.7845331238246787,8.0
8,2.875083830052704,3.718505483134608,8.0
8,2.8674997646766536,3.650307827166624,8.0
8,2.8566156998373082,3.5804495389392046,8.0
8,2.8499942650183656,3.513475376921891,8.0
8,2.8406670455395124,3.4432582836524888,8.0
8,2.832256234027858,3.3762899833478297,8.0
8,2.826925395743911,3.3093496193554643,8.0
8,2.8183475061375476,3.2426818702722975,8.0
8,2.8071827211515177,3.1751816924037075,8.0
8,2.7991623410271624,3.109031649849894,8.0
8,2.7902479126084714,3.0382046953876065,8.0
8,2.780362149285421,2.972542497742664,8.0
8,2.770981855307339,2.90706399356606,8.0
8,2.7625753851984007,2.837468704071592,8.0
8,2.7564080187897053,2.7712103185819776,8.0
8,2.7476953548048813,2.7027533263559067,8.0
8,2.7430253554666204,2.634815192019281,8.0
8,2.7416350545704504,2.5673395333970297,8.0
8,2.738392383319503,2.4954919832584426,8.0
8,2.7394199902957515,2.4270621250803415,8.0
8,2.7447031311551124,2.3583672194480436,8.0
8,2.7515393236738577,2.2920988500064428,8.0
8,2.761906305057128,2.2197820313041214,8.0
8,2.7751048898933304,2.1525446298200035,8.0
8,2.7895540753749,2.0808938563560955,8.0
8,2.8112486536185464,2.025057355665115,8.0
8,2.826875463444628,1.983851041969793,8.0
8,2.8447505332791736,1.9349689545890296,8.0
8,2.8692622863430994,1.8688823814432642,8.0
8,2.89901471396076,1.803670876120664,8.0
8,2.9389013828885866,1.7436528168472845,8.0
8,2.9784425325061226,1.681038392791117,8.0
8,3.0227477166164154,1.6288178200182144,8.0
8,3.0722952731025766,1.5846447238656602,8.0
8,3.1188825290608357,1.5415434387134086,8.0
8,3.172814046579255,1.5123523384325126,8.0
8,3.226323515702292,1.49408334358347,8.0
8,3.2791407640850334,1.4814723576719384,8.0
8,3.3354438586860913,1.4819000739907189,8.0
8,3.3925762142674403,1.4901923502296568,8.0
8,3.447685476814103,1.5045833137716422,8.0
8,3.507554315396812,1.5303072531994393,8.0
8,3.5662576015303014,1.559630679778195,8.0
8,3.624215520482894,1.5992150893182369,8.0
8,3.6840656317402165,1.640534461432444,8.0
8,3.7432477539849875,1.6880378688579616,8.0
8,3.8005593220785014,1.7401844352867823,8.0
8,3.8597045165426764,1.796199284379953,8.0
8,3.9190113352879483,1.8558447718653737,8.0
8,3.9735472556055247,1.9159308716785088,8.0
8,4.03018267619357,1.9755954778141178,8.0
8,4.086751993795365,2.0348303283859606,8.0
8,4.1439277330152855,2.098997165109821,8.0
8,4.194999864433948,2.1616428709378535,8.0
8,4.247523446476327,2.2221582123730292,8.0
8,4.297599201327252,2.280435636746805,8.0
8,4.348789693796563,2.340888050963848,8.0
8,4.397011554520172,2.397966750957436,8.0
8,4.447890626735926,2.4582688111890527,8.0
8,4.493261673848521,2.515703084071378,8.0
8,4.537796809701407,2.5729777259741557,8.0
8,4.584876431677056,2.627962018447258,8.0
8,4.630328131424451,2.6845218901041297,8.0
8,4.674195845541851,2.7395467880203475,8.0
8,4.71595083219636,2.7936737655988453,8.0
8,4.75741576424406,2.8469659697344003,8.0
8,4.7978952987892765,2.899762866905106,8.0
8,4.838120177998456,2.9548990056563347,8.0
8,4.87629035937791,3.0091377035190003,8.0
8,4.91641401487362,3.0612281293634336,8.0
8,4.954493130452277,3.112288729014314,8.0
8,4.99112669303519,3.1655066496235675,8.0
8,5.027971780542886,3.217078811323363,8.0
8,5.066252216055566,3.2705064093970146,8.0
8,5.100630857011869,3.322586939541349,8.0
8,5.1371661469045184,3.3752950354064013,8.0
8,5.172829203800991,3.426054065218961,8.0
8,5.207115118585799,3.476843359575995,8.0
8,5.241275777220382,3.5292365432855815,8.0
8,5.27478707898332,3.5811201213937793,8.0
8,5.304828277919508,3.63216609879263,8.0
8,5.338678039930254,3.684357992908517,8.0
8,5.37218934169319,3.736241571016714,8.0
8,5.404371343502485,3.786928828850353,8.0
8,5.436429656065191,3.844177610058154,8.0
8,5.46943318708022,3.897552302126512,8.0
8,5.4975162876412815,3.9488956991076707,8.0
8,5.5300768243010205,4.0029167995705555,8.0
8,5.563168019782182,4.056863577884455,8.0
8,5.58987550150245,4.112147956855986,8.0
8,5.621306642792637,4.170313885324342,8.0
8,5.653801598146298,4.223785093804186,8.0
8,5.685344211271281,4.2811255402312804,8.0
8,5.71274938519695,4.339968404252113,8.0
8,5.743885815395373,4.397928280823754,8.0
8,5.77439857951614,4.456302328804991,8.0
8,5.805423537879769,4.515087687417894,8.0
8,5.834200004480711,4.57586215436569,8.0
8,5.862775181487954,4.63694751793733,8.0
8,5.894214428443952,4.69953154639489,8.0
8,5.924271198346384,4.7616289699741206,8.0
8,5.95733392364685,4.827171130704528,8.0
8,5.984709135637883,4.890104421561182,8.0
8,6.013120535576224,4.9577473158376435,8.0
8,6.047107069406858,5.025241873853243,8.0
8,6.074733706857468,5.094103714064786,8.0
8,6.107544120976755,5.165732645076798,8.0
8,6.141047026907192,5.2359551686406105,8.0
8,6.172247173039167,5.310038368093326,8.0
8,6.202543795358861,5.382040840011882,8.0
8,6.23502232149378,5.457549429833334,8.0
8,6.264373964452735,5.5343044508274835,8.0
8,6.294439352588354,5.609369463926595,8.0
8,6.323121380555308,5.687534203018177,8.0
8,6.354367851828233,5.765987803208505,8.0
8,6.382746197466677,5.8439405251908685,8.0
8,6.406870934410647,5.9198557707919965,8.0
8,6.428476512745852,5.998576479597342,8.0
8,6.4435859558766815,6.071897327435897,8.0
8,6.45879711577718,6.139898439901942,8.0
8,6.4689689344537475,6.2125973642318435,8.0
8,6.470303542391187,6.278679784578926,8.0
8,6.4660707130870225,6.344998007093665,8.0
8,6.457362071115953,6.404231387040219,8.0
8,6.441750357448921,6.457386074197016,8.0
8,6.415131210928443,6.508936324403647,8.0
8,6.3839192696105105,6.553603601385152,8.0
8,6.3445609626070585,6.59589488801122,8.0
9,5.593759265162664,7.081472572921822,9.0
9,5.541152098799708,7.090112171725721,9.0
9,5.4788606526005506,7.092588641575737,9.0
9,5.414371450634583,7.089185365399793,9.0
9,5.346854719664516,7.072822737230704,9.0
9,5.27577838278954,7.0554159576999345,9.0
9,5.20578787012875,7.028819393475278,9.0
9,5.135596027553037,7.0032169529299715,9.0
9,5.068514126476172,6.966248772439344,9.0
9,5.002260132788355,6.933696648275772,9.0
9,4.939239476780173,6.894749439816465,9.0
9,4.881955836004532,6.853636455100041,9.0
9,4.829220439396559,6.808758350421702,9.0
9,4.77604660467841,6.762832444950511,9.0
9,4.7253314157422555,6.719956810035692,9.0
9,4.675805809640312,6.669242329038251,9.0
9,4.631249133914703,6.61823610864659,9.0
9,4.586296262548739,6.573147896955323,9.0
9,4.5409514088020435,6.519392528610025,9.0
9,4.502601661237348,6.467521110665695,9.0
9,4.459541691879612,6.414850305499884,9.0
9,4.420653452442029,6.361057979345494,9.0
9,4.383275548626501,6.310304709886958,9.0
9,4.33966914298041,6.255165354604108,9.0
9,4.304029687265487,6.20302809820802,9.0
9,4.262879498423353,6.146952704453515,9.0
9,4.224758461942026,6.092963681921681,9.0
9,4.183318032003148,6.042276188243399,9.0
9,4.144429792565566,5.988483862089011,9.0
9,4.101541155622827,5.933792455272055,9.0
9,4.064456182956977,5.8831870462640845,9.0
9,4.018554376397686,5.829920038202485,9.0
9,3.9810501238976532,5.777866160148703,9.0
9,3.939585597239752,5.724748972457245,9.0
9,3.8945213413296536,5.670751862379211,9.0
9,3.855076149079474,5.617447896508525,9.0
9,3.8155949339091007,5.5627111693982085,9.0
9,3.7733872745853994,5.506358228633458,9.0
9,3.736163619921963,5.454062608846941,9.0
9,3.694699093264062,5.400945421155484,9.0
9,3.658010254613773,5.34158739832038,9.0
9,3.615245642477475,5.2857228178393285,9.0
9,3.576726291233258,5.230521765539541,9.0
9,3.537812399362707,5.172502684286698,9.0
9,3.5047232899646152,5.114024583838171,9.0
9,3.4678778782841713,5.053735129071708,9.0
9,3.4360164712639922,4.997502995283481,9.0
9,3.402464827036698,4.935547400028928,9.0
9,3.3764621909776475,4.874171666142809,9.0
9,3.3443349455057114,4.8152292405048085,9.0
9,3.3197051548265826,4.750381282610225,9.0
9,3.2935459457373746,4.688074116792747,9.0
9,3.2748825199919214,4.62544471796145,9.0
9,3.2522119440812967,4.556547526634833,9.0
9,3.2396538986448995,4.493217366875118,9.0
9,3.224959090345008,4.430059164284996,9.0
9,3.213246683104007,4.359055683080079,9.0
9,3.2050425392266937,4.294010546905396,9.0
9,3.197846741433554,4.22674387314397,9.0
9,3.193664113256966,4.158052800627186,9.0
9,3.189591287482,4.09061142194798,9.0
9,3.1886020406413245,4.024046844001158,9.0
9,3.1864384584019394,3.953730042814093,9.0
9,3.1882354604547194,3.885343039819544,9.0
9,3.187526811450642,3.8185367201399907,9.0
9,3.1917473182651737,3.750089885976743,9.0
9,3.1965574899345084,3.6802784842268377,9.0
9,3.1986665814129625,3.611638673429897,9.0
9,3.2047934147343757,3.5449691434711204,9.0
9,3.2083288648877613,3.475198153539022,9.0
9,3.214391478142862,3.406263158542175,9.0
9,3.2217291491979854,3.340006165751107,9.0
9,3.225435788635635,3.275705435503615,9.0
9,3.2326419143389744,3.208586401365001,9.0
9,3.239432275841649,3.1376716105141433,9.0
9,3.2477806467498045,3.072010426639536,9.0
9,3.2534060891381507,3.0023857414440633,9.0
9,3.259774664192296,2.935996809321883,9.0
9,3.268450234006283,2.871404339680166,9.0
9,3.2731507086527634,2.805865988856546,9.0
9,3.2749254307753617,2.738395804432864,9.0
9,3.2802797903429566,2.6737583510606546,9.0
9,3.2861858305679004,2.603891924132448,9.0
9,3.290659672961806,2.5393944975075113,9.0
9,3.2925887197244657,2.4755611432758458,9.0
9,3.2982141621128123,2.4059364580803724,9.0
9,3.30457922153344,2.3418948136246236,9.0
9,3.3096088550053255,2.273280828282182,9.0
9,3.321252549080577,2.2077505650047637,9.0
9,3.331932653956426,2.1425162837033773,9.0
9,3.3439758545500213,2.0733769802681485,9.0
9,3.35933722945009,2.0058677189128464,9.0
9,3.378591553222556,1.940825190885742,9.0
9,3.3969490899642434,1.8775489626182453,9.0
9,3.422801526792049,1.809051848340953,9.0
9,3.4491129828155374,1.7463795165361191,9.0
9,3.4786682794585233,1.6760208326367148,9.0
9,3.5052164943352104,1.6379339200821488,9.0
9,3.527819463779658,1.5992229408413123,9.0
9,3.558272906246966,1.5496154276805896,9.0
9,3.59654832233023,1.4859101787377484,9.0
9,3.643987670244589,1.4237115329299812,9.0
9,3.693977252949006,1.3739467778918344,9.0
9,3.743764344003882,1.3215479480992343,9.0
9,3.7953045310174276,1.2835878326086376,9.0
9,3.8494582379984497,1.255303219856246,9.0
9,3.8993117205338885,1.2280938154937202,9.0
9,3.953456005082521,1.2190643534316206,9.0
9,4.004018852492803,1.222677107994836,9.0
9,4.050604706440803,1.2323229352545926,9.0
9,4.097463695712585,1.256837822720198,9.0
9,4.145861285032499,1.2881669389694779,9.0
9,4.1869435911985375,1.3248081320489502,9.0
9,4.2342524657041345,1.375841903168358,9.0
9,4.276914120298981,1.4273006785662121,9.0
9,4.316334039533691,1.491231269133731,9.0
9,4.358264257225915,1.554164425143911,9.0
9,4.39766070477499,1.6238329042080657,9.0
9,4.43402389090031,1.696878590692472,9.0
9,4.471860311707866,1.7739975808993675,9.0
9,4.50806910555036,1.8560764790475053,9.0
9,4.5414682464565255,1.9330456488842593,9.0
9,4.576102964304254,2.0090577959814815,9.0
9,4.61120169720716,2.085165318450017,9.0
9,4.646102253506644,2.163887757397012,9.0
9,4.676226785235653,2.242122399468897,9.0
9,4.707920929549861,2.31632014142183,9.0
9,4.737048429903896,2.386046863494203,9.0
9,4.765797997130447,2.4606236911061967,9.0
9,4.793344814169489,2.5278447621217097,9.0
9,4.824028258630666,2.6014466951581827,9.0
9,4.8510718943763695,2.668228241816871,9.0
9,4.87680931701705,2.7350612663630285,9.0
9,4.905083882303664,2.8003025415245304,9.0
9,4.931378257756941,2.8666472057869847,9.0
9,4.9562482344548595,2.9299787004328857,9.0
9,4.980231824576708,2.9929801629892876,9.0
9,5.003717814337076,3.0545732095345848,9.0
9,5.026277005703566,3.1145615024744324,9.0
9,5.048925444814741,3.176884651036163,9.0
9,5.069019396942179,3.2397283488069544,9.0
9,5.090642549837013,3.297260424942843,9.0
9,5.111817754265955,3.355510269782086,9.0
9,5.131874810209102,3.4147319583704974,9.0
9,5.152808272905308,3.472701205373143,9.0
9,5.17387602870149,3.5325187028780163,9.0
9,5.190598843748883,3.5892972053118344,9.0
9,5.210936497528628,3.648277152167512,9.0
9,5.230164963632881,3.7034749712863357,9.0
9,5.248680192364901,3.759668669248558,9.0
9,5.265644749145026,3.816727769518975,9.0
9,5.284076076417892,3.873930412170183,9.0
9,5.298698356277515,3.9276573768042033,9.0
9,5.315662913057641,3.984716477074622,9.0
9,5.334094240330506,4.041919119725829,9.0
9,5.35090447247057,4.0953413898042275,9.0
9,5.36647568752352,4.157247150808586,9.0
9,5.381853433362025,4.214599470699204,9.0
9,5.39387313005627,4.268517860913106,9.0
9,5.410694432926123,4.328482682167317,9.0
9,5.428247797731987,4.385140705319012,9.0
9,5.4378411729158405,4.444226765921262,9.0
9,5.453131790132193,4.506374268658351,9.0
9,5.468509535970699,4.563726588548969,9.0
9,5.484080751023651,4.625632349553326,9.0
9,5.4941366610367055,4.688195904961602,9.0
9,5.509707876089656,4.750101665965959,9.0
9,5.522886221140868,4.813019682537292,9.0
9,5.538176838357219,4.87516718527438,9.0
9,5.549616735307826,4.939469188783264,9.0
9,5.561056632258431,5.003771192292146,9.0
9,5.5764312264219065,5.070088930860241,9.0
9,5.58929552212787,5.137404103985677,9.0
9,5.605124488086377,5.208963376268578,9.0
9,5.614058733980122,5.274846063092454,9.0
9,5.6259277142512785,5.346780976228732,9.0
9,5.642206184389623,5.41941954089356,9.0
9,5.652126466416517,5.492446777061132,9.0
9,5.6675339343970155,5.569970858563764,9.0
9,5.682399076509794,5.646138804787848,9.0
9,5.6950202955968345,5.725485311338208,9.0
9,5.709613760101747,5.803180786880635,9.0
9,5.72361896612634,5.884265741531596,9.0
9,5.733796999058789,5.966946488977711,9.0
9,5.74726879944439,6.047961095935737,9.0
9,5.759904210915415,6.133334003344,9.0
9,5.7733679237548134,6.221291829730794,9.0
9,5.786003335225836,6.306664737139057,9.0
9,5.794130232027192,6.388676840279217,9.0
9,5.801454719199597,6.474529147160886,9.0
9,5.802238553490971,6.553413570893898,9.0
9,5.808058118969619,6.62690057953484,9.0
9,5.806544198578929,6.704840003985897,9.0
9,5.7987348826734575,6.773744855458471,9.0
9,5.783449464817074,6.839697530217801,9.0
9,5.769307392405364,6.899108815944771,9.0
9,5.749351852230397,6.948249663281171,9.0
9,5.71755632872242,6.994570836644032,9.0
9,5.68469438325566,7.032409117685754,9.0
9,5.643024564705749,7.062831828187829,9.0
10,4.790747582520942,7.304696353374958,10.0
10,4.741857936328818,7.300293928464797,10.0
10,4.6855926002860135,7.284452474669565,10.0
10,4.62668498808533,7.262208218089364,10.0
10,4.570003442993925,7.22589597490893,10.0
10,4.508336892714637,7.188901705832189,10.0
10,4.449656646007288,7.139602675322008,10.0
10,4.391240194977822,7.093679879176468,10.0
10,4.339710421814577,7.036066177042192,10.0
10,4.285333961846825,6.983683006574447,10.0
10,4.236655058811983,6.928020464048836,10.0
10,4.195326398552548,6.869207425304595,10.0
10,4.159121529067807,6.810161884163817,10.0
10,4.122514491943888,6.749294759370522,10.0
10,4.087485739113361,6.694828230045678,10.0
10,4.056403535379567,6.631176217774927,10.0
10,4.029418894244725,6.567746098401565,10.0
10,4.0006545722378695,6.51219194363097,10.0
10,3.973424818249892,6.447237285768687,10.0
10,3.955449110785401,6.388211641174459,10.0
10,3.9298281276206692,6.324202804886365,10.0
10,3.909544436530167,6.262566809851479,10.0
10,3.8917296095844884,6.203874769318852,10.0
10,3.865863513566622,6.1383413945418335,10.0
10,3.8494123445910535,6.079070637094473,10.0
10,3.827952536846338,6.012855630243655,10.0
10,3.8094904294083483,5.950817467569593,10.0
10,3.784850330797526,5.8899938729041175,10.0
10,3.764566639707023,5.828357877869232,10.0
10,3.741743173992198,5.762721587933147,10.0
10,3.7210465972622915,5.704466066621185,10.0
10,3.6934832392127173,5.639672289277713,10.0
10,3.6737782650369484,5.579399952212938,10.0
10,3.648893053572992,5.517051819058541,10.0
10,3.621663299585017,5.452097161196255,10.0
10,3.6010460044329156,5.390622046680184,10.0
10,3.5793460345915813,5.3272930289718765,10.0
10,3.5538135426353126,5.261598773676045,10.0
10,3.5341085684595415,5.2013264366112715,10.0
10,3.5092233569955855,5.1389783034568755,10.0
10,3.4916159989966875,5.071460651014517,10.0
10,3.465749902978821,5.0059272762374984,10.0
10,3.4442451652377883,4.943992028722507,10.0
10,3.423452565616269,4.8774552608340604,10.0
10,3.4081897501413905,4.8125441330995935,10.0
10,3.387539761839452,4.745129395816306,10.0
10,3.372717291318009,4.683136576764076,10.0
10,3.3568071953508176,4.614879326888174,10.0
10,3.3499639984137217,4.548317525549965,10.0
10,3.3348964150391462,4.484800168008812,10.0
10,3.328853827914166,4.415504462041762,10.0
10,3.318968000674028,4.349045575862623,10.0
10,3.319002303056823,4.283819973180492,10.0
10,3.3158998447013306,4.212018844170609,10.0
10,3.3214639312307686,4.148418881642454,10.0
10,3.3226217294870546,4.085500551188103,10.0
10,3.331435915266314,4.012972061591152,10.0
10,3.3406797279987828,3.948563938051873,10.0
10,3.351126318182549,3.883243493536264,10.0
10,3.3663128007010643,3.8170805364280396,10.0
10,3.380630109829881,3.7516690197773332,10.0
10,3.396889793843539,3.6870424441820018,10.0
10,3.4134399343321635,3.620300770159047,10.0
10,3.4328848599684423,3.5546933100098057,10.0
10,3.4491445439821002,3.4900667344144756,10.0
10,3.4705161757464817,3.4260357450646124,10.0
10,3.49470099371751,3.359585772322758,10.0
10,3.5126579397628745,3.294219599293883,10.0
10,3.534608288441988,3.2315522679141298,10.0
10,3.555416872048376,3.1653660908501564,10.0
10,3.5797625705382177,3.0992497221698994,10.0
10,3.602464359674847,3.037451564179843,10.0
10,3.621091094770042,2.9773197680661294,10.0
10,3.6433750475107525,2.914491556167561,10.0
10,3.668923523451891,2.847462866510975,10.0
10,3.691786193107334,2.7859983125825165,10.0
10,3.713089261294132,2.7199848590613294,10.0
10,3.735039609973245,2.6573175276815757,10.0
10,3.7577639076673917,2.597407624465246,10.0
10,3.776862618785481,2.5355602971205906,10.0
10,3.793092190575933,2.4705502367108307,10.0
10,3.812608738089941,2.4097329632746862,10.0
10,3.83391180627674,2.343719509753499,10.0
10,3.854360125024449,2.283185546000606,10.0
10,3.8687189438077882,2.2221807312485637,10.0
10,3.890022011994588,2.1561672777273766,10.0
10,3.9096994400274094,2.09568360835283,10.0
10,3.9306689041526104,2.0298310353504556,10.0
10,3.9585352618206864,1.9709002031940237,10.0
10,3.981892416056539,1.90960837280835,10.0
10,4.0101415471408135,1.8469135821145652,10.0
10,4.041090231272439,1.7839592351011802,10.0
10,4.074405966485603,1.7254996675694105,10.0
10,4.105426272494959,1.6673355072691218,10.0
10,4.14700074572709,1.6068916620720128,10.0
10,4.186949578805242,1.5519776010215458,10.0
10,4.233161029213054,1.4876486129287798,10.0
10,4.259892345160723,1.4639694787008177,10.0
10,4.292507308167443,1.4284366071280412,10.0
10,4.338124112860558,1.3833550361722042,10.0
10,4.391781061502769,1.3269279620810592,10.0
10,4.453031353534765,1.2771656729587515,10.0
10,4.511653410818305,1.2396497867841654,10.0
10,4.570726805095624,1.2003524062435509,10.0
10,4.627102156240768,1.1768385435341107,10.0
10,4.682855260343364,1.1639279613676576,10.0
10,4.7333739875308,1.1516871682510361,10.0
10,4.783891087370914,1.1588871106111007,10.0
10,4.827049533321911,1.179493490190847,10.0
10,4.863263729869451,1.2051085085397388,10.0
10,4.896251047122917,1.2452741550453035,10.0
10,4.9308505866257475,1.2922604407317553,10.0
10,4.954767564007784,1.341844072579765,10.0
10,4.983797495186537,1.4091017633115475,10.0
10,5.006375848048228,1.4732135147587142,10.0
10,5.022625600929313,1.5503138670296388,10.0
10,5.042723564197933,1.6254348923917399,10.0
10,5.058417820120035,1.7067936877804293,10.0
10,5.070314616906924,1.7905812580274598,10.0
10,5.083019574704941,1.8780485544775232,10.0
10,5.09182715276082,1.9710982558549497,10.0
10,5.101853963973217,2.056119908115937,10.0
10,5.112352751208508,2.139426029145982,10.0
10,5.123743220391016,2.2238689644922367,10.0
10,5.134487120479439,2.3086996240112043,10.0
10,5.141167809550404,2.3943685567645048,10.0
10,5.1503521081701855,2.4746503166907416,10.0
10,5.158115177282621,2.5488285263121218,10.0
10,5.162732307110438,2.629458314250562,10.0
10,5.169514491668962,2.7004512822493187,10.0
10,5.178537909769932,2.7803994381139594,10.0
10,5.186713864521771,2.8511971740124147,10.0
10,5.193001564499884,2.9220174184683883,10.0
10,5.200986526509705,2.9920980654908154,10.0
10,5.207607830549416,3.0627574294279745,10.0
10,5.213386621996514,3.1286769010303854,10.0
10,5.2188661609635005,3.1958174192833266,10.0
10,5.224066235495865,3.2603732329156285,10.0
10,5.228703261870237,3.322773858833819,10.0
10,5.233569732341003,3.387490552984934,10.0
10,5.235285312770638,3.4542482978216764,10.0
10,5.239240707071208,3.5122426354667153,10.0
10,5.243299016530849,3.573279603414797,10.0
10,5.247023721928891,3.6344774518816934,10.0
10,5.251082031388531,3.6955144198297756,10.0
10,5.254967617305387,3.75704587235827,10.0
10,5.254998172549791,3.8143238325255124,10.0
10,5.258722877947833,3.8755216809924087,10.0
10,5.26193867481486,3.931818756605739,10.0
10,5.264682495658992,3.989831363450016,10.0
10,5.264713050903395,4.04710932361726,10.0
10,5.267859039386706,4.106943514114045,10.0
10,5.2682358091493,4.160461341476704,10.0
10,5.268266364393704,4.217739301643949,10.0
10,5.2714123528770145,4.277573492140734,10.0
10,5.273313661128532,4.330846206650258,10.0
10,5.272489466933844,4.393603656585796,10.0
10,5.270631767404521,4.450904125310558,10.0
10,5.267739063210175,4.504211902799803,10.0
10,5.2681176464667825,4.56605703175901,10.0
10,5.270666235210612,4.622675868409971,10.0
10,5.2635425472125315,4.681726931345393,10.0
10,5.262718353017843,4.74448438128093,10.0
10,5.260860653488522,4.801784850005691,10.0
10,5.260036459293835,4.864542299941229,10.0
10,5.2535600517880665,4.926939485018087,10.0
10,5.252735857593379,4.989696934953626,10.0
10,5.248201824972452,5.052879061085859,10.0
10,5.2473776307777635,5.115636511021396,10.0
10,5.2414799401867285,5.179397354068364,10.0
10,5.235582249595693,5.24315819711533,10.0
10,5.234375281984808,5.3096796055882205,10.0
10,5.229320103986389,5.378180340969937,10.0
10,5.22582452745661,5.451229975944383,10.0
10,5.2167415952429534,5.515971703545258,10.0
10,5.210970039766736,5.588397277983139,10.0
10,5.207635343755773,5.661780517019185,10.0
10,5.199012150718532,5.735026095492164,10.0
10,5.194822705268475,5.8138888242965026,10.0
10,5.189122771669988,5.89110458544748,10.0
10,5.181748084597309,5.970948198805729,10.0
10,5.177799926267618,6.051298907200982,10.0
10,5.171003956109673,6.13250617852934,10.0
10,5.159709380737343,6.216043942041226,10.0
10,5.153154697699762,6.2987391929605,10.0
10,5.146078869284689,6.386753053129253,10.0
10,5.1366076910588845,6.478215950598509,10.0
10,5.12953186264381,6.566229810767265,10.0
10,5.11774280269107,6.649594850736367,10.0
10,5.105271716842022,6.737944895893353,10.0
10,5.087546879370692,6.817826153157956,10.0
10,5.078198512850514,6.894102518910007,10.0
10,5.059818310279961,6.973477448570225,10.0
10,5.038457276733417,7.042199928332858,10.0
10,5.009169295735489,7.104418503645467,10.0
10,4.985084387090063,7.1631849833574215,10.0
10,4.957754851790763,7.207922778807149,10.0
10,4.918852994418536,7.248024996949695,10.0
10,4.882166486155363,7.279261285867445,10.0
10,4.8384378921031015,7.298897665381306,10.0
